year,topic_id,count,total,pct,topic_label
2015,0,1865,3839,48.58035946861162,"data, model, learning, models, training, based, performance"
2015,1,784,3839,20.42198489189893,"models, language, model, llms, based, data, large"
2015,2,590,3839,15.368585569158636,"learning, policy, based, algorithm, model, reinforcement, reinforcement learning"
2015,3,263,3839,6.850742380828341,"code, models, language, llms, reasoning, knowledge, model"
2015,4,82,3839,2.135972909611878,"data, model, learning, models, time, based, forecasting"
2015,5,31,3839,0.8075019536337589,"quantum, classical, learning, machine, quantum machine, machine learning, neural"
2015,6,60,3839,1.5629070070330815,"ai, human, systems, intelligence, agents, artificial, research"
2015,7,148,3839,3.855170617348268,"fuzzy, based, decision, paper, data, set, proposed"
2015,8,16,3839,0.41677520187548844,"privacy, data, learning, federated, fl, model, federated learning"
2016,0,2676,6085,43.97699260476582,"data, model, learning, models, training, based, performance"
2016,1,1644,6085,27.017255546425638,"models, language, model, llms, based, data, large"
2016,2,991,6085,16.28594905505341,"learning, policy, based, algorithm, model, reinforcement, reinforcement learning"
2016,3,348,6085,5.7189811010682,"code, models, language, llms, reasoning, knowledge, model"
2016,4,120,6085,1.9720624486442069,"data, model, learning, models, time, based, forecasting"
2016,5,34,6085,0.5587510271158587,"quantum, classical, learning, machine, quantum machine, machine learning, neural"
2016,6,103,6085,1.6926869350862777,"ai, human, systems, intelligence, agents, artificial, research"
2016,7,141,6085,2.3171733771569434,"fuzzy, based, decision, paper, data, set, proposed"
2016,8,28,6085,0.4601479046836483,"privacy, data, learning, federated, fl, model, federated learning"
2017,0,4098,8826,46.430999320190345,"data, model, learning, models, training, based, performance"
2017,1,2229,8826,25.254928619986405,"models, language, model, llms, based, data, large"
2017,2,1508,8826,17.085882619533198,"learning, policy, based, algorithm, model, reinforcement, reinforcement learning"
2017,3,412,8826,4.668026285973261,"code, models, language, llms, reasoning, knowledge, model"
2017,4,169,8826,1.9147971901200995,"data, model, learning, models, time, based, forecasting"
2017,5,63,8826,0.7138001359619306,"quantum, classical, learning, machine, quantum machine, machine learning, neural"
2017,6,147,8826,1.665533650577838,"ai, human, systems, intelligence, agents, artificial, research"
2017,7,171,8826,1.9374575118966688,"fuzzy, based, decision, paper, data, set, proposed"
2017,8,29,8826,0.3285746657602538,"privacy, data, learning, federated, fl, model, federated learning"
2018,0,7723,15381,50.211299655419026,"data, model, learning, models, training, based, performance"
2018,1,3560,15381,23.14543917820688,"models, language, model, llms, based, data, large"
2018,2,2597,15381,16.884467849944738,"learning, policy, based, algorithm, model, reinforcement, reinforcement learning"
2018,3,570,15381,3.705870879656719,"code, models, language, llms, reasoning, knowledge, model"
2018,4,349,15381,2.26903322280736,"data, model, learning, models, time, based, forecasting"
2018,5,121,15381,0.7866848709446719,"quantum, classical, learning, machine, quantum machine, machine learning, neural"
2018,6,239,15381,1.5538651583122034,"ai, human, systems, intelligence, agents, artificial, research"
2018,7,158,15381,1.0272414017294065,"fuzzy, based, decision, paper, data, set, proposed"
2018,8,64,15381,0.416097782979,"privacy, data, learning, federated, fl, model, federated learning"
2019,0,12862,24543,52.40598133887463,"data, model, learning, models, training, based, performance"
2019,1,5125,24543,20.88171780140977,"models, language, model, llms, based, data, large"
2019,2,4247,24543,17.304323024895083,"learning, policy, based, algorithm, model, reinforcement, reinforcement learning"
2019,3,804,24543,3.2758831438699425,"code, models, language, llms, reasoning, knowledge, model"
2019,4,604,24543,2.460986839424683,"data, model, learning, models, time, based, forecasting"
2019,5,199,24543,0.8108218229230332,"quantum, classical, learning, machine, quantum machine, machine learning, neural"
2019,6,321,24543,1.3079085686346412,"ai, human, systems, intelligence, agents, artificial, research"
2019,7,216,24543,0.88008800880088,"fuzzy, based, decision, paper, data, set, proposed"
2019,8,165,24543,0.672289451167339,"privacy, data, learning, federated, fl, model, federated learning"
2020,0,17950,33564,53.47991896079133,"data, model, learning, models, training, based, performance"
2020,1,6676,33564,19.8903587176737,"models, language, model, llms, based, data, large"
2020,2,5716,33564,17.030151352639734,"learning, policy, based, algorithm, model, reinforcement, reinforcement learning"
2020,3,1045,33564,3.1134548921463474,"code, models, language, llms, reasoning, knowledge, model"
2020,4,877,33564,2.6129186032654035,"data, model, learning, models, time, based, forecasting"
2020,5,302,33564,0.8997735669169348,"quantum, classical, learning, machine, quantum machine, machine learning, neural"
2020,6,436,33564,1.2990108449529258,"ai, human, systems, intelligence, agents, artificial, research"
2020,7,286,33564,0.8521034441663686,"fuzzy, based, decision, paper, data, set, proposed"
2020,8,276,33564,0.8223096174472649,"privacy, data, learning, federated, fl, model, federated learning"
2021,0,19641,37153,52.86517912416224,"data, model, learning, models, training, based, performance"
2021,1,7525,37153,20.254084461550885,"models, language, model, llms, based, data, large"
2021,2,6184,37153,16.64468548973165,"learning, policy, based, algorithm, model, reinforcement, reinforcement learning"
2021,3,1160,37153,3.1222243156676446,"code, models, language, llms, reasoning, knowledge, model"
2021,4,1124,37153,3.0253276989745106,"data, model, learning, models, time, based, forecasting"
2021,5,383,37153,1.030872338707507,"quantum, classical, learning, machine, quantum machine, machine learning, neural"
2021,6,569,37153,1.531504858288698,"ai, human, systems, intelligence, agents, artificial, research"
2021,7,246,37153,0.6621268807364143,"fuzzy, based, decision, paper, data, set, proposed"
2021,8,321,37153,0.863994832180443,"privacy, data, learning, federated, fl, model, federated learning"
2022,0,21709,40534,53.55750727784082,"data, model, learning, models, training, based, performance"
2022,1,7861,40534,19.393595500074014,"models, language, model, llms, based, data, large"
2022,2,6701,40534,16.53180046380816,"learning, policy, based, algorithm, model, reinforcement, reinforcement learning"
2022,3,1285,40534,3.170178122070361,"code, models, language, llms, reasoning, knowledge, model"
2022,4,1212,40534,2.990082399960527,"data, model, learning, models, time, based, forecasting"
2022,5,484,40534,1.194059308235062,"quantum, classical, learning, machine, quantum machine, machine learning, neural"
2022,6,666,40534,1.6430650811664282,"ai, human, systems, intelligence, agents, artificial, research"
2022,7,248,40534,0.6118320422361474,"fuzzy, based, decision, paper, data, set, proposed"
2022,8,368,40534,0.9078798046084768,"privacy, data, learning, federated, fl, model, federated learning"
2023,0,25925,51031,50.802453410671944,"data, model, learning, models, training, based, performance"
2023,1,11667,51031,22.862573729693718,"models, language, model, llms, based, data, large"
2023,2,7552,51031,14.798847759205188,"learning, policy, based, algorithm, model, reinforcement, reinforcement learning"
2023,3,1965,51031,3.8506006153122616,"code, models, language, llms, reasoning, knowledge, model"
2023,4,1496,51031,2.931551409927299,"data, model, learning, models, time, based, forecasting"
2023,5,608,51031,1.1914326585800787,"quantum, classical, learning, machine, quantum machine, machine learning, neural"
2023,6,1082,51031,2.1202798299073113,"ai, human, systems, intelligence, agents, artificial, research"
2023,7,233,51031,0.4565852129097999,"fuzzy, based, decision, paper, data, set, proposed"
2023,8,503,51031,0.9856753737924008,"privacy, data, learning, federated, fl, model, federated learning"
2024,-1,1,67315,0.0014855529971031715,-1 (outliers)
2024,0,32884,67315,48.850924756740696,"data, model, learning, models, training, based, performance"
2024,1,17615,67315,26.16801604397237,"models, language, model, llms, based, data, large"
2024,2,8844,67315,13.13823070638045,"learning, policy, based, algorithm, model, reinforcement, reinforcement learning"
2024,3,3016,67315,4.480427839263166,"code, models, language, llms, reasoning, knowledge, model"
2024,4,1814,67315,2.694793136745153,"data, model, learning, models, time, based, forecasting"
2024,5,718,67315,1.0666270519200773,"quantum, classical, learning, machine, quantum machine, machine learning, neural"
2024,6,1635,67315,2.4288791502636857,"ai, human, systems, intelligence, agents, artificial, research"
2024,7,240,67315,0.35653271930476116,"fuzzy, based, decision, paper, data, set, proposed"
2024,8,548,67315,0.814083042412538,"privacy, data, learning, federated, fl, model, federated learning"
2025,0,38562,84358,45.71232129732806,"data, model, learning, models, training, based, performance"
2025,1,23306,84358,27.627492354015033,"models, language, model, llms, based, data, large"
2025,2,10852,84358,12.864221532042011,"learning, policy, based, algorithm, model, reinforcement, reinforcement learning"
2025,3,4755,84358,5.6366912444581425,"code, models, language, llms, reasoning, knowledge, model"
2025,4,2229,84358,2.642310154342208,"data, model, learning, models, time, based, forecasting"
2025,5,1056,84358,1.2518077716399156,"quantum, classical, learning, machine, quantum machine, machine learning, neural"
2025,6,2697,84358,3.1970885985917166,"ai, human, systems, intelligence, agents, artificial, research"
2025,7,233,84358,0.27620379809857987,"fuzzy, based, decision, paper, data, set, proposed"
2025,8,668,84358,0.7918632494843406,"privacy, data, learning, federated, fl, model, federated learning"
2026,0,13033,30618,42.566464171402444,"data, model, learning, models, training, based, performance"
2026,1,8882,30618,29.009079626363576,"models, language, model, llms, based, data, large"
2026,2,4165,30618,13.603109282121629,"learning, policy, based, algorithm, model, reinforcement, reinforcement learning"
2026,3,2161,30618,7.0579397739891565,"code, models, language, llms, reasoning, knowledge, model"
2026,4,665,30618,2.1719250114311843,"data, model, learning, models, time, based, forecasting"
2026,5,388,30618,1.267228427722255,"quantum, classical, learning, machine, quantum machine, machine learning, neural"
2026,6,1075,30618,3.5110065974263507,"ai, human, systems, intelligence, agents, artificial, research"
2026,7,57,30618,0.1861650009798158,"fuzzy, based, decision, paper, data, set, proposed"
2026,8,192,30618,0.62708210856359,"privacy, data, learning, federated, fl, model, federated learning"
