feature,family,intervention_date,target_year,n_months,n_pre_months,n_target_year_months,pre_mean,target_year_observed_mean,target_year_counterfactual_mean,pre_sd,pre_slope_per_month,pre_slope_per_year,first_post_year_excess,first_post_year_excess_se,first_post_year_excess_ci_low,first_post_year_excess_ci_high,standardized_first_post_year_excess,standardized_first_post_year_excess_se,standardized_first_post_year_excess_ci_low,standardized_first_post_year_excess_ci_high,first_post_year_excess_p,r_squared,model,hac_lags,first_post_year_excess_q
emphasis_markers_total_per_1k_words,discourse_marker_totals,2022-11-30,2023,107,95,12,0.3870046361614607,0.5899447756590852,0.3800078636825167,0.09238176507105542,-0.00012135921892552406,-0.0014563106271062887,0.20993691197655318,0.04536172197172398,0.12102793691197418,0.2988458870411322,2.2724929732082977,0.4910246295557789,1.310084699278971,3.2349012471376244,3.691015517003882e-06,0.36095273702512065,pretrend_plus_first_post_year_indicator_wls_hac,6,1.845507758501941e-05
word_finding_per_1k_words,marker_words,2022-11-30,2023,107,95,12,0.37626961758509264,0.5191190379839978,0.3650566505092051,0.10659346263571141,-0.0002153325913178384,-0.002583991095814061,0.15406238747477705,0.03457631652406192,0.08629280708761568,0.22183196786193843,1.4453267927067264,0.3243755824147325,0.8095506511738505,2.081102934239602,8.361207492826555e-06,0.17394099438698885,pretrend_plus_first_post_year_indicator_wls_hac,6,0.00010033448991391867
marker_words_total_per_1k_words,marker_words,2022-11-30,2023,107,95,12,3.4340288855672965,4.863710073197616,3.776231423847045,0.3743605698685649,0.006332392969294545,0.07598871563153453,1.08747864935044,0.28393912891519235,0.530957956676663,1.643999342024217,2.904896340264268,0.7584643035853941,1.4183063052368956,4.39148637529164,0.00012815832516229804,0.6488016051280399,pretrend_plus_first_post_year_indicator_wls_hac,6,0.0006233020915364346
word_insight_per_1k_words,marker_words,2022-11-30,2023,107,95,12,0.33741987356675784,0.5469120508169378,0.4026467936708929,0.09519641708405843,0.0011738286826800473,0.014085944192160568,0.14426525714603441,0.038149295044819446,0.06949263885818831,0.21903787543388054,1.5154483914940644,0.40074297135714276,0.7299921676340645,2.300904615354064,0.00015582552288410866,0.4063390489563844,pretrend_plus_first_post_year_indicator_wls_hac,6,0.0006233020915364346
word_additionally_per_1k_words,marker_words,2022-11-30,2023,107,95,12,0.11658304716268185,0.2620924890754156,0.14101971453386197,0.05070062379631539,0.0004738361074051494,0.005686033288861792,0.12107277454155183,0.0327214381034934,0.05693875585870477,0.18520679322439887,2.3879937854009334,0.645385315868074,1.1230385662995084,3.652949004502358,0.0002155098182568735,0.4769707405770941,pretrend_plus_first_post_year_indicator_wls_hac,6,0.0006465294547706205
sequential_markers_total_per_1k_words,discourse_marker_totals,2022-11-30,2023,107,95,12,0.9289357162590073,1.34962032034966,1.0973749405683322,0.19213913369232036,0.003126005491307875,0.0375120658956945,0.252245379781296,0.07082845751074926,0.11342160306022747,0.39106915650236457,1.3128266737437573,0.36863108597215566,0.5903097452383321,2.035343602249182,0.0003689438881940517,0.4627944118461752,pretrend_plus_first_post_year_indicator_wls_hac,6,0.0009223597204851293
sequential_marker_additionally_per_1k_words,sequential_markers,2022-11-30,2023,107,95,12,0.11658304716268185,0.2620924890754156,0.14101971453386197,0.05070062379631539,0.0004738361074051494,0.005686033288861792,0.12107277454155183,0.0327214381034934,0.05693875585870477,0.18520679322439887,2.3879937854009334,0.645385315868074,1.1230385662995084,3.652949004502358,0.0002155098182568735,0.4769707405770941,pretrend_plus_first_post_year_indicator_wls_hac,6,0.0010775490912843676
verb_enhance_per_1k_words,verbs,2022-11-30,2023,107,95,12,0.2274698337572137,0.4895701759308442,0.2460907079138273,0.09067884676072566,0.00043311118377527345,0.005197334205303281,0.2434794680170123,0.06496095530530563,0.11615599561861328,0.37080294041541134,2.6850745980424935,0.7163848860662967,1.280960221352552,4.089188974732435,0.00017818674616410524,0.4854779956000431,pretrend_plus_first_post_year_indicator_wls_hac,6,0.0016036807154769471
certainty_ratio,other,2022-11-30,2023,107,95,12,0.001800822082650187,0.0024563103713988355,0.0020337469337406854,0.0002699831163548187,4.265191944242533e-06,5.1182303330910396e-05,0.0004225634376580818,0.00012641244621170965,0.00017479504308313086,0.0006703318322330327,1.5651476409463256,0.4682235241909542,0.6474295335320552,2.482865748360596,0.0008295677444863794,0.49235453153763953,pretrend_plus_first_post_year_indicator_wls_hac,6,0.0016591354889727587
word_particularly_per_1k_words,marker_words,2022-11-30,2023,107,95,12,0.18270284395727998,0.2773959612974766,0.18534110550100896,0.07428144980914692,2.2397702595077586e-05,0.00026877243114093103,0.0920548557964606,0.027355989019651153,0.03843711731794434,0.14567259427497686,1.2392711239882812,0.3682748396798601,0.5174524382157555,1.9610898097608072,0.0007652385864265607,0.16728125778648006,pretrend_plus_first_post_year_indicator_wls_hac,6,0.0017194627655361284
word_notably_per_1k_words,marker_words,2022-11-30,2023,107,95,12,0.0469526232912811,0.12881796234049497,0.06394549687615995,0.03683321872217616,0.00032366943458073805,0.0038840332149688564,0.06487246546433503,0.019464786266744177,0.026721484381516447,0.10302344654715362,1.7612488866002172,0.5284573801046886,0.7254724215950276,2.7970253516054067,0.0008597313827680642,0.3821608681372737,pretrend_plus_first_post_year_indicator_wls_hac,6,0.0017194627655361284
emphasis_marker_particularly_per_1k_words,emphasis_markers,2022-11-30,2023,107,95,12,0.18270284395727998,0.2773959612974766,0.18534110550100896,0.07428144980914692,2.2397702595077586e-05,0.00026877243114093103,0.0920548557964606,0.027355989019651153,0.03843711731794434,0.14567259427497686,1.2392711239882812,0.3682748396798601,0.5174524382157555,1.9610898097608072,0.0007652385864265607,0.16728125778648006,pretrend_plus_first_post_year_indicator_wls_hac,6,0.0021493284569201604
emphasis_marker_notably_per_1k_words,emphasis_markers,2022-11-30,2023,107,95,12,0.0469526232912811,0.12881796234049497,0.06394549687615995,0.03683321872217616,0.00032366943458073805,0.0038840332149688564,0.06487246546433503,0.019464786266744177,0.026721484381516447,0.10302344654715362,1.7612488866002172,0.5284573801046886,0.7254724215950276,2.7970253516054067,0.0008597313827680642,0.3821608681372737,pretrend_plus_first_post_year_indicator_wls_hac,6,0.0021493284569201604
avg_syllables_per_word,readability,2022-11-30,2023,107,95,12,1.9358091403014028,1.9656966330496253,1.9413435361481708,0.011506797616644235,0.00012331841269741094,0.0014798209523689313,0.024353096901358173,0.007088369564624585,0.010459892554693987,0.03824630124802236,2.1164095965442336,0.616015836966792,0.9090185560893214,3.323800636999146,0.0005911525848357373,0.4681535362521241,pretrend_plus_first_post_year_indicator_wls_hac,6,0.004138068093850161
causal_marker_thereby_per_1k_words,causal_markers,2022-11-30,2023,107,95,12,0.10164057903269176,0.14345185223781134,0.0901105005867217,0.05402026998822939,-0.00018831004758596326,-0.002259720571031559,0.053341351651085334,0.01618592724561964,0.021616934249670844,0.08506576905249982,0.9874321557946306,0.29962692243386474,0.4001633878242558,1.5747009237650056,0.0009823312875432864,0.08823868637102084,pretrend_plus_first_post_year_indicator_wls_hac,6,0.004911656437716432
dale_chall,readability,2022-11-30,2023,107,95,12,12.814060225665797,13.156823225763173,12.938652842481865,0.11183486028257464,0.002454201501316971,0.029450418015803653,0.21817038328066918,0.06845146114556606,0.0840055194353597,0.35233524712597863,1.950826269460302,0.6120762432448061,0.751156832700482,3.1504957062201218,0.0014364371329799216,0.6536349103926901,pretrend_plus_first_post_year_indicator_wls_hac,6,0.005027529965429726
verb_delve_per_1k_words,verbs,2022-11-30,2023,107,95,12,0.0015278329849879042,0.03291656099686723,0.0049154535112370034,0.004913857774757373,5.866624057352839e-05,0.0007039948868823407,0.028001107485630936,0.008920599039367918,0.010516733368469817,0.045485481602792054,5.698395999467754,1.815396262625526,2.140219324721724,9.256572674213785,0.0016956779462659962,0.4579596643250601,pretrend_plus_first_post_year_indicator_wls_hac,6,0.005115363080360916
verb_align_per_1k_words,verbs,2022-11-30,2023,107,95,12,0.07531463633145431,0.16519592214965906,0.08789472446686995,0.05648370830874459,0.0002626264378244927,0.0031515172538939124,0.0773011976827879,0.024821154586819983,0.02865173469262073,0.12595066067295507,1.3685574123471709,0.43943918220003386,0.5072566152351045,2.2298582094592376,0.001843648925250722,0.24551007183049922,pretrend_plus_first_post_year_indicator_wls_hac,6,0.005115363080360916
marker_verbs_total_per_1k_words,verbs,2022-11-30,2023,107,95,12,0.7464080973497802,1.3451201205248242,0.7379554703862781,0.18481324894617615,6.167310119735284e-05,0.0007400772143682341,0.607164650138523,0.19894228030867306,0.21723778073352384,0.9970915195435223,3.2852874650526265,1.07645031643057,1.175444844848709,5.395130085256544,0.0022734947023826295,0.4765994406484714,pretrend_plus_first_post_year_indicator_wls_hac,6,0.005115363080360916
word_within_per_1k_words,marker_words,2022-11-30,2023,107,95,12,0.7213550363817578,0.8676472857486655,0.6769140429431346,0.16608569941208862,-0.0007229175699114076,-0.00867501083893689,0.19073324280549717,0.06476119259822963,0.0638013053129671,0.31766518029802726,1.148402562536426,0.3899263622784609,0.38414689247064276,1.9126582326022097,0.003227688653298065,0.11065695208028659,pretrend_plus_first_post_year_indicator_wls_hac,6,0.00553318054851097
gunning_fog,readability,2022-11-30,2023,107,95,12,19.964386313742704,20.27838362554118,19.915883733669013,0.23236862534587116,-0.0005142489537236991,-0.006170987444684389,0.36249989187118103,0.12448157025290013,0.11851601417549679,0.6064837695668652,1.5600208131868698,0.5357073058706373,0.5100344936804208,2.610007132693319,0.0035903435608543905,0.19021591129126936,pretrend_plus_first_post_year_indicator_wls_hac,6,0.008064412344231865
flesch_reading_ease,readability,2022-11-30,2023,107,95,12,17.622652022393744,14.921205563363456,17.26868583404566,1.2248226239366826,-0.009064662696246256,-0.10877595235495507,-2.3474802706831683,0.8363340461141829,-3.986695001066967,-0.7082655402993698,-1.916587940822133,0.6828205405172344,-3.2549162002359124,-0.5782596814083536,0.005002555064041132,0.35885653722746436,pretrend_plus_first_post_year_indicator_wls_hac,6,0.008064412344231865
smog_index,readability,2022-11-30,2023,107,95,12,17.449321121301516,17.634870599338168,17.41972303345927,0.16013530615612137,-0.00030179718408650073,-0.003621566209038009,0.21514756587802175,0.07792030689193853,0.06242376436982222,0.3678713673862213,1.3435361073233099,0.4865904263234203,0.38981887172940594,2.2972533429172137,0.00576029453159419,0.1515593589158193,pretrend_plus_first_post_year_indicator_wls_hac,6,0.008064412344231865
emphasis_marker_importantly_per_1k_words,emphasis_markers,2022-11-30,2023,107,95,12,0.0788424871463538,0.08762157500289895,0.05901798693802435,0.04360476561663406,-0.0003600390891666698,-0.004320469070000037,0.028603588064870327,0.010301640537481845,0.008412372611405913,0.04879480351833474,0.6559738978153988,0.23625033621444447,0.19292323883508772,1.11902455679571,0.005492986592483809,0.04660785332507389,pretrend_plus_first_post_year_indicator_wls_hac,6,0.009154977654139682
word_while_per_1k_words,marker_words,2022-11-30,2023,107,95,12,0.938206639302733,1.2430274372435832,1.0877284075236644,0.18131032561387275,0.0027460388891201656,0.03295246666944199,0.15529902971988296,0.05749848393981289,0.042602001197849695,0.26799605824191625,0.8565371508438813,0.31712746499757793,0.23496731944862853,1.4781069822391342,0.006914715718322938,0.37196468353592294,pretrend_plus_first_post_year_indicator_wls_hac,6,0.010372073577484407
sequential_marker_subsequently_per_1k_words,sequential_markers,2022-11-30,2023,107,95,12,0.04931341505355777,0.08979724020000587,0.05687786071953235,0.035769346256249154,0.00014957852119355672,0.0017949422543226806,0.03291937948047222,0.01173839779543322,0.009912119801423112,0.055926639159521334,0.9203237667426191,0.3281692013977594,0.2771121320030107,1.5635354014822276,0.005040743567654721,0.1494957928909848,pretrend_plus_first_post_year_indicator_wls_hac,6,0.012601858919136804
flesch_kincaid_grade,readability,2022-11-30,2023,107,95,12,16.638605874375816,16.907072577689625,16.653909130619915,0.19568022695476397,0.0005733384116362499,0.006880060939634999,0.2531634470688937,0.10373484098553175,0.04984315873725148,0.45648373540053594,1.293761004924725,0.5301242879767942,0.25471740049020836,2.3328046093592416,0.014667506658202042,0.1870190140672836,pretrend_plus_first_post_year_indicator_wls_hac,6,0.017112091101235714
verb_foster_per_1k_words,verbs,2022-11-30,2023,107,95,12,0.01575990636832238,0.04968651138362585,0.02098098903839645,0.020855922480724355,9.169097411015007e-05,0.0011002916893218008,0.028705522345229485,0.011142754587695118,0.006865723353347054,0.05054532133711191,1.376372700452831,0.5342729192627932,0.3291977786977561,2.4235476222079053,0.009990430940928573,0.21786053665563299,pretrend_plus_first_post_year_indicator_wls_hac,6,0.017982775693671432
word_realm_per_1k_words,marker_words,2022-11-30,2023,107,95,12,0.00955318399021655,0.03767298910414759,0.005823460747991418,0.018723539332945568,-6.968662277515008e-05,-0.0008362394733018009,0.031849528356156204,0.012908637452664054,0.006548598948934659,0.05715045776337775,1.701042083433147,0.6894336173903975,0.34975219334796787,3.052331973518326,0.013613485835267076,0.19430304134510612,pretrend_plus_first_post_year_indicator_wls_hac,6,0.018151314447022768
automated_readability_index,readability,2022-11-30,2023,107,95,12,18.179566884571024,18.689403418917415,18.381346836586925,0.24925362831845138,0.0039991237038189435,0.04798948444582732,0.30805658232960376,0.13192347882529057,0.04948656383203426,0.5666266008271732,1.2359161405507186,0.5292740559697792,0.1985389908499516,2.2732932902514857,0.019537379059833968,0.42488086922260027,pretrend_plus_first_post_year_indicator_wls_hac,6,0.019537379059833968
adjective_intricate_per_1k_words,adjectives,2022-11-30,2023,107,95,12,0.02055664196253155,0.0956187234501878,0.01718189794140828,0.025480715321775475,-5.292974272670509e-05,-0.0006351569127204611,0.07843682550878012,0.027014814314248774,0.025487789452852523,0.13138586156470772,3.078281928833806,1.0602062765154117,1.0002776268635991,5.156286230804013,0.0036904697837978184,0.4087547123327958,pretrend_plus_first_post_year_indicator_wls_hac,6,0.02214281870278691
word_across_per_1k_words,marker_words,2022-11-30,2023,107,95,12,0.6035115333437753,0.8840090282907124,0.7703575126216239,0.16978493114906304,0.0030213543971697784,0.03625625276603734,0.11365151566906925,0.050867540589137575,0.013951136114359608,0.2133518952237789,0.6693851739368358,0.29959985403226574,0.08216946003359496,1.2566008878400767,0.02546570632771674,0.40953454454146065,pretrend_plus_first_post_year_indicator_wls_hac,6,0.030558847593260087
verb_underscore_per_1k_words,verbs,2022-11-30,2023,107,95,12,0.010667091250105844,0.08803641201951067,0.008295071131001289,0.018076549632198152,-4.022640775446206e-05,-0.00048271689305354475,0.07974134088851054,0.034451425346505596,0.012216547209359566,0.14726613456766152,4.411314244753566,1.9058629023505864,0.6758229561464161,8.146805533360716,0.020634718749738292,0.44453999949606804,pretrend_plus_first_post_year_indicator_wls_hac,6,0.03095207812460744
summary_markers_total_per_1k_words,discourse_marker_totals,2022-11-30,2023,107,95,12,0.34328161566445053,0.4286854679626323,0.38147209890756173,0.08297370540970707,0.0007049902523289044,0.008459883027946853,0.047213369055056326,0.020204704171595537,0.007612148878729075,0.08681458923138358,0.5690160373328687,0.2435073144176082,0.09174170107435664,1.0462903735913807,0.01945211859509002,0.15472425637966758,pretrend_plus_first_post_year_indicator_wls_hac,6,0.03242019765848337
verb_showcase_per_1k_words,verbs,2022-11-30,2023,107,95,12,0.020399781233163647,0.08511107452430043,0.046388893734276425,0.026980911471038035,0.0004826500014400608,0.0057918000172807295,0.03872218079002521,0.018076526300834332,0.0032921892403899172,0.0741521723396605,1.4351694838623423,0.6699746344832759,0.12201920027512166,2.748319767449563,0.03218341625187507,0.46030903310952487,pretrend_plus_first_post_year_indicator_wls_hac,6,0.04137867803812508
marker_adjectives_total_per_1k_words,adjectives,2022-11-30,2023,107,95,12,1.218873422243993,1.9386058638699555,1.4730360885104055,0.2462551416251996,0.004611924091248754,0.055343089094985046,0.4655697753595128,0.19014666632650104,0.09288230935957081,0.8382572413594549,1.8905992065258486,0.772153081034565,0.37717916769810117,3.404019245353596,0.014346151313315115,0.5508801427555997,pretrend_plus_first_post_year_indicator_wls_hac,6,0.04303845393994535
verb_exhibit_per_1k_words,verbs,2022-11-30,2023,107,95,12,0.393267812518751,0.42633949192230153,0.31935225749438867,0.13342249623972186,-0.001263858726873504,-0.015166304722482048,0.10698723442789243,0.05252210172864581,0.004043915039746646,0.2099305538160382,0.801868031577427,0.3936525189446216,0.03030909444596879,1.5734269687088853,0.04165058920517239,0.07150236563351098,pretrend_plus_first_post_year_indicator_wls_hac,6,0.04685691285581894
adjective_crucial_per_1k_words,adjectives,2022-11-30,2023,107,95,12,0.23385443263405445,0.3932057786734208,0.2886654477223102,0.08078848016903167,0.0009934649228194523,0.011921579073833427,0.10454033095110399,0.05100802243129415,0.004564606985767453,0.20451605491644054,1.2940004655660922,0.6313774231743359,0.05650071614439388,2.5315002149877905,0.04041441800834813,0.32547543932620526,pretrend_plus_first_post_year_indicator_wls_hac,6,0.048752387127951456
adjective_pivotal_per_1k_words,adjectives,2022-11-30,2023,107,95,12,0.01602163018113531,0.07011328796333499,0.02590982384002851,0.020855675930139372,0.00018770220155509465,0.002252426418661136,0.044203464123307196,0.02209376887093084,0.0008996771362827505,0.08750725111033164,2.1194932387411622,1.0593647957006396,0.04313823916790877,4.195848238314415,0.045422480779566496,0.3341565367368756,pretrend_plus_first_post_year_indicator_wls_hac,6,0.048752387127951456
adjective_potential_per_1k_words,adjectives,2022-11-30,2023,107,95,12,0.8293880388978911,1.0864603166834315,0.951331413889488,0.1976545772890511,0.0021890623558481377,0.026268748270177653,0.1351289027939104,0.06839549984803875,0.0010737230917544638,0.26918408249606635,0.6836618946410595,0.3460354968052008,0.0054323209028660415,1.3618914683792531,0.04818890785019964,0.22609837886421813,pretrend_plus_first_post_year_indicator_wls_hac,6,0.048752387127951456
adjective_comprehensive_per_1k_words,adjectives,2022-11-30,2023,107,95,12,0.11905267856838034,0.29320775709958063,0.18994750511716924,0.06241903260765981,0.0012946243537527685,0.01553549224503322,0.10326025198241129,0.052396402493499035,0.0005633030951531781,0.2059572008696694,1.6543071506965266,0.8394299031008878,0.00902454061878639,3.299589760774267,0.04875238712795145,0.5111065079052113,pretrend_plus_first_post_year_indicator_wls_hac,6,0.048752387127951456
word_meticulously_per_1k_words,marker_words,2022-11-30,2023,107,95,12,0.0007194521007617368,0.011110841590059884,0.002828627067181349,0.004269994710324448,3.826029667766398e-05,0.00045912356013196775,0.008282214522878788,0.004160575473883385,0.0001274865940673539,0.016436942451690223,1.9396310966974195,0.9743748543349487,0.02985638220092012,3.8494058111939187,0.04652030588027029,0.19748877526525987,pretrend_plus_first_post_year_indicator_wls_hac,6,0.0507494245966585
contrast_markers_total_per_1k_words,discourse_marker_totals,2022-11-30,2023,107,95,12,1.3060933347636872,1.6389976847024013,1.501368040015006,0.21603808742734237,0.0037620867399441532,0.04514504087932984,0.1376296446873438,0.07052903378948659,-0.0006072615400499193,0.2758665509147375,0.6370619473921755,0.32646573865456396,-0.0028109003707698192,1.2769347951551206,0.051010681194109994,0.39992485599571714,pretrend_plus_first_post_year_indicator_wls_hac,6,0.0637633514926375
avg_words_per_sentence,syntax,2022-11-30,2023,107,95,12,24.87032257327373,24.602433232039935,24.93683844942223,0.3658456934914074,0.001003748699576053,0.012044984394912635,-0.3344052173835461,0.12354135598681075,-0.5765462751176952,-0.09226415964939705,-0.9140608276461789,0.337687058190593,-1.5759274616997412,-0.2521941935926165,0.006792941532623279,0.0744017908936071,pretrend_plus_first_post_year_indicator_wls_hac,6,0.06792941532623278
causal_marker_accordingly_per_1k_words,causal_markers,2022-11-30,2023,107,95,12,0.030246654450408975,0.020847421081758077,0.031314100859359026,0.024229486257106168,2.026687582238765e-05,0.00024320250986865178,-0.010466679777602635,0.004906583217062577,-0.020083582883045285,-0.0008497766721599839,-0.43198108563003085,0.20250463278492112,-0.8288901658884762,-0.035072005371585474,0.03290905079094182,0.021353741769614465,pretrend_plus_first_post_year_indicator_wls_hac,6,0.07415083132546502
causal_marker_consequently_per_1k_words,causal_markers,2022-11-30,2023,107,95,12,0.05571596924411532,0.08085648228975759,0.06209774818989343,0.03426335759482474,0.00011510240586662985,0.0013812288703995582,0.01875873409986211,0.009335304721554088,0.00046153684561609995,0.03705593135410812,0.547486744343336,0.27245738237177686,0.013470274894653411,1.0815032137920184,0.04449049879527901,0.06835187874650506,pretrend_plus_first_post_year_indicator_wls_hac,6,0.07415083132546502
causal_markers_total_per_1k_words,discourse_marker_totals,2022-11-30,2023,107,95,12,0.8454419785287486,0.8417911694353597,0.788516582513194,0.15629019084064175,-0.0009788045918664406,-0.011745655102397288,0.05327458692212231,0.03151722609491038,-0.00849917622390204,0.11504835006814665,0.34086967733274254,0.20165837616159998,-0.054380739943993416,0.7361200946094785,0.09096438899035106,0.027574718945133414,pretrend_plus_first_post_year_indicator_wls_hac,6,0.09096438899035106
summary_marker_ultimately_per_1k_words,summary_markers,2022-11-30,2023,107,95,12,0.05198841310616766,0.07184618878824536,0.05857265846231078,0.03470173908407228,0.00011883465269890069,0.0014260158323868082,0.013273530325932585,0.006763560529939077,1.695168725199432e-05,0.026530108964613178,0.3825033175938145,0.1949055208314755,0.0004884967641225498,0.7645181384235066,0.049703564844076675,0.04730457310161851,pretrend_plus_first_post_year_indicator_wls_hac,6,0.10722174340248676
summary_marker_in_summary_per_1k_words,summary_markers,2022-11-30,2023,107,95,12,0.015136246363945316,0.027605719976389973,0.019469678469244127,0.01576075650687464,7.741854393581032e-05,0.0009290225272297238,0.008136041507145485,0.0043642168255228556,-0.0004178234708793107,0.016689906485170283,0.5162215090117437,0.2769040193990206,-0.02651036901033662,1.0589533870338241,0.06228498732232784,0.07873090521112058,pretrend_plus_first_post_year_indicator_wls_hac,6,0.10722174340248676
summary_marker_collectively_per_1k_words,summary_markers,2022-11-30,2023,107,95,12,0.02952128878230394,0.030669991498737427,0.020482035662713952,0.026473451112557275,-0.0001572345330195158,-0.0018868143962341897,0.010187955836021813,0.005507405800182676,-0.000606559532336232,0.020982471204379856,0.3848367102840367,0.20803505280693543,-0.02291199321755673,0.7925854137856301,0.06433304604149206,0.025115834017209404,pretrend_plus_first_post_year_indicator_wls_hac,6,0.10722174340248676
verb_garner_per_1k_words,verbs,2022-11-30,2023,107,95,12,0.0020012029057813034,0.008263971597715239,0.0040373730962809775,0.00670279988446728,3.701339810181175e-05,0.000444160777221741,0.004226598501434359,0.0028800979137180924,-0.001418393409453102,0.00987159041232182,0.6305720854398262,0.42968579748177793,-0.21161207762445858,1.472756248504111,0.14223491591199777,0.08301360835945915,pretrend_plus_first_post_year_indicator_wls_hac,6,0.14223491591199777
sequential_marker_furthermore_per_1k_words,sequential_markers,2022-11-30,2023,107,95,12,0.29943572369007115,0.40222034955639646,0.3484874819309453,0.09415952127210686,0.0009125828906327444,0.010950994687592933,0.053732867625439766,0.031779464142950645,-0.008554882094743498,0.11602061734562302,0.570657825140804,0.3375066452505931,-0.09085519955035853,1.2321708498319663,0.09087410750838847,0.1743676530579853,pretrend_plus_first_post_year_indicator_wls_hac,6,0.15145684584731411
hedge_ratio,other,2022-11-30,2023,107,95,12,0.003177731508085025,0.0028316051013611374,0.0030404636464034835,0.0003567546395274634,-2.7553507594017423e-06,-3.306420911282091e-05,-0.00020885854504251776,0.00014829971132341405,-0.0004995259792364093,8.180888915137379e-05,-0.58544030518891,0.4156910517543466,-1.4001947666274293,0.2293141562496093,0.1590261665046036,0.14286564469069196,pretrend_plus_first_post_year_indicator_wls_hac,6,0.1590261665046036
summary_marker_taken_together_per_1k_words,summary_markers,2022-11-30,2023,107,95,12,0.02541130136443541,0.02483425740593423,0.01549961538943274,0.02399003487798093,-0.00017811458737030628,-0.0021373750484436752,0.009334642016499958,0.006182281591609769,-0.0027826299030551897,0.021451913936055104,0.389104978962231,0.2577020676732792,-0.11599107367739615,0.894201031601858,0.1310683217899779,0.03663783775424023,pretrend_plus_first_post_year_indicator_wls_hac,6,0.1638354022374724
emphasis_marker_crucially_per_1k_words,emphasis_markers,2022-11-30,2023,107,95,12,0.02909133328077274,0.03305808128089575,0.024440012922245315,0.029854293278688052,-8.388424691565932e-05,-0.0010066109629879119,0.00861806835864894,0.006072994089542372,-0.003285000056854108,0.020521136774151988,0.2886709887318311,0.2034211305171867,-0.11003442708185479,0.687376404545517,0.15587550654846824,0.009369647869158282,pretrend_plus_first_post_year_indicator_wls_hac,6,0.17064584864740545
emphasis_marker_remarkably_per_1k_words,emphasis_markers,2022-11-30,2023,107,95,12,0.04941534848577286,0.06305119573731864,0.04726326144507819,0.03784384231017317,-2.350302001900948e-05,-0.00028203624022811376,0.015787934292238334,0.011522933387557319,-0.006797015147374009,0.038372883731850674,0.41718634600679083,0.30448634927483903,-0.17960689857189363,1.0139795905854752,0.17064584864740545,0.018953020015482158,pretrend_plus_first_post_year_indicator_wls_hac,6,0.17064584864740545
dependency_length,syntax,2022-11-30,2023,107,95,12,3.3617482316567653,3.3688849303391852,3.38122853369914,0.026326466732041167,0.00034379556143748194,0.004125546737249783,-0.0123436033601233,0.006389929242727044,-0.02486786467586831,0.00018065795562170577,-0.4688666916742103,0.24271883150009071,-0.9445956014143881,0.0068622180659675186,0.053393123170051064,0.11048920190679468,pretrend_plus_first_post_year_indicator_wls_hac,6,0.21641167266828856
dependency_length_std,syntax,2022-11-30,2023,107,95,12,0.665265018442478,0.6603162262641281,0.666994654194477,0.01938187075067316,2.2049790236204305e-05,0.00026459748283445166,-0.006678427930382258,0.0036182056593528473,-0.01377011102271384,0.0004132551619493224,-0.34457086296225076,0.18667989823568407,-0.7104634635041915,0.02132173757969,0.06492350180048657,0.01189023382674026,pretrend_plus_first_post_year_indicator_wls_hac,6,0.21641167266828856
sequential_marker_further_per_1k_words,sequential_markers,2022-11-30,2023,107,95,12,0.17963985179203737,0.24154380808207582,0.21314900984747642,0.07798616022009015,0.000598540396977482,0.007182484763729784,0.028394798234592594,0.023264897672029716,-0.01720440120258565,0.07399399767177084,0.36410047827021697,0.2983208508583092,-0.22060838941206898,0.9488093459525029,0.2222755421964131,0.10689003075110692,pretrend_plus_first_post_year_indicator_wls_hac,6,0.2778444277455164
contrast_marker_however_per_1k_words,contrast_markers,2022-11-30,2023,107,95,12,1.2112064814626442,1.542112779077113,1.3988031490324122,0.21242714615229474,0.003627573225619707,0.043530878707436486,0.1433096300446544,0.07552381404335212,-0.004717045480315735,0.29133630556962453,0.6746295501325046,0.3555280735598974,-0.022205474044894234,1.3714645743099034,0.057756404571194894,0.39020360820375033,pretrend_plus_first_post_year_indicator_wls_hac,6,0.2887820228559745
em_dash_per_1k_words,punctuation,2022-11-30,2023,107,95,12,0.48031413373334153,0.43280032363069637,0.49870298357370174,0.15649740896503508,0.0003247013344938093,0.003896416013925712,-0.06590265994303027,0.04121184683228195,-0.14667787973430288,0.014872559848242345,-0.4211102303793052,0.26333884442450783,-0.9372543654513404,0.09503390469273007,0.10979409551511947,0.015023790148904537,pretrend_plus_first_post_year_indicator_wls_hac,6,0.3293822865453584
clause_depth,syntax,2022-11-30,2023,107,95,12,11.69769371294169,11.69279493269992,11.746395297111341,0.1464633732786968,0.0008318343242866557,0.009982011891439869,-0.053600364412004,0.036255782034161334,-0.12466169719896021,0.017460968374952215,-0.36596428999358716,0.2475416291633013,-0.8511458831536577,0.11921730316648337,0.13930210114798117,0.023954056867709794,pretrend_plus_first_post_year_indicator_wls_hac,6,0.33146679843107985
dependency_entropy,syntax,2022-11-30,2023,107,95,12,2.737329005035659,2.7489347574055225,2.7552437026116308,0.013435954698536305,0.00032777976777715744,0.003933357213325889,-0.006308945206243699,0.004551763273636095,-0.015230401222570446,0.0026125108100830477,-0.469556897726887,0.3387748303536598,-1.1335555652200602,0.19444176976628622,0.16573339921553992,0.46812108286363896,pretrend_plus_first_post_year_indicator_wls_hac,6,0.33146679843107985
sequential_marker_moreover_per_1k_words,sequential_markers,2022-11-30,2023,107,95,12,0.2839636785606589,0.3539664334357661,0.3378408735365153,0.08570181966143553,0.0009914675750989403,0.011897610901187284,0.016125559899239653,0.016640393258677715,-0.016489610887768666,0.04874073068624797,0.18815889747666467,0.1941661603501008,-0.19240677680953291,0.5687245717628623,0.33251464185183915,0.15881606868433285,pretrend_plus_first_post_year_indicator_wls_hac,6,0.33251464185183915
causal_marker_hence_per_1k_words,causal_markers,2022-11-30,2023,107,95,12,0.13155449857617763,0.1172872701342457,0.13186169232260428,0.05442388182177145,1.9737492400366687e-05,0.00023684990880440025,-0.014574422188365344,0.01441331371709333,-0.042824517073868265,0.01367567269713758,-0.2677946096548936,0.2648343564373885,-0.7868699482721749,0.2512807289623879,0.3119313612435103,0.007725110945528191,pretrend_plus_first_post_year_indicator_wls_hac,6,0.38991420155438783
contrast_marker_nonetheless_per_1k_words,contrast_markers,2022-11-30,2023,107,95,12,0.019636581515849027,0.012078000897368634,0.019022449897813036,0.02566228468322465,-1.1968165397630208e-05,-0.0001436179847715625,-0.006944449000445584,0.004930795171572653,-0.016608807536727985,0.0027199095358368163,-0.270609148256591,0.19214170649411808,-0.6472068929850625,0.10598859647188047,0.15901763605686509,0.012290587196394087,pretrend_plus_first_post_year_indicator_wls_hac,6,0.39754409014216274
semicolon_per_1k_words,punctuation,2022-11-30,2023,107,95,12,0.7053685523616362,0.6152721774763235,0.6967605634719278,0.21977712595909107,-0.0003281193884891918,-0.003937432661870302,-0.08148838599564276,0.07832223100809879,-0.2349999587715164,0.07202318678023087,-0.37077737567107355,0.356371167683199,-1.0692648643301434,0.32771011298799646,0.2981426175493102,0.026556320031399516,pretrend_plus_first_post_year_indicator_wls_hac,6,0.4472139263239653
word_interplay_per_1k_words,marker_words,2022-11-30,2023,107,95,12,0.10075503488495786,0.085904989706124,0.07456961185232135,0.06790554743196728,-0.00045905575692967783,-0.005508669083156134,0.011335377853796683,0.015294322282194664,-0.01864149381930486,0.04131224952689823,0.16692859836161825,0.22522934959794896,-0.2745209268503617,0.6083781235735983,0.4586028569035587,0.03884147497308721,pretrend_plus_first_post_year_indicator_wls_hac,6,0.4586028569035587
colon_per_1k_words,punctuation,2022-11-30,2023,107,95,12,1.8688116363630463,2.058445685649444,2.0126720863221306,0.3185120681994287,0.0026665665154128613,0.03199879818495434,0.045773599327230574,0.0773003567387451,-0.10573509988070981,0.19728229853517096,0.14371072212739686,0.2426920812631355,-0.3319657571483487,0.6193872014031424,0.5537484751968602,0.0889935154364152,pretrend_plus_first_post_year_indicator_wls_hac,6,0.5537484751968602
contrast_marker_alternatively_per_1k_words,contrast_markers,2022-11-30,2023,107,95,12,0.009692014594193226,0.012258836143930456,0.009488115859702285,0.012905664952244577,-1.0014531279967325e-05,-0.0001201743753596079,0.0027707202842277056,0.0047595856240930726,-0.006558067538994717,0.012099508107450127,0.21469023831629974,0.36879817054798686,-0.5081541759577546,0.937534652590354,0.5604759062651914,0.004300030374835728,pretrend_plus_first_post_year_indicator_wls_hac,6,0.7172919893795715
contrast_marker_conversely_per_1k_words,contrast_markers,2022-11-30,2023,107,95,12,0.019264932865535232,0.027816804159594394,0.024497442852934898,0.023471048230705657,0.00010909806463829829,0.0013091767756595795,0.0033193613066589463,0.0061498483723295815,-0.008734341503107033,0.015373064116424926,0.1414236498528617,0.26201847961285907,-0.372132570188342,0.6549798698940654,0.5893716235056499,0.032854129187652736,pretrend_plus_first_post_year_indicator_wls_hac,6,0.7172919893795715
contrast_marker_nevertheless_per_1k_words,contrast_markers,2022-11-30,2023,107,95,12,0.04629332432546564,0.04473126442439521,0.049556882372144326,0.032622674307171654,4.7398146363748564e-05,0.0005687777563649827,-0.004825617947751434,0.013327478240050225,-0.030947475298249875,0.021296239402747007,-0.14792220595754735,0.40853420276216773,-0.9486492433713962,0.6528048314563014,0.7172919893795715,0.002074094473912713,pretrend_plus_first_post_year_indicator_wls_hac,6,0.7172919893795715
summary_marker_overall_per_1k_words,summary_markers,2022-11-30,2023,107,95,12,0.2212243660475981,0.2737293102933252,0.26744811092386017,0.08257644261093515,0.0008440861760840158,0.01012903411300819,0.006281199369456453,0.018132257677641567,-0.029258025678721017,0.04182042441763392,0.07606526959572206,0.21958148237352634,-0.35431443585638955,0.5064449750478337,0.7290344456637287,0.11938965770805232,pretrend_plus_first_post_year_indicator_wls_hac,6,0.7290344456637287
coordination_count,syntax,2022-11-30,2023,107,95,12,6.034849204917519,6.633676431776194,6.660573120013896,0.39740525131182663,0.011489968754419976,0.13787962505303972,-0.02689668823797553,0.04000017666356238,-0.10529703449855779,0.05150365802260673,-0.06768075698343218,0.10065336713977133,-0.26496135657738396,0.12959984261051963,0.5013200222613939,0.7206474351472065,pretrend_plus_first_post_year_indicator_wls_hac,6,0.737892640456519
coordination_per_sentence_std,syntax,2022-11-30,2023,107,95,12,0.8023322130664922,0.8250591686619171,0.8296089320625515,0.028927945283460318,0.0004945161423030369,0.005934193707636443,-0.004549763400673257,0.007013538634348839,-0.01829629912399698,0.009196772322650468,-0.15727917610776887,0.24244855850024236,-0.6324783507682439,0.3179199985527062,0.5165248483195632,0.2657789832993509,pretrend_plus_first_post_year_indicator_wls_hac,6,0.737892640456519
causal_marker_thus_per_1k_words,causal_markers,2022-11-30,2023,107,95,12,0.5262842772253546,0.4793481436917866,0.4731325405546155,0.12182056468122461,-0.0009456013183698626,-0.011347215820438352,0.006215603137142797,0.030650119618568505,-0.053858631315251475,0.06628983758953708,0.051022609798333715,0.2516005380435772,-0.44211444476707756,0.5441596643637451,0.8392975070620357,0.05898847594068235,pretrend_plus_first_post_year_indicator_wls_hac,6,0.8392975070620355
list_of_three_per_1k_words,syntax,2022-11-30,2023,107,95,12,3.2359654168749623,3.5927445417889077,3.5838737873082964,0.4078431979517229,0.006499069215930292,0.07798883059116352,0.008870754480468035,0.12290791115286308,-0.23202875137914358,0.24977026034007965,0.021750404383397565,0.30136069884243083,-0.5689165653477669,0.612417374114562,0.9424634433099577,0.23683814522009194,pretrend_plus_first_post_year_indicator_wls_hac,6,0.9700822898433381
clause_depth_std,syntax,2022-11-30,2023,107,95,12,2.2578197193888236,2.244201134058912,2.2436554374625426,0.06099055687778925,-0.00027864983893928627,-0.003343798067271435,0.0005456965962572502,0.014549938250261652,-0.027972182374255587,0.029063575566770087,0.008947230918889592,0.23856050829993747,-0.45863136534898785,0.47652582718676706,0.9700822898433382,0.02183673533702013,pretrend_plus_first_post_year_indicator_wls_hac,6,0.9700822898433381
sentence_depth_std,syntax,2022-11-30,2023,107,95,12,2.2578197193888236,2.244201134058912,2.2436554374625426,0.06099055687778925,-0.00027864983893928627,-0.003343798067271435,0.0005456965962572502,0.014549938250261652,-0.027972182374255587,0.029063575566770087,0.008947230918889592,0.23856050829993747,-0.45863136534898785,0.47652582718676706,0.9700822898433382,0.02183673533702013,pretrend_plus_first_post_year_indicator_wls_hac,6,0.9700822898433381
phrase_intricate_interplay_per_1k_words,phrases,2022-11-30,2023,107,95,12,0.0014926848041488536,0.0033025050455711856,0.0015881922837578106,0.007785108898547931,4.758982537128868e-06,5.710779044554641e-05,0.001714312761813361,0.002564342712546972,-0.003311798954778704,0.0067404244784054265,0.2202040824545322,0.32939073119777035,-0.42540175069309777,0.8658099156021623,0.5038021249015092,0.007820300062739483,pretrend_plus_first_post_year_indicator_wls_hac,6,1.0
marker_phrases_total_per_1k_words,phrases,2022-11-30,2023,107,95,12,0.0021877582624080906,0.004577489968874466,0.0023890721532710897,0.009279221392823766,7.280408758587791e-06,8.73649051030535e-05,0.002188417815603345,0.0032793431404096146,-0.004239094739599499,0.008615930370806189,0.2358406727202126,0.3534071450160406,-0.4568373315112269,0.928518676951652,0.5045586886488096,0.010032844920492168,pretrend_plus_first_post_year_indicator_wls_hac,6,1.0
phrase_deep_dive_per_1k_words,phrases,2022-11-30,2023,107,95,12,0.0001879766382633958,0.0012749849233032802,0.0008039178270478205,0.0018321696347818666,1.1293737009597718e-05,0.0001355248441151726,0.00047106709625549146,0.001131338188064639,-0.001746355752351201,0.002688489944862184,0.2571088873610633,0.6174855027544068,-0.9531626980375743,1.4673804727597008,0.6771316367093853,0.0372262454587351,pretrend_plus_first_post_year_indicator_wls_hac,6,1.0
phrase_intricate_web_per_1k_words,phrases,2022-11-30,2023,107,95,12,0.000507096819995841,0.0,-3.0379575345408876e-06,0.004942568417406071,-8.772310788138794e-06,-0.00010526772945766553,3.0379575344928722e-06,0.00020193799399718663,-0.0003927605106999929,0.0003988364257689787,0.0006146515896055587,0.04085689401608051,-0.07946486068191223,0.08069416386112337,0.9879970681279233,0.0038925390458458553,pretrend_plus_first_post_year_indicator_wls_hac,6,1.0
phrase_comprehensive_chapter_per_1k_words,phrases,2022-11-30,2023,107,95,12,0.0,0.0,0.0,0.0,0.0,0.0,0.0,0.0,0.0,0.0,,,,,1.0,,pretrend_plus_first_post_year_indicator_wls_hac,6,1.0
phrase_essential_insight_per_1k_words,phrases,2022-11-30,2023,107,95,12,0.0,0.0,0.0,0.0,0.0,0.0,0.0,0.0,0.0,0.0,,,,,1.0,,pretrend_plus_first_post_year_indicator_wls_hac,6,1.0
phrase_meticulously_delve_per_1k_words,phrases,2022-11-30,2023,107,95,12,0.0,0.0,0.0,0.0,0.0,0.0,0.0,0.0,0.0,0.0,,,,,1.0,,pretrend_plus_first_post_year_indicator_wls_hac,6,1.0
