topic_id,abstract_count,abstract_share,topic_label
0,30167,0.367840899391545,"sars, cov, sars cov, infection, 95, transmission, ci"
1,12381,0.1509675531331163,"care, 95, ci, 95 ci, women, mental, healthcare"
2,9891,0.12060577239638585,"brain, sleep, ad, stroke, dementia, pd, functional"
3,9249,0.11277755423053006,"genetic, variants, genes, association, genome, wide, expression"
5,8292,0.10110838789918425,"pain, 95, ci, 95 ci, care, physical, heart"
4,7024,0.08564704734730706,"learning, ai, images, machine, machine learning, prediction, deep"
6,4294,0.05235882991306044,"cancer, tumor, breast, breast cancer, 95, tumors, expression"
7,542,0.006608869541890722,"hearing, loss, hearing loss, tinnitus, olfactory, speech, smell"
8,171,0.0020850861469802833,"questions contact, wish work, project questions, work cited, cited reference, contact corresponding, reference project"
