dataset,dependency_role,slope_change_per_year,slope_change_per_year_se,slope_change_per_year_ci_low,slope_change_per_year_ci_high
arxiv_ai_abstracts,ROOT,-0.0005182849518664675,0.00012935785787257953,-0.0007718263532967235,-0.00026474355043621165
arxiv_ai_abstracts,acl,-0.000270435032444602,0.00010738325063845012,-0.0004809062036959642,-5.996386119323975e-05
arxiv_ai_abstracts,acomp,-0.00015676908156935431,9.894607698185943e-05,-0.0003507033924537988,3.7165229315090165e-05
arxiv_ai_abstracts,advcl,0.0010611657868309001,0.00024253341923017986,0.0005858002851397476,0.0015365312885220527
arxiv_ai_abstracts,advmod,-0.00036120871172604097,0.00011630943775449638,-0.0005891752097248539,-0.00013324221372722808
arxiv_ai_abstracts,agent,1.7332668755920273e-05,2.1645213278361545e-05,-2.509194926966835e-05,5.97572867815089e-05
arxiv_ai_abstracts,amod,0.006762797366542658,0.0005368671530600896,0.005710537746544883,0.007815056986540433
arxiv_ai_abstracts,appos,0.0014038708938170124,0.00014016898100997343,0.0011291396910374644,0.0016786020965965604
arxiv_ai_abstracts,attr,-0.0003853405060093676,5.6752208646007164e-05,-0.0004965748349555416,-0.00027410617706319357
arxiv_ai_abstracts,aux,-0.003361802445911866,0.00018619855983338356,-0.003726751623185298,-0.0029968532686384343
arxiv_ai_abstracts,auxpass,-0.0006699218697718068,0.00013359265326994606,-0.0009317634701809011,-0.0004080802693627126
arxiv_ai_abstracts,case,-0.00013985866177705934,6.80857513702939e-05,-0.00027330673446283535,-6.41058909128331e-06
arxiv_ai_abstracts,cc,0.0012537353201426717,0.0001897600450700579,0.0008818056318053582,0.001625665008479985
arxiv_ai_abstracts,ccomp,0.0005164577946256998,0.00017297475901359083,0.00017742726695906176,0.0008554883222923377
arxiv_ai_abstracts,compound,0.003402481842257228,0.0003354252953446038,0.0027450482633818046,0.004059915421132651
arxiv_ai_abstracts,conj,0.0020825144324812753,0.0002876565134645393,0.0015187076660907782,0.0026463211988717724
arxiv_ai_abstracts,csubj,-1.6019533624112275e-05,1.6694453103377975e-05,-4.8740661706733106e-05,1.6701594458508556e-05
arxiv_ai_abstracts,csubjpass,-4.083487826877995e-06,2.667982648764337e-06,-9.312733818456095e-06,1.1457581647001053e-06
arxiv_ai_abstracts,dative,-9.331917906817628e-06,4.408962863258714e-06,-1.7973485118804705e-05,-6.9035069483055e-07
arxiv_ai_abstracts,dep,8.427391504929973e-05,1.48138702534126e-05,5.523872935261104e-05,0.00011330910074598842
arxiv_ai_abstracts,det,-0.006396939544681596,0.0005160776126052697,-0.007408451665387924,-0.005385427423975267
arxiv_ai_abstracts,dobj,0.001531860693141868,0.0006033170269936637,0.00034935932023428705,0.002714362066049449
arxiv_ai_abstracts,expl,-0.00013524545052049744,1.0091156695484642e-05,-0.00015502411764364734,-0.00011546678339734754
arxiv_ai_abstracts,intj,-5.360063305889593e-07,4.233044052345294e-06,-8.832772673185735e-06,7.760760012007816e-06
arxiv_ai_abstracts,mark,0.0006170774883538671,0.0001406909269806755,0.0003413232714717431,0.0008928317052359911
arxiv_ai_abstracts,meta,4.950445414300377e-05,2.0231048666240288e-05,9.851598757172801e-06,8.915730952883473e-05
arxiv_ai_abstracts,neg,-0.00012144749844277371,5.10037824059798e-05,-0.00022141491195849412,-2.148008492705331e-05
arxiv_ai_abstracts,nmod,0.0006622933333683971,0.0001533680645852348,0.00036169192678133687,0.0009628947399554573
arxiv_ai_abstracts,npadvmod,0.001384948580617865,0.00018391167746561289,0.0010244816927852637,0.0017454154684504663
arxiv_ai_abstracts,nsubj,0.001689821436979929,0.0002813750582397776,0.0011383263228299649,0.002241316551129893
arxiv_ai_abstracts,nsubjpass,-0.0005937790230707997,0.00012010833555949115,-0.0008291913607674023,-0.0003583666853741971
arxiv_ai_abstracts,nummod,0.001220164276877328,0.0001872561931850452,0.0008531421382346395,0.0015871864155200166
arxiv_ai_abstracts,oprd,-0.00013908347407772334,1.7039364474242214e-05,-0.00017248062844723807,-0.0001056863197082086
arxiv_ai_abstracts,parataxis,1.7347638502587586e-05,6.972358475693328e-06,3.6818158902286615e-06,3.101346111494651e-05
arxiv_ai_abstracts,pcomp,-0.0006834499585169506,0.00020968500155270456,-0.0010944325615602516,-0.0002724673554736497
arxiv_ai_abstracts,pobj,-0.0036628589395458957,0.00035770298210865254,-0.004363956784478855,-0.0029617610946129367
arxiv_ai_abstracts,poss,-0.001041449471481533,0.00028905851945311363,-0.0016080041696096355,-0.00047489477335343024
arxiv_ai_abstracts,preconj,1.66781215518394e-05,2.4494007367889843e-05,-3.133013288922469e-05,6.468637599290349e-05
arxiv_ai_abstracts,predet,-6.283079903991679e-05,1.0386946812506517e-05,-8.318921479242956e-05,-4.247238328740401e-05
arxiv_ai_abstracts,prep,-0.004469368803353984,0.000495024131860446,-0.005439616101800458,-0.0034991215049075095
arxiv_ai_abstracts,prt,-2.567798790787915e-05,1.832617259741342e-05,-6.159728619880946e-05,1.0241310383051149e-05
arxiv_ai_abstracts,quantmod,0.0001689451277095237,2.368587163337889e-05,0.00012252081930810106,0.00021536943611094632
arxiv_ai_abstracts,relcl,0.00022227794232403033,0.00012504119936805508,-2.280280843735763e-05,0.0004673586930854183
arxiv_ai_abstracts,xcomp,-0.0009398259566715399,7.279739303012814e-05,-0.001082508847010591,-0.0007971430663324887
arxiv_ai_titles,ROOT,0.00017299930322591667,0.0003171722796738965,-0.0004486583649349205,0.0007946569713867538
arxiv_ai_titles,acl,-0.0011791806568621252,0.00032548029693482537,-0.0018171220388543828,-0.0005412392748698674
arxiv_ai_titles,acomp,4.797670535377818e-05,6.918914904297541e-05,-8.763402677045362e-05,0.00018358743747800998
arxiv_ai_titles,advcl,-2.9007872083146855e-05,7.216023392146382e-05,-0.00017044193056921594,0.00011242618640292223
arxiv_ai_titles,advmod,0.0007249835273969306,0.00012404791456410003,0.00048184961485129457,0.0009681174399425666
arxiv_ai_titles,agent,-6.473755415484896e-05,2.5173441911195934e-05,-0.000114077500300793,-1.539760800890493e-05
arxiv_ai_titles,amod,0.003735610320363472,0.001044579982899727,0.0016882335538800073,0.0057829870868469375
arxiv_ai_titles,appos,0.00152231934887887,0.00031524793562382706,0.000904433395056169,0.0021402053027015713
arxiv_ai_titles,attr,-1.848009046069972e-05,4.8255967791303014e-05,-0.00011306178733165363,7.610160641025419e-05
arxiv_ai_titles,aux,-0.00026160486821442475,8.568138838369373e-05,-0.00042954038944646445,-9.366934698238504e-05
arxiv_ai_titles,auxpass,-3.0035943310015664e-06,1.4371258672520968e-05,-3.117126132914266e-05,2.516407266713953e-05
arxiv_ai_titles,case,-3.0698609804297346e-05,5.105375101436209e-05,-0.00013076396179244706,6.936674218385235e-05
arxiv_ai_titles,cc,5.301778032683986e-05,0.0003950882897161454,-0.0007213552675168052,0.0008273908281704849
arxiv_ai_titles,ccomp,3.062501698031223e-05,5.787984576237147e-05,-8.281948071393586e-05,0.00014406951467456033
arxiv_ai_titles,compound,-0.002611250342687308,0.0007544718811195721,-0.004090015229681669,-0.0011324854556929468
arxiv_ai_titles,conj,-7.130220942262299e-05,0.00040992125888176015,-0.0008747478768308729,0.000732143457985627
arxiv_ai_titles,csubj,2.1752854701264046e-05,4.017334194633325e-05,-5.6986895513549125e-05,0.00010049260491607722
arxiv_ai_titles,csubjpass,6.539351097564979e-06,3.910682465507257e-06,-1.125586534829243e-06,1.42042887299592e-05
arxiv_ai_titles,dative,-9.897946587189963e-06,9.006295775539767e-06,-2.7550286307247904e-05,7.754393132867979e-06
arxiv_ai_titles,dep,0.00014132371076294563,0.00010873331084585801,-7.179357849493607e-05,0.00035444100002082735
arxiv_ai_titles,det,-8.151069700202546e-05,0.00045090895357456976,-0.0009652922460081821,0.0008022708520041312
arxiv_ai_titles,dobj,-0.002778417786005652,0.0007780814239334902,-0.0043034573769152925,-0.0012533781950960113
arxiv_ai_titles,expl,1.3359980707401395e-06,6.131147782431473e-06,-1.0681051582825547e-05,1.3353047724305826e-05
arxiv_ai_titles,intj,6.934119463901831e-06,1.5811784969249332e-05,-2.4056979075826863e-05,3.792521800363052e-05
arxiv_ai_titles,mark,3.19862703096517e-05,1.3675768484638342e-05,5.181764079760549e-06,5.8790776539542844e-05
arxiv_ai_titles,meta,2.8045066982196773e-05,1.4477861947333907e-05,-3.315424345776838e-07,5.642167639897123e-05
arxiv_ai_titles,neg,0.0001430350453638642,3.3786087627923524e-05,7.68143136131341e-05,0.00020925577711459432
arxiv_ai_titles,nmod,-0.0004211996452008031,0.00010521329663932035,-0.0006274177066138709,-0.0002149815837877352
arxiv_ai_titles,npadvmod,0.00113343202472173,0.0003103099934251627,0.0005252244376084112,0.001741639611835049
arxiv_ai_titles,nsubj,0.0003949991579652269,0.00016516602486511066,7.127374922961e-05,0.0007187245667008438
arxiv_ai_titles,nsubjpass,-9.832978306778859e-06,1.4327425230932518e-05,-3.791473175940659e-05,1.8248775145848874e-05
arxiv_ai_titles,nummod,-0.00022421194035573402,5.28920724771306e-05,-0.00032788040241091,-0.00012054347830055804
arxiv_ai_titles,oprd,-3.6390855475913926e-05,1.4531032625003744e-05,-6.487167942092127e-05,-7.910031530906589e-06
arxiv_ai_titles,parataxis,-5.9229734395797845e-06,5.842979929842296e-06,-1.7375214102070683e-05,5.529267222911114e-06
arxiv_ai_titles,pcomp,-0.0004429162434058942,0.00018227627512007694,-0.000800177742641245,-8.565474417054339e-05
arxiv_ai_titles,pobj,0.0003599808077029837,0.0002455614745491381,-0.00012131968241332696,0.0008412812978192943
arxiv_ai_titles,poss,-2.2816599725857618e-05,9.71201126635984e-05,-0.00021317202054651048,0.00016753882109479525
arxiv_ai_titles,preconj,-1.5126281292353553e-06,1.2822470738569998e-05,-2.6644670776832555e-05,2.361941451836184e-05
arxiv_ai_titles,predet,3.1957568114739184e-08,3.2162331002976177e-06,-6.2718593084685916e-06,6.33577444469807e-06
arxiv_ai_titles,prep,-2.958990025106467e-05,0.00023786696304892402,-0.0004958091478269558,0.0004366293473248264
arxiv_ai_titles,prt,4.54925716254879e-06,3.5086865492039225e-05,-6.422099920184808e-05,7.331951352694568e-05
arxiv_ai_titles,quantmod,-1.4432016265245214e-05,1.1003396170633113e-05,-3.599867275968611e-05,7.134640229195688e-06
arxiv_ai_titles,relcl,-0.00016720310569704768,3.744940330142265e-05,-0.00024060393616783606,-9.380227522625928e-05
arxiv_ai_titles,xcomp,-4.047141765652063e-05,7.638174972173099e-05,-0.00019017964711111335,0.00010923681179807209
arxiv_qbio_abstracts,ROOT,-0.00020546261589144375,0.00010329670520203476,-0.00040792415808743186,-3.0010736954556427e-06
arxiv_qbio_abstracts,acl,-0.00010996406218272874,0.00010643812820609842,-0.00031858279346668166,9.865466910122416e-05
arxiv_qbio_abstracts,acomp,-6.99183275790962e-05,9.072530337516034e-05,-0.0002477399221944105,0.00010790326703621808
arxiv_qbio_abstracts,advcl,0.0008565049974941573,0.00024554225153119904,0.00037524218449300716,0.0013377678104953073
arxiv_qbio_abstracts,advmod,1.321356481635231e-05,0.0002496864646478291,-0.0004761719058933927,0.0005025990355260973
arxiv_qbio_abstracts,agent,0.00015402677297423202,5.729743043252325e-05,4.172380932648645e-05,0.0002663297366219776
arxiv_qbio_abstracts,amod,0.00805459941823074,0.000936819252468783,0.006218433683391926,0.009890765153069556
arxiv_qbio_abstracts,appos,0.0010848730473089828,0.00013354205218009743,0.0008231306250359918,0.0013466154695819738
arxiv_qbio_abstracts,attr,-0.0003980631487228488,6.104687323712356e-05,-0.000517715020267611,-0.00027841127717808664
arxiv_qbio_abstracts,aux,-0.0030656640072663994,0.0002509301867505093,-0.0035574871732973975,-0.002573840841235401
arxiv_qbio_abstracts,auxpass,-0.0007278408059914303,0.00024210821098638238,-0.0012023728995247398,-0.0002533087124581208
arxiv_qbio_abstracts,case,-8.074418361848324e-05,4.537465253627899e-05,-0.00016967850258959005,8.190135352623574e-06
arxiv_qbio_abstracts,cc,0.0005905419521187935,0.0002143944770177552,0.00017032877716399334,0.0010107551270735937
arxiv_qbio_abstracts,ccomp,0.0005557490374250816,0.00018328249216980973,0.00019651535277225452,0.0009149827220779087
arxiv_qbio_abstracts,compound,0.0032469155715681205,0.0007131818723750774,0.001849079101712969,0.004644752041423272
arxiv_qbio_abstracts,conj,0.00115071305617643,0.00033020047541212325,0.0005035201243686685,0.0017979059879841917
arxiv_qbio_abstracts,csubj,8.033737472307547e-05,2.7689034332112418e-05,2.606686743213513e-05,0.00013460788201401583
arxiv_qbio_abstracts,csubjpass,-3.3740411923361464e-06,6.735418002384263e-06,-1.6575460477009303e-05,9.82737809233701e-06
arxiv_qbio_abstracts,dative,-5.29581050562667e-06,8.78179472095797e-06,-2.250812815870429e-05,1.191650714745095e-05
arxiv_qbio_abstracts,dep,8.614298112933754e-05,3.0811816093097024e-05,2.575182158686737e-05,0.0001465341406718077
arxiv_qbio_abstracts,det,-0.0056094703494791575,0.0008157341911245105,-0.007208309364083198,-0.004010631334875117
arxiv_qbio_abstracts,dobj,0.0013507079041891433,0.0007299183281111368,-7.993201890868474e-05,0.0027813478272869716
arxiv_qbio_abstracts,expl,-0.0001313880417314097,2.1801795173200614e-05,-0.0001741195602708829,-8.86565231919365e-05
arxiv_qbio_abstracts,intj,-2.3884036482969176e-06,8.001637127960235e-06,-1.8071612419098978e-05,1.3294805122505142e-05
arxiv_qbio_abstracts,mark,0.0005572605672562502,0.00014541293747210026,0.0002722512098109337,0.0008422699247015667
arxiv_qbio_abstracts,meta,-8.301229920996481e-06,2.0280488977943187e-05,-4.805098831776513e-05,3.1448528475772164e-05
arxiv_qbio_abstracts,neg,-2.514404047285936e-05,4.545800518403772e-05,-0.00011424173063357329,6.395364968785457e-05
arxiv_qbio_abstracts,nmod,0.000769758345408537,0.00012625499338249943,0.0005222985583788381,0.001017218132438236
arxiv_qbio_abstracts,npadvmod,0.001302913020293197,0.00014963351470557315,0.0010096313314702735,0.0015961947091161204
arxiv_qbio_abstracts,nsubj,0.0014638007220758318,0.0003744792481083316,0.0007298213957835019,0.0021977800483681618
arxiv_qbio_abstracts,nsubjpass,-0.0006652558444344902,0.00022140711293424623,-0.0010992137857856127,-0.00023129790308336763
arxiv_qbio_abstracts,nummod,0.000505478549688161,0.0003491958752376727,-0.00017894536577767748,0.0011899024651539996
arxiv_qbio_abstracts,oprd,-2.7362229804655868e-05,2.0580275691418167e-05,-6.769957015983547e-05,1.2975110550523736e-05
arxiv_qbio_abstracts,parataxis,1.7132282966512548e-05,6.302972398498399e-06,4.7784570654556864e-06,2.9486108867569407e-05
arxiv_qbio_abstracts,pcomp,-0.0005044637968499806,0.00017604703289685213,-0.0008495159813278108,-0.00015941161237215037
arxiv_qbio_abstracts,pobj,-0.003829693554965879,0.0005556752921225149,-0.004918817127526009,-0.0027405699824057496
arxiv_qbio_abstracts,poss,-0.0007725849663136626,0.00023881181367038082,-0.001240656121107609,-0.00030451381151971624
arxiv_qbio_abstracts,preconj,6.398262229446147e-05,3.263676721021108e-05,1.455856244774931e-08,0.0001279506860264752
arxiv_qbio_abstracts,predet,-4.6638698598604566e-05,1.2162711098291973e-05,-7.047761235125683e-05,-2.27997848459523e-05
arxiv_qbio_abstracts,prep,-0.004625930722604924,0.0005990854441856162,-0.005800138193208732,-0.0034517232520011164
arxiv_qbio_abstracts,prt,-6.924996178684949e-05,2.0763130846967268e-05,-0.00010994569824690533,-2.8554225326793646e-05
arxiv_qbio_abstracts,quantmod,0.00010794438496101105,5.600665482924924e-05,-1.828658504317464e-06,0.00021771742842633957
arxiv_qbio_abstracts,relcl,-4.108847903510661e-05,9.676797891884357e-05,-0.00023075371771604002,0.0001485767596458268
arxiv_qbio_abstracts,xcomp,-0.000987308850504296,9.418410770470161e-05,-0.0011719097016055112,-0.0008027079994030809
arxiv_qbio_titles,ROOT,-0.00014950903488835168,0.0005075647042997716,-0.0011443358553159038,0.0008453177855392005
arxiv_qbio_titles,acl,-0.0014591331191222397,0.0003147049569528162,-0.0020759548347497594,-0.0008423114034947199
arxiv_qbio_titles,acomp,4.3705716325659206e-05,4.6653440911931865e-05,-4.773502786172725e-05,0.00013514646051304566
arxiv_qbio_titles,advcl,-9.208046999596622e-05,0.0001316759042014375,-0.0003501652422307837,0.00016600430223885127
arxiv_qbio_titles,advmod,0.0005341422499353802,0.00017307661632817882,0.00019491208193214964,0.0008733724179386107
arxiv_qbio_titles,agent,-5.276880826135378e-05,8.943892711765098e-05,-0.0002280691054119497,0.00012253148888924213
arxiv_qbio_titles,amod,0.00450183006650608,0.0027734200132422606,-0.0009340731594487508,0.00993773329246091
arxiv_qbio_titles,appos,0.0006483711047118451,0.0005943744214962545,-0.0005166027614208137,0.001813344970844504
arxiv_qbio_titles,attr,0.00018239381674360242,6.058043449098562e-05,6.36561651412706e-05,0.00030113146834593425
arxiv_qbio_titles,aux,-0.0007954907931072361,0.0001800367833148174,-0.001148362888404278,-0.000442618697810194
arxiv_qbio_titles,auxpass,8.768255006634588e-05,7.249303843519297e-05,-5.4403805266632334e-05,0.0002297689053993241
arxiv_qbio_titles,case,-5.19923545160573e-05,0.00013955548669906053,-0.00032552110844621593,0.00022153639941410134
arxiv_qbio_titles,cc,5.936886585887653e-05,0.0004093179816195297,-0.0007428943781154017,0.0008616321098331548
arxiv_qbio_titles,ccomp,0.00013231818627800352,8.628718654560921e-05,-3.680469935139053e-05,0.0003014410719073976
arxiv_qbio_titles,compound,-7.141923453966859e-05,0.00138391525450326,-0.002783893133366058,0.002641054664286721
arxiv_qbio_titles,conj,-5.336864955483422e-05,0.0005503893842123424,-0.0011321318426110252,0.0010253945435013568
arxiv_qbio_titles,csubj,-1.1565477448903562e-05,7.778169789192824e-05,-0.0001640176053170829,0.0001408866504192758
arxiv_qbio_titles,dative,-1.871280815176954e-05,1.1769096475217907e-05,-4.178023724319664e-05,4.354620939657557e-06
arxiv_qbio_titles,dep,2.9139073002908914e-06,7.807698766750707e-05,-0.00015011698852802297,0.00015594480312860475
arxiv_qbio_titles,det,0.0006909402793547573,0.0012623583615671548,-0.001783282109316866,0.0031651626680263808
arxiv_qbio_titles,dobj,-0.0015815189040777299,0.0007845083091956011,-0.003119155190101108,-4.38826180543517e-05
arxiv_qbio_titles,expl,-1.6747080453738402e-05,4.8908278403114805e-05,-0.00011260730612384342,7.911314521636661e-05
arxiv_qbio_titles,intj,-2.2919385434751903e-05,1.250782187722861e-05,-4.743471631411998e-05,1.595945444616172e-06
arxiv_qbio_titles,mark,-3.490006795878208e-05,6.837787464192848e-05,-0.0001689207022569619,9.912056633939773e-05
arxiv_qbio_titles,meta,-1.2103929211893027e-05,2.5681489070648075e-05,-6.243964779036325e-05,3.8231789366577196e-05
arxiv_qbio_titles,neg,2.847722526979436e-05,3.095980986462906e-05,-3.2204002064878594e-05,8.915845260446732e-05
arxiv_qbio_titles,nmod,-0.0005360814763431445,0.0002964928635014734,-0.0011172074888060324,4.504453611974327e-05
arxiv_qbio_titles,npadvmod,0.0008504494747570432,0.0004431153347197669,-1.8056581293699825e-05,0.0017189555308077863
arxiv_qbio_titles,nsubj,0.001820856402090471,0.0004069686244316759,0.0010231978982043863,0.0026185149059765557
arxiv_qbio_titles,nsubjpass,7.77405245972977e-05,9.51797936781853e-05,-0.00010881187101194548,0.0002642929202065409
arxiv_qbio_titles,nummod,-1.256255853931119e-05,0.0002671273728625484,-0.000536132209349906,0.0005110070922712837
arxiv_qbio_titles,oprd,1.7043763923850385e-05,1.3266136228817301e-05,-8.957863084631524e-06,4.3045390932332295e-05
arxiv_qbio_titles,parataxis,2.528573913635859e-05,1.741598240574412e-05,-8.849586378899886e-06,5.942106465161707e-05
arxiv_qbio_titles,pcomp,-0.0004719152179236709,0.00019604909379614764,-0.0008561714417641203,-8.765899408322156e-05
arxiv_qbio_titles,pobj,-0.0016251705783051212,0.001102335852346319,-0.0037857488489039066,0.0005354076922936641
arxiv_qbio_titles,poss,-9.295139654975606e-05,0.00010551734410388658,-0.00029976539099337376,0.00011386259789386165
arxiv_qbio_titles,preconj,-9.041734609729633e-06,3.7219694155762795e-05,-8.199233515502472e-05,6.390886593556544e-05
arxiv_qbio_titles,prep,-0.0019812232231516957,0.00104656856678273,-0.004032497614045847,7.005116774245514e-05
arxiv_qbio_titles,prt,-5.434910655320742e-05,3.825415114853457e-05,-0.00012932724280433517,2.062902969792034e-05
arxiv_qbio_titles,quantmod,-2.4410304157408845e-05,3.574003626685075e-05,-9.446077524043631e-05,4.564016692561862e-05
arxiv_qbio_titles,relcl,-0.00011339347918805122,0.00012130282693945207,-0.0003511470199893773,0.00012436006161327482
arxiv_qbio_titles,xcomp,-0.00037944573576996097,9.545840227319698e-05,-0.000566544204225427,-0.0001923472673144949
arxiv_stat_abstracts,ROOT,-0.0001611216724951457,0.00011311336724229422,-0.00038282387229004235,6.0580527299750975e-05
arxiv_stat_abstracts,acl,-0.00025696342302678876,8.652223850901065e-05,-0.0004265470105044496,-8.737983554912788e-05
arxiv_stat_abstracts,acomp,-0.00013957064650061053,0.00010344949572007734,-0.00034233165811196214,6.319036511074106e-05
arxiv_stat_abstracts,advcl,0.0007284845905017063,0.00019105824650194467,0.00035401042735789477,0.0011029587536455178
arxiv_stat_abstracts,advmod,-0.0006017124959198251,0.00010395149945193759,-0.0008054574348456227,-0.0003979675569940274
arxiv_stat_abstracts,agent,8.164618378941435e-06,4.360403402839515e-05,-7.729928831671305e-05,9.362852507459592e-05
arxiv_stat_abstracts,amod,0.005747003810405063,0.0006256643268768216,0.004520701729726493,0.006973305891083633
arxiv_stat_abstracts,appos,0.0006465430104285672,0.00010182700392619834,0.0004469620827332184,0.0008461239381239158
arxiv_stat_abstracts,attr,-0.00037900849517765573,5.5362051359027575e-05,-0.0004875181158413498,-0.00027049887451396166
arxiv_stat_abstracts,aux,-0.0024782109879273556,0.0004873773711777338,-0.0034334706354357137,-0.0015229513404189975
arxiv_stat_abstracts,auxpass,-0.00047467583153228,0.00024317722420571353,-0.0009513031909754785,1.9515279109184663e-06
arxiv_stat_abstracts,case,-7.763768163355578e-05,3.4889153462888804e-05,-0.00014602042242081785,-9.254940846293726e-06
arxiv_stat_abstracts,cc,0.0012247919418135978,0.00016476800129878023,0.0009018466592679886,0.001547737224359207
arxiv_stat_abstracts,ccomp,5.7951275207959166e-05,0.0001081637277747209,-0.0001540496312304938,0.00026995218164641217
arxiv_stat_abstracts,compound,0.0030821393200285794,0.00029808477659362133,0.0024978931579050815,0.0036663854821520772
arxiv_stat_abstracts,conj,0.001716918166566459,0.00019837915561521876,0.0013280950215606303,0.002105741311572288
arxiv_stat_abstracts,csubj,-6.905420138147772e-06,2.6909701915472376e-05,-5.964843589247363e-05,4.5837595616178084e-05
arxiv_stat_abstracts,csubjpass,-2.523034423973193e-06,3.2408494208556406e-06,-8.875099288850249e-06,3.8290304409038625e-06
arxiv_stat_abstracts,dative,-1.5320165742708965e-05,3.914317382910372e-06,-2.2992227813213294e-05,-7.648103672204636e-06
arxiv_stat_abstracts,dep,4.160837375836573e-05,1.5376983559535486e-05,1.1469485981676174e-05,7.174726153505528e-05
arxiv_stat_abstracts,det,-0.0036476410530904887,0.0007762548610330467,-0.00516910058071526,-0.0021261815254657174
arxiv_stat_abstracts,dobj,0.0010642086346874247,0.0008445530343637159,-0.0005911153126654585,0.0027195325820403076
arxiv_stat_abstracts,expl,-0.00011736576262143101,1.1056988882296504e-05,-0.00013903746083073217,-9.569406441212985e-05
arxiv_stat_abstracts,intj,4.954753421645144e-07,7.596944265788185e-06,-1.4394535418780328e-05,1.5385486103109357e-05
arxiv_stat_abstracts,mark,0.0001814711792384521,8.96451496421415e-05,5.7666859398547334e-06,0.00035717567253704943
arxiv_stat_abstracts,meta,-3.3939839986760115e-05,1.6198118323369955e-05,-6.568815190056523e-05,-2.1915280729550062e-06
arxiv_stat_abstracts,neg,-0.00011618902218196389,3.6933524228318416e-05,-0.00018857872966946798,-4.37993146944598e-05
arxiv_stat_abstracts,nmod,0.0005246482659211735,0.000201940636065734,0.00012884461923233487,0.0009204519126100122
arxiv_stat_abstracts,npadvmod,0.0010341085851783326,0.00015225258125754995,0.0007356935259135347,0.0013325236444431305
arxiv_stat_abstracts,nsubj,0.0006831215176395285,0.0002493415336617255,0.00019441211166254654,0.0011718309236165105
arxiv_stat_abstracts,nsubjpass,-0.00043714291229999223,0.0002371564844726154,-0.0009019696218663184,2.7683797266333924e-05
arxiv_stat_abstracts,nummod,0.0004250319881929655,0.00016443788829427833,0.00010273372713617997,0.000747330249249751
arxiv_stat_abstracts,oprd,-9.699469348155822e-05,1.7891071984409436e-05,-0.00013206119457100072,-6.192819239211571e-05
arxiv_stat_abstracts,parataxis,-4.755583433435517e-06,5.5916682041851085e-06,-1.571525311363833e-05,6.2040862467672966e-06
arxiv_stat_abstracts,pcomp,-0.0004664523163502678,0.0002017996672049657,-0.0008619796640720006,-7.092496862853506e-05
arxiv_stat_abstracts,pobj,-0.0026179507091608593,0.0005682296675978134,-0.0037316808576525733,-0.0015042205606691451
arxiv_stat_abstracts,poss,-0.0008041473166317277,0.00021741478846361441,-0.001230280302020412,-0.0003780143312430435
arxiv_stat_abstracts,preconj,1.8831091021440463e-05,1.9944715711241274e-05,-2.0260551772592432e-05,5.792273381547336e-05
arxiv_stat_abstracts,predet,-5.656229967107017e-05,1.3644199638639706e-05,-8.3304930962804e-05,-2.9819668379336347e-05
arxiv_stat_abstracts,prep,-0.003272336398880733,0.000506152199296569,-0.004264394709502009,-0.0022802780882594576
arxiv_stat_abstracts,prt,4.240137144876781e-06,1.2010636614453902e-05,-1.9300710619452867e-05,2.778098490920643e-05
arxiv_stat_abstracts,quantmod,4.4739494353590934e-05,3.837664580837736e-05,-3.0478731430828694e-05,0.00011995772013801056
arxiv_stat_abstracts,relcl,-0.00016438224141222964,6.598832498683291e-05,-0.00029371935838642217,-3.504512443803712e-05
arxiv_stat_abstracts,xcomp,-0.0008049914720917687,0.0001555319222858597,-0.0011098340397720538,-0.0005001489044114837
arxiv_stat_titles,ROOT,-0.00030649222621986945,0.0005635180985518514,-0.0014109876993814983,0.0007980032469417594
arxiv_stat_titles,acl,-0.0008150130109720879,0.0005177857712251579,-0.0018298731225733975,0.0001998471006292217
arxiv_stat_titles,acomp,-7.192801053151696e-05,7.73800889349082e-05,-0.00022359298484393703,7.973696378090312e-05
arxiv_stat_titles,advcl,-0.00017269959751403473,9.194867500312335e-05,-0.0003529190005201565,7.519805492087032e-06
arxiv_stat_titles,advmod,-0.00023958167322994184,0.00019296943563063443,-0.0006178017670659853,0.00013863842060610166
arxiv_stat_titles,agent,7.8566844569046e-06,2.6610910707652287e-05,-4.430070053009388e-05,6.001406944390308e-05
arxiv_stat_titles,amod,0.0023979949682061547,0.0014867180452182486,-0.0005159724004216125,0.005311962336833922
arxiv_stat_titles,appos,0.0009320349764621299,0.0003810537535283125,0.0001851696195466374,0.0016789003333776225
arxiv_stat_titles,attr,1.996083607810618e-05,7.383986001768892e-05,-0.0001247652895565641,0.00016468696171277646
arxiv_stat_titles,aux,-0.00047393732197244546,0.0001957889231551176,-0.000857683611356476,-9.019103258841498e-05
arxiv_stat_titles,auxpass,-2.5127178726317253e-05,2.197883100147173e-05,-6.820568748920184e-05,1.7951330036567335e-05
arxiv_stat_titles,case,0.0001138938140255335,9.505766065092541e-05,-7.241920085028031e-05,0.0003002068289013473
arxiv_stat_titles,cc,0.0004955654877501986,0.00045828162757330723,-0.0004026665022934835,0.0013937974777938809
arxiv_stat_titles,ccomp,3.775338464908551e-05,6.293568898425275e-05,-8.56005657600499e-05,0.00016110733505822093
arxiv_stat_titles,compound,-0.00031408900683967816,0.0007887846759933788,-0.0018601069717867006,0.0012319289581073443
arxiv_stat_titles,conj,0.000517205117160629,0.0005700444104616338,-0.0006000819273441732,0.0016344921616654312
arxiv_stat_titles,csubj,-5.9913817086574216e-05,4.41466065908445e-05,-0.00014644116600462942,2.6613531831480992e-05
arxiv_stat_titles,csubjpass,-3.30851097219837e-06,5.6227533401682516e-06,-1.4329107518928142e-05,7.712085574531402e-06
arxiv_stat_titles,dative,-4.140052021496163e-06,6.489754816277459e-06,-1.685997146139998e-05,8.579867418407656e-06
arxiv_stat_titles,dep,2.356088724219543e-05,0.0001504455216971966,-0.00027131233528430987,0.0003184341097687008
arxiv_stat_titles,det,9.719156523275811e-05,0.0013700808129412663,-0.002588166828132124,0.00278254995859764
arxiv_stat_titles,dobj,-0.0022362984822179195,0.0015424836149487036,-0.005259566367517378,0.0007869694030815393
arxiv_stat_titles,expl,1.7879695608474307e-05,1.8989721696498255e-05,-1.9340158916662274e-05,5.509955013361089e-05
arxiv_stat_titles,intj,1.4643282983618845e-05,1.2481196342909951e-05,-9.819861848484659e-06,3.910642781572235e-05
arxiv_stat_titles,mark,-1.0155160468917529e-05,1.3458359239040603e-05,-3.653354457743711e-05,1.6223223639602053e-05
arxiv_stat_titles,meta,-7.1267772601535165e-06,1.57919448379038e-05,-3.8078989142444964e-05,2.382543462213793e-05
arxiv_stat_titles,neg,6.3891340183726215e-06,3.140917252099868e-05,-5.517284412278478e-05,6.795111215953002e-05
arxiv_stat_titles,nmod,0.00026046478071715495,0.0002573115366932716,-0.00024386583120165743,0.0007647953926359673
arxiv_stat_titles,npadvmod,0.0009918455933204178,0.000436809858154547,0.0001356982713375057,0.00184799291530333
arxiv_stat_titles,nsubj,-1.1035350340138795e-05,0.00024416468767352604,-0.0004895981381802497,0.0004675274374999722
arxiv_stat_titles,nsubjpass,-3.426348078504393e-05,2.6854839245912342e-05,-8.689896570703213e-05,1.837200413694426e-05
arxiv_stat_titles,nummod,9.545274377500745e-05,0.00011691792688702378,-0.00013370639292355915,0.0003246118804735741
arxiv_stat_titles,oprd,-4.145473612137896e-06,1.747865235228005e-05,-3.840363222260679e-05,3.0112684998330996e-05
arxiv_stat_titles,parataxis,8.931116401700088e-06,1.2081078666635617e-05,-1.4747797784905721e-05,3.2610030588305897e-05
arxiv_stat_titles,pcomp,-0.00033377055156110457,0.0001934683500670636,-0.0007129685176925492,4.542741457034009e-05
arxiv_stat_titles,pobj,-5.394775559635495e-05,0.0012480795534368582,-0.002500183680332597,0.0023922881691398872
arxiv_stat_titles,poss,0.00010923618742118238,0.00012318836011055096,-0.0001322129983954975,0.00035068537323786227
arxiv_stat_titles,preconj,-7.76747520823063e-06,1.2225667418345341e-05,-3.17297833481875e-05,1.6194832931726237e-05
arxiv_stat_titles,predet,-7.185226132975566e-06,6.9573123073557845e-06,-2.0821558255392904e-05,6.451105989441772e-06
arxiv_stat_titles,prep,-0.0005179009288612813,0.0012299474692702053,-0.0029285979686308836,0.0018927961109083211
arxiv_stat_titles,prt,4.291807265440547e-06,2.484624813882451e-05,-4.440683908665549e-05,5.2990453617536585e-05
arxiv_stat_titles,quantmod,-2.316019183422599e-05,1.5021132488679118e-05,-5.260161151203706e-05,6.28122784358508e-06
arxiv_stat_titles,relcl,-0.00025343162017700375,4.574812366688202e-05,-0.00034309794256409253,-0.00016376529778991498
arxiv_stat_titles,xcomp,-0.00015168595426855633,0.00019093536274916498,-0.0005259192652569196,0.000222547356719807
medarxiv_abstracts,ROOT,0.00046316028741151733,0.0002199042862843357,3.214788629421939e-05,0.0008941726885288153
medarxiv_abstracts,acl,-0.00020509520779672481,0.00012226828325413724,-0.0004447410429748338,3.4550627381384175e-05
medarxiv_abstracts,acomp,-3.764139884160715e-05,0.00016615596216253023,-0.00036330708468016636,0.0002880242869969521
medarxiv_abstracts,advcl,0.0007256670452434421,0.00018108526200415626,0.0003707399317152958,0.0010805941587715884
medarxiv_abstracts,advmod,2.5266978747210664e-05,0.000324436276632314,-0.0006106281234521247,0.0006611620809465461
medarxiv_abstracts,agent,4.094534425164074e-06,4.282358575070763e-05,-7.983969364622288e-05,8.802876249655101e-05
medarxiv_abstracts,amod,0.007033357363815497,0.001965020296471871,0.0031819175827306305,0.010884797144900364
medarxiv_abstracts,appos,0.0011856943648277675,0.0007455468394394588,-0.00027557744047357184,0.0026469661701291067
medarxiv_abstracts,attr,-0.00042217440586292084,8.428616585850952e-05,-0.0005873752909455994,-0.0002569735207802422
medarxiv_abstracts,aux,-0.0009439902888076976,0.000436754930898788,-0.0018000299533693222,-8.795062424607318e-05
medarxiv_abstracts,auxpass,-0.00020253440831436242,0.00022546170604548682,-0.0006444393521635166,0.00023937053553479176
medarxiv_abstracts,case,-2.2982746100476822e-05,2.2152700663785103e-05,-6.640203940149562e-05,2.0436547200541977e-05
medarxiv_abstracts,cc,0.00020990723831548264,0.000464772099930001,-0.0007010460775473192,0.0011208605541782844
medarxiv_abstracts,ccomp,8.284368444787761e-05,0.00016380896478571469,-0.00023822188653212318,0.00040390925542787843
medarxiv_abstracts,compound,0.0026127822380852513,0.001351487150966938,-3.613257780994694e-05,0.0052616970539804495
medarxiv_abstracts,conj,0.0008522088882427405,0.0006515966874612271,-0.0004249206191812646,0.0021293383956667456
medarxiv_abstracts,csubj,8.377083064889306e-05,9.905623766742403e-06,6.435580806607795e-05,0.00010318585323170817
medarxiv_abstracts,csubjpass,1.4771774042091788e-06,7.972065817278086e-06,-1.4148071597655871e-05,1.7102426406074227e-05
medarxiv_abstracts,dative,-1.4046616959212087e-05,4.306266232655593e-06,-2.248689877521705e-05,-5.606335143207125e-06
medarxiv_abstracts,dep,0.00011442666491494834,6.018631213266076e-05,-3.5385068650667427e-06,0.00023239183669496343
medarxiv_abstracts,det,-0.004759708956139071,0.0020202707392338393,-0.008719439605037396,-0.0007999783072407465
medarxiv_abstracts,dobj,0.0020384279960861244,0.0007187736860669355,0.0006296315713949308,0.003447224420777318
medarxiv_abstracts,expl,-0.0001717741448049149,2.7417958423089582e-05,-0.0002255133433141705,-0.00011803494629565933
medarxiv_abstracts,intj,-1.2235023060572844e-05,1.1958991792134711e-05,-3.5674646973156876e-05,1.1204600852011188e-05
medarxiv_abstracts,mark,0.00011950169909059255,0.0002517536687834171,-0.000373935491724905,0.00061293888990609
medarxiv_abstracts,meta,6.091672438060345e-06,2.8378600312478477e-06,5.29466776814564e-07,1.1653878099306126e-05
medarxiv_abstracts,neg,-2.1534412797793324e-05,7.88452737405813e-05,-0.00017607114932933267,0.00013300232373374604
medarxiv_abstracts,nmod,-0.000391801120561842,0.0002761776858046391,-0.0009331093847389346,0.00014950714361525066
medarxiv_abstracts,npadvmod,0.00130237782497325,0.0005763100152337345,0.00017281019511513045,0.0024319454548313696
medarxiv_abstracts,nsubj,0.0007414737501595004,0.00043777306255654704,-0.00011656145245133188,0.0015995089527703326
medarxiv_abstracts,nsubjpass,-0.00010234553718285061,0.00023941234857570516,-0.0005715937403912327,0.0003669026660255315
medarxiv_abstracts,nummod,-0.0003436698694815315,0.0008640298206122949,-0.0020371683178816297,0.0013498285789185665
medarxiv_abstracts,oprd,-2.2465247928059396e-05,1.2560308196062026e-05,-4.7083451992340965e-05,2.152956136222174e-06
medarxiv_abstracts,parataxis,4.9879559440186276e-05,4.178144724781779e-05,-3.201207716553659e-05,0.00013177119604590914
medarxiv_abstracts,pcomp,-0.0001832421283719593,0.00019733623155154223,-0.000570021142212982,0.00020353688546906345
medarxiv_abstracts,pobj,-0.004250665497610917,0.0008245701724615286,-0.005866823035635513,-0.0026345079595863205
medarxiv_abstracts,poss,-0.0003218138223475206,0.00015510125356185244,-0.0006258122793287514,-1.7815365366289813e-05
medarxiv_abstracts,preconj,-2.3672425110686592e-05,1.6176981209834966e-05,-5.537930828196312e-05,8.034458060589941e-06
medarxiv_abstracts,predet,-7.709175631246248e-06,1.6493222767357115e-05,-4.003589225526619e-05,2.46175409927737e-05
medarxiv_abstracts,prep,-0.004486034235380208,0.0008744804182162806,-0.006200015855084118,-0.0027720526156762982
medarxiv_abstracts,prt,-0.00015073546098780174,8.580572621117152e-05,-0.0003189146843616979,1.744376238609443e-05
medarxiv_abstracts,quantmod,-9.050316922866927e-05,0.0001346719021671963,-0.000354460097476374,0.00017345375901903548
medarxiv_abstracts,relcl,-0.00025387525109275166,5.484278331951721e-05,-0.0003613671063990054,-0.00014638339578649793
medarxiv_abstracts,xcomp,-0.00021015924831875457,0.00010167724250893624,-0.0004094466436362696,-1.0871853001239546e-05
medarxiv_titles,ROOT,0.0014673473313987215,0.0007134083851098725,6.906689658337157e-05,0.0028656277662140713
medarxiv_titles,acl,-0.0004950862435861565,0.00012030725506026895,-0.0007308884635042836,-0.0002592840236680294
medarxiv_titles,acomp,0.00016485837790476113,4.236249400270219e-05,8.182788965946485e-05,0.0002478888661500574
medarxiv_titles,advcl,-0.0002960817061942783,0.0002004781295579043,-0.0006890188401277707,9.685542773921413e-05
medarxiv_titles,advmod,-0.0017267674215174283,0.000998450570563564,-0.0036837305398220136,0.00023019569678715693
medarxiv_titles,agent,-0.00016922180528512536,9.330959605824433e-05,-0.0003521086135592843,1.3665002989033526e-05
medarxiv_titles,amod,0.0069896686843938256,0.006114747043696974,-0.004995235521252243,0.018974572890039895
medarxiv_titles,appos,0.0008772230356857362,0.00032056850626407084,0.0002489087634081574,0.001505537307963315
medarxiv_titles,attr,3.246107194156471e-05,7.830913925266421e-05,-0.00012102484099365715,0.00018594698487678655
medarxiv_titles,aux,8.921339462285622e-05,0.00020642569502589737,-0.0003153809676279026,0.0004938077568736151
medarxiv_titles,auxpass,-0.00016895393096480563,8.416094229316977e-05,-0.0003339093778594184,-3.998484070192877e-06
medarxiv_titles,case,8.950159945932286e-05,0.00022338111804074548,-0.00034832539190053825,0.000527328590819184
medarxiv_titles,cc,-0.00011910875084866556,0.000563368985287218,-0.0012233119620116127,0.0009850944603142816
medarxiv_titles,ccomp,1.9714854089341235e-05,5.981402742710683e-05,-9.752063966778814e-05,0.00013695034784647062
medarxiv_titles,compound,0.004331466335897248,0.001586441772561525,0.0012220404616766593,0.007440892210117837
medarxiv_titles,conj,-9.157704711502761e-05,0.0006346710348315662,-0.0013355322753848973,0.0011523781811548421
medarxiv_titles,csubj,9.699429333472008e-05,6.570829325705994e-05,-3.179396144911741e-05,0.00022578254811855757
medarxiv_titles,csubjpass,-6.515027594039397e-06,1.2075042195613127e-05,-3.0182110297441126e-05,1.7152055109362333e-05
medarxiv_titles,dative,1.1456128246699064e-05,1.30972882649376e-05,-1.4214556752578634e-05,3.712681324597676e-05
medarxiv_titles,dep,-5.731217900784245e-06,6.762425497766691e-05,-0.0001382747576570114,0.0001268123218554429
medarxiv_titles,det,-0.0020019499853575866,0.0018816297811607443,-0.005689944356432645,0.0016860443857174721
medarxiv_titles,dobj,0.00177565502407102,0.0007024141528263816,0.00039892328453131217,0.0031523867636107277
medarxiv_titles,expl,-6.481276095866961e-06,6.899123144020409e-06,-2.0003557458146963e-05,7.041005266413041e-06
medarxiv_titles,intj,-8.765339400584587e-06,1.1101400445689702e-05,-3.0524084274136404e-05,1.299340547296723e-05
medarxiv_titles,mark,-0.0001246932232231426,6.398582789162886e-05,-0.0002501054458907352,7.18999444449973e-07
medarxiv_titles,meta,7.61287380386009e-06,2.378616939861792e-05,-3.900801821743104e-05,5.423376582515121e-05
medarxiv_titles,neg,5.786623916300621e-05,4.434692641145008e-05,-2.905373660343595e-05,0.00014478621492944836
medarxiv_titles,nmod,-0.0025362762532138046,0.0011211323385306889,-0.004733695636733955,-0.00033885686969365456
medarxiv_titles,npadvmod,0.001642978370342271,0.0009999923975050381,-0.0003170067287676039,0.003602963469452146
medarxiv_titles,nsubj,-0.00028845131555220395,0.00044912533375332254,-0.0011687369697087162,0.0005918343386043082
medarxiv_titles,nsubjpass,-0.0001195078677426814,0.00010075498596533796,-0.0003169876402347438,7.7971904749381e-05
medarxiv_titles,nummod,-0.0020128991324155614,0.0013490297259578412,-0.00465699739529293,0.0006311991304618074
medarxiv_titles,oprd,8.98589136537641e-06,5.38123129980676e-06,-1.5613219822448392e-06,1.953310471299766e-05
medarxiv_titles,parataxis,2.027876483110673e-05,1.0272927866315947e-05,1.438262131274737e-07,4.041370344908599e-05
medarxiv_titles,pcomp,-2.5252717800864677e-05,0.00012629279828460166,-0.0002727866024386839,0.00022228116683695458
medarxiv_titles,pobj,-0.0037952343245459333,0.0022721640435409084,-0.008248675849886113,0.0006582072007942467
medarxiv_titles,poss,-0.00020536859480286827,0.00024687307942804974,-0.0006892398304818457,0.00027850264087610926
medarxiv_titles,preconj,-5.548118017889919e-05,2.707481224245211e-05,-0.00010854781217410533,-2.4145481836930605e-06
medarxiv_titles,prep,-0.0032169769931172237,0.0018272336641615887,-0.006798354974873938,0.0003644009886394901
medarxiv_titles,prt,-0.00032473884956479637,0.0002549670959670369,-0.0008244743576601885,0.00017499665853059585
medarxiv_titles,quantmod,4.152953172797727e-05,9.030784071134357e-05,-0.00013547383606625613,0.00021853289952221067
medarxiv_titles,relcl,3.232658184630824e-05,8.871056459604382e-05,-0.00014154612476193764,0.00020619928845455414
medarxiv_titles,xcomp,0.00011540211268487447,9.463933059951723e-05,-7.00909752901793e-05,0.00030089520065992826
