family,dataset_a,dataset_b,n_features,pearson_r,pearson_p,same_direction_share,median_abs_difference
adjectives,arxiv_qbio_titles,medarxiv_abstracts,5,0.7967524545149803,0.10657789938562448,0.8,0.10031220307086988
adjectives,arxiv_ai_abstracts,arxiv_qbio_abstracts,6,0.7895174701376261,0.06179185031628021,1.0,0.5754223867650313
adjectives,arxiv_ai_titles,arxiv_qbio_titles,5,0.7769811216431538,0.12211138535273296,0.4,0.3311101593146192
adjectives,arxiv_ai_abstracts,arxiv_stat_abstracts,6,0.6318701100913237,0.17833501313567016,1.0,0.8231772139684019
adjectives,arxiv_qbio_abstracts,arxiv_stat_abstracts,6,0.5843547132586572,0.22323785798167672,1.0,0.2279187174559913
adjectives,arxiv_qbio_abstracts,medarxiv_abstracts,6,0.40299263591300805,0.4282346656722632,0.3333333333333333,0.6327656106115086
adjectives,arxiv_ai_abstracts,arxiv_stat_titles,5,0.35604261558391204,0.5564411558670743,0.2,1.316866746517791
adjectives,arxiv_stat_abstracts,medarxiv_titles,5,0.2744614513158389,0.654983142376027,0.4,0.613494532002631
adjectives,arxiv_qbio_abstracts,medarxiv_titles,5,0.2736158541712508,0.656018574565855,0.4,0.7839161963142343
adjectives,arxiv_qbio_titles,medarxiv_titles,5,0.2597215913073747,0.6730685284426702,0.6,0.259168773829977
adjectives,arxiv_ai_abstracts,medarxiv_abstracts,6,0.23951481737757208,0.6475979388427413,0.3333333333333333,1.2981601278668045
adjectives,medarxiv_abstracts,medarxiv_titles,5,0.23127317008777767,0.7081803603512009,0.8,0.2125522403727862
adjectives,arxiv_qbio_abstracts,arxiv_qbio_titles,5,0.21460625500667627,0.7288669860366952,0.4,0.5626423291199236
adjectives,arxiv_stat_abstracts,arxiv_stat_titles,5,0.1817999850572001,0.7698065558246941,0.2,0.3561283313861666
adjectives,arxiv_ai_titles,arxiv_qbio_abstracts,6,0.12692784265478207,0.8106306827707803,1.0,0.3396220790548967
adjectives,arxiv_stat_abstracts,medarxiv_abstracts,6,0.12499368969104831,0.8134858800730275,0.3333333333333333,0.25509142075622926
adjectives,arxiv_ai_abstracts,medarxiv_titles,5,-0.08664043303249722,0.8898241435360972,0.4,1.2456074951250897
adjectives,arxiv_ai_abstracts,arxiv_ai_titles,6,-0.08730646177916947,0.8693730505158532,1.0,1.0066358915615417
adjectives,arxiv_ai_titles,medarxiv_titles,5,-0.20814582026070902,0.7369067909204846,0.4,0.49415024123178664
adjectives,arxiv_ai_abstracts,arxiv_qbio_titles,5,-0.2690383454432088,0.6616281994278107,0.4,1.3417164906004304
adjectives,arxiv_qbio_abstracts,arxiv_stat_titles,5,-0.28380742476257814,0.6435565157318455,0.2,0.6222971019672743
adjectives,arxiv_ai_titles,arxiv_stat_abstracts,6,-0.4223222299015013,0.4041785208748706,1.0,0.2053892304606234
adjectives,arxiv_stat_titles,medarxiv_abstracts,5,-0.46252115138793015,0.4328279613567175,0.6,0.1187263647010956
adjectives,arxiv_ai_titles,medarxiv_abstracts,6,-0.5054528649004989,0.30638790835567786,0.3333333333333333,0.3919693519299161
adjectives,arxiv_ai_titles,arxiv_stat_titles,5,-0.5280280746137282,0.3603928810353346,0.2,0.3399330574579492
adjectives,arxiv_qbio_titles,arxiv_stat_abstracts,5,-0.6060235220700331,0.27863888540462967,0.4,0.2731353771375687
adjectives,arxiv_stat_titles,medarxiv_titles,5,-0.6585878586451299,0.22680585683408652,0.4,0.1571889847881096
adjectives,arxiv_qbio_titles,arxiv_stat_titles,5,-0.7979943663441441,0.10562363647219263,0.4,0.10755144144479059
causal_markers,arxiv_ai_abstracts,arxiv_stat_abstracts,5,0.9807713541626958,0.0031915400524452596,1.0,0.5191346853249782
causal_markers,arxiv_ai_abstracts,arxiv_qbio_abstracts,5,0.9404752809967863,0.017276817482629787,1.0,0.6115544068131172
causal_markers,arxiv_qbio_abstracts,arxiv_stat_abstracts,5,0.8710375518094349,0.0545059702396475,1.0,0.1221630191778163
causal_markers,arxiv_qbio_abstracts,medarxiv_abstracts,5,0.8420145680907996,0.07356821080839725,0.8,0.1214968526991238
causal_markers,arxiv_ai_abstracts,medarxiv_abstracts,5,0.7637135287715929,0.1328821856793099,0.8,0.971390212913305
causal_markers,arxiv_stat_abstracts,medarxiv_abstracts,5,0.6501567825654476,0.23492312844270674,0.8,0.311674754181337
causal_markers,arxiv_ai_abstracts,arxiv_ai_titles,2,-1.0,1.0,0.0,1.5568008782983367
causal_markers,arxiv_ai_abstracts,arxiv_qbio_titles,2,-1.0,1.0,0.0,1.3001221108106527
causal_markers,arxiv_ai_abstracts,medarxiv_titles,2,-1.0,1.0,0.0,1.0667475962580912
causal_markers,arxiv_ai_titles,arxiv_qbio_abstracts,2,-1.0,1.0,0.0,0.49495450403726104
causal_markers,arxiv_ai_titles,arxiv_stat_abstracts,2,-1.0,1.0,0.0,1.3431283408128971
causal_markers,arxiv_ai_titles,medarxiv_abstracts,2,-1.0,1.0,0.0,0.42852091640921425
causal_markers,arxiv_qbio_abstracts,arxiv_qbio_titles,2,-1.0,1.0,0.0,0.4384223389459545
causal_markers,arxiv_qbio_abstracts,medarxiv_titles,2,-1.0,1.0,0.0,0.3372897220612945
causal_markers,arxiv_qbio_titles,arxiv_stat_abstracts,2,-1.0,1.0,0.0,1.220147681366539
causal_markers,arxiv_qbio_titles,medarxiv_abstracts,2,-1.0,1.0,0.0,0.2105552545757343
causal_markers,arxiv_stat_abstracts,medarxiv_titles,2,-1.0,1.0,0.0,1.0497597290331826
causal_markers,medarxiv_abstracts,medarxiv_titles,2,-1.0,1.0,0.0,0.35008896709073
contrast_markers,arxiv_ai_abstracts,arxiv_stat_abstracts,5,0.9106966547672068,0.03160317275922318,1.0,0.3325250640075659
contrast_markers,arxiv_qbio_abstracts,medarxiv_abstracts,5,0.9025786371662923,0.03596373446489282,0.6,0.02360400419062758
contrast_markers,arxiv_qbio_abstracts,arxiv_stat_abstracts,5,0.8478073255745924,0.0696230353376248,1.0,0.012480463035395102
contrast_markers,arxiv_stat_abstracts,medarxiv_abstracts,5,0.8086381743146059,0.09755293991586303,0.6,0.22226646148995508
contrast_markers,arxiv_ai_abstracts,arxiv_qbio_abstracts,5,0.6277078525739506,0.2569095493070637,1.0,0.3200446009721708
contrast_markers,arxiv_ai_abstracts,medarxiv_abstracts,5,0.5621095684537655,0.3240153723160992,0.6,0.4170692188925763
discourse_marker_totals,arxiv_ai_abstracts,arxiv_qbio_abstracts,5,0.9908533245170265,0.0010486535077681746,1.0,0.7136844985875488
discourse_marker_totals,arxiv_qbio_abstracts,arxiv_stat_abstracts,5,0.9758715158901907,0.004482815017907605,1.0,0.16778684901398266
discourse_marker_totals,arxiv_ai_abstracts,arxiv_stat_abstracts,5,0.9499686945701056,0.013332458974088525,1.0,0.5099279889472825
discourse_marker_totals,arxiv_ai_abstracts,medarxiv_abstracts,5,0.8920750582840873,0.04186566792554634,0.8,0.8612294052911119
discourse_marker_totals,arxiv_stat_abstracts,medarxiv_abstracts,5,0.8882159851250213,0.04410461271021659,0.8,0.5119438086414547
discourse_marker_totals,arxiv_qbio_abstracts,medarxiv_abstracts,5,0.8800202159515639,0.04898030395920205,0.8,0.7020483132968052
discourse_marker_totals,medarxiv_abstracts,medarxiv_titles,4,0.8245178406821595,0.1754821593178404,0.75,1.1762452526416691
discourse_marker_totals,arxiv_stat_abstracts,medarxiv_titles,4,0.6429108484394205,0.3570891515605794,0.5,0.7402899426656209
discourse_marker_totals,arxiv_qbio_abstracts,medarxiv_titles,4,0.5210762902785325,0.47892370972146736,0.5,0.7373828486412662
discourse_marker_totals,arxiv_stat_abstracts,arxiv_stat_titles,4,0.5074933314707948,0.4925066685292052,0.75,0.7574831018245639
discourse_marker_totals,arxiv_ai_abstracts,medarxiv_titles,4,0.5054780318237841,0.49452196817621585,0.5,1.4786555187629187
discourse_marker_totals,arxiv_qbio_abstracts,arxiv_stat_titles,4,0.4290850292084171,0.5709149707915828,0.75,0.8185086445557215
discourse_marker_totals,arxiv_ai_abstracts,arxiv_stat_titles,4,0.3656513339203997,0.6343486660796003,0.75,1.57777067672103
discourse_marker_totals,arxiv_ai_titles,medarxiv_titles,4,0.3342880624707768,0.6657119375292231,0.75,0.21196108200451397
discourse_marker_totals,arxiv_ai_titles,arxiv_stat_titles,4,0.1513337648817798,0.8486662351182201,0.5,0.06908676280994824
discourse_marker_totals,arxiv_stat_titles,medarxiv_abstracts,4,0.07042744632784637,0.9295725536721537,0.5,1.1948755036674283
discourse_marker_totals,arxiv_stat_titles,medarxiv_titles,4,-0.05388589082391171,0.9461141091760883,0.25,0.17518157565019876
discourse_marker_totals,arxiv_ai_titles,arxiv_stat_abstracts,4,-0.19388747756976,0.8061125224302401,0.25,0.8795655874893428
discourse_marker_totals,arxiv_ai_titles,medarxiv_abstracts,4,-0.21849191827838843,0.7815080817216116,0.5,1.3916353501122536
discourse_marker_totals,arxiv_qbio_titles,arxiv_stat_titles,4,-0.22679601334499658,0.7732039866550033,0.75,0.0289044685807243
discourse_marker_totals,arxiv_ai_titles,arxiv_qbio_titles,4,-0.28877739325809054,0.7112226067419094,0.25,0.0806507699893031
discourse_marker_totals,arxiv_ai_titles,arxiv_qbio_abstracts,4,-0.4159718667809313,0.5840281332190687,0.25,0.9493439306457803
discourse_marker_totals,arxiv_ai_abstracts,arxiv_ai_titles,4,-0.47621199592275004,0.52378800407725,0.25,1.6906166007674326
discourse_marker_totals,arxiv_ai_abstracts,arxiv_qbio_titles,4,-0.6580885153583794,0.3419114846416207,0.5,1.5756168525016627
discourse_marker_totals,arxiv_qbio_abstracts,arxiv_qbio_titles,4,-0.6869350764210066,0.3130649235789935,0.5,0.8163548203363542
discourse_marker_totals,arxiv_qbio_titles,arxiv_stat_abstracts,4,-0.8120029087506656,0.1879970912493345,0.5,0.762653964575035
discourse_marker_totals,arxiv_qbio_titles,medarxiv_abstracts,4,-0.8676190980509424,0.1323809019490576,0.25,1.2978068451271132
discourse_marker_totals,arxiv_qbio_titles,medarxiv_titles,4,-0.9566433532219247,0.04335664677807527,0.0,0.20716687445278142
emphasis_markers,arxiv_ai_abstracts,medarxiv_titles,2,1.0,1.0,0.5,0.9515137960915866
emphasis_markers,arxiv_qbio_abstracts,medarxiv_titles,2,1.0,1.0,0.5,0.4260126005034326
emphasis_markers,arxiv_stat_abstracts,medarxiv_titles,2,1.0,1.0,1.0,0.6889291147363935
emphasis_markers,medarxiv_abstracts,medarxiv_titles,2,1.0,1.0,0.5,1.538575828781864
emphasis_markers,arxiv_ai_abstracts,arxiv_qbio_abstracts,5,0.9760507690951432,0.004433073057005294,1.0,0.2552127193746862
emphasis_markers,arxiv_qbio_abstracts,arxiv_stat_abstracts,5,0.9322009569866669,0.02097502581645999,0.8,0.2514665454533605
emphasis_markers,arxiv_ai_abstracts,arxiv_stat_abstracts,5,0.8631942366340764,0.05948006272615863,0.8,0.1464343242959798
emphasis_markers,arxiv_stat_abstracts,medarxiv_abstracts,5,0.8614312618082807,0.060616717411645295,0.6,0.5886739208519055
emphasis_markers,arxiv_qbio_abstracts,medarxiv_abstracts,5,0.8114340184082885,0.09546556224806574,0.8,0.337207375398545
emphasis_markers,arxiv_ai_abstracts,medarxiv_abstracts,5,0.6673652041153646,0.21843939171651938,0.8,0.5337673627117951
marker_words,arxiv_qbio_abstracts,arxiv_stat_titles,8,0.9744535461342431,4.0885890570119236e-05,0.625,0.9937479479628294
marker_words,arxiv_ai_abstracts,arxiv_stat_abstracts,12,0.9730649253462912,1.0671970126385893e-07,0.8333333333333334,0.7482053848507539
marker_words,arxiv_ai_abstracts,arxiv_qbio_abstracts,12,0.9729811058333184,1.0837528040825008e-07,1.0,0.643618958977919
marker_words,arxiv_qbio_abstracts,arxiv_stat_abstracts,12,0.962619206903542,5.398110243816636e-07,0.8333333333333334,0.2949873572113409
marker_words,arxiv_ai_abstracts,arxiv_stat_titles,8,0.9353369737792363,0.0006435826110158129,0.625,1.728874038864083
marker_words,arxiv_ai_abstracts,medarxiv_abstracts,12,0.9030152788395512,5.7311561070827596e-05,0.8333333333333334,0.7192623252683279
marker_words,arxiv_qbio_titles,medarxiv_titles,8,0.8979837117794609,0.00245534908269857,0.75,0.26243391533122123
marker_words,arxiv_ai_titles,arxiv_qbio_titles,8,0.8939622243128091,0.002748699739821298,0.875,0.0959282695212628
marker_words,arxiv_ai_titles,arxiv_qbio_abstracts,9,0.8897936894893531,0.0013115520635167243,0.7777777777777778,0.9564115162471745
marker_words,arxiv_stat_abstracts,arxiv_stat_titles,8,0.8856207052541953,0.0034273785468274406,0.75,1.288951313502352
marker_words,arxiv_ai_titles,arxiv_stat_titles,8,0.8854183022949267,0.003445061031109446,0.875,0.10764982267262521
marker_words,arxiv_qbio_abstracts,medarxiv_abstracts,12,0.8791506602287134,0.00016516951920378186,0.8333333333333334,0.48188190214103144
marker_words,arxiv_stat_abstracts,medarxiv_abstracts,12,0.8743734300880747,0.00019883323194162922,0.6666666666666666,0.6038161068060892
marker_words,arxiv_ai_titles,arxiv_stat_abstracts,9,0.8567730908478123,0.0031735577051434176,0.8888888888888888,1.0169734353122044
marker_words,arxiv_ai_abstracts,arxiv_ai_titles,9,0.8414512276480862,0.004458545864089465,0.7777777777777778,1.7522011880487962
marker_words,arxiv_ai_titles,medarxiv_titles,8,0.7559854579367101,0.030000287154574184,0.625,0.35719606290865885
marker_words,arxiv_stat_titles,medarxiv_abstracts,8,0.7275100270867687,0.04080763261898577,0.75,1.9243804477118098
marker_words,arxiv_qbio_titles,arxiv_stat_titles,8,0.668809086638995,0.06975419877349563,0.75,0.16127500176037024
marker_words,arxiv_qbio_abstracts,arxiv_qbio_titles,8,0.6671099032246699,0.07073142450615476,0.625,0.9557555444548718
marker_words,arxiv_qbio_abstracts,medarxiv_titles,10,0.6532190044682353,0.04055699338180344,0.6,0.6322637040530692
marker_words,arxiv_qbio_titles,arxiv_stat_abstracts,8,0.6139332701036272,0.10541849133136913,0.75,1.2272722087583177
marker_words,arxiv_ai_titles,medarxiv_abstracts,9,0.6107049154199513,0.08065536279819475,0.6666666666666666,1.999679729522171
marker_words,arxiv_ai_abstracts,arxiv_qbio_titles,8,0.5767354641875716,0.1344874792917472,0.625,1.6908816353561256
marker_words,arxiv_stat_abstracts,medarxiv_titles,10,0.5724572856304521,0.0837280447643795,0.8,0.9739724109968445
marker_words,arxiv_ai_abstracts,medarxiv_titles,10,0.5714240611788642,0.08441663878226613,0.6,1.3673897949543228
marker_words,arxiv_stat_titles,medarxiv_titles,8,0.5429537000095007,0.16434459897061096,0.5,0.43824558463897767
marker_words,medarxiv_abstracts,medarxiv_titles,10,0.5205253697623303,0.1229451043232016,0.5,1.20111096646266
marker_words,arxiv_qbio_titles,medarxiv_abstracts,8,0.3439612172164656,0.4041345677301174,0.5,2.04043401482516
other,arxiv_ai_abstracts,arxiv_qbio_abstracts,2,1.0,1.0,1.0,0.6021747667316426
other,arxiv_ai_abstracts,arxiv_qbio_titles,2,1.0,1.0,0.5,1.1977506312775272
other,arxiv_ai_abstracts,arxiv_stat_abstracts,2,1.0,1.0,1.0,0.3650091325826605
other,arxiv_ai_abstracts,medarxiv_abstracts,2,1.0,1.0,0.5,1.2000260398753313
other,arxiv_ai_abstracts,medarxiv_titles,2,1.0,1.0,0.5,1.1581163355459116
other,arxiv_ai_titles,arxiv_stat_titles,2,1.0,1.0,0.0,0.2707118030466068
other,arxiv_qbio_abstracts,arxiv_qbio_titles,2,1.0,1.0,0.5,0.5955758645458846
other,arxiv_qbio_abstracts,arxiv_stat_abstracts,2,1.0,1.0,1.0,0.23716563414898212
other,arxiv_qbio_abstracts,medarxiv_abstracts,2,1.0,1.0,0.5,1.0546870012930216
other,arxiv_qbio_abstracts,medarxiv_titles,2,1.0,1.0,0.5,0.5559415688142689
other,arxiv_qbio_titles,arxiv_stat_abstracts,2,1.0,1.0,0.5,0.8327414986948668
other,arxiv_qbio_titles,medarxiv_abstracts,2,1.0,1.0,0.0,1.225788907589845
other,arxiv_qbio_titles,medarxiv_titles,2,1.0,1.0,0.0,0.6652795291556932
other,arxiv_stat_abstracts,medarxiv_abstracts,2,1.0,1.0,0.5,1.2371209226859028
other,arxiv_stat_abstracts,medarxiv_titles,2,1.0,1.0,0.5,0.7931072029632511
other,medarxiv_abstracts,medarxiv_titles,2,1.0,1.0,1.0,0.5605093784341517
other,arxiv_ai_abstracts,arxiv_ai_titles,2,-1.0,1.0,0.5,1.3213475762145324
other,arxiv_ai_abstracts,arxiv_stat_titles,2,-1.0,1.0,0.5,1.3101105653990137
other,arxiv_ai_titles,arxiv_qbio_abstracts,2,-1.0,1.0,0.5,0.71917280948289
other,arxiv_ai_titles,arxiv_qbio_titles,2,-1.0,1.0,1.0,0.12359694493700527
other,arxiv_ai_titles,arxiv_stat_abstracts,2,-1.0,1.0,0.5,0.956338443631872
other,arxiv_ai_titles,medarxiv_abstracts,2,-1.0,1.0,0.0,1.2412896811769514
other,arxiv_ai_titles,medarxiv_titles,2,-1.0,1.0,0.0,0.6807803027427997
other,arxiv_qbio_abstracts,arxiv_stat_titles,2,-1.0,1.0,0.5,0.7079357986673712
other,arxiv_qbio_titles,arxiv_stat_titles,2,-1.0,1.0,0.0,0.2552110294595004
other,arxiv_stat_abstracts,arxiv_stat_titles,2,-1.0,1.0,0.5,0.9451014328163533
other,arxiv_stat_titles,medarxiv_abstracts,2,-1.0,1.0,1.0,0.9705778781303445
other,arxiv_stat_titles,medarxiv_titles,2,-1.0,1.0,1.0,0.41006849969619286
phrases,arxiv_qbio_abstracts,arxiv_stat_abstracts,3,0.9993740445104127,0.02252628133230276,0.0,0.3663149192238188
phrases,arxiv_ai_abstracts,arxiv_qbio_abstracts,3,0.9103447530871628,0.2716329177389329,1.0,0.13817117425635597
phrases,arxiv_ai_abstracts,arxiv_stat_abstracts,3,0.8951341962179582,0.294159199071236,0.0,0.5073239927426153
phrases,arxiv_qbio_abstracts,medarxiv_abstracts,4,-0.007771525094982967,0.992228474905017,0.5,0.5680532817779707
phrases,arxiv_stat_abstracts,medarxiv_abstracts,3,-0.8974161316566924,0.2908835469865119,0.3333333333333333,0.964833194200719
phrases,arxiv_ai_abstracts,medarxiv_abstracts,3,-0.9999867625498915,0.00327565208469667,0.6666666666666666,0.826792131377484
phrases,arxiv_ai_abstracts,arxiv_ai_titles,2,,,1.0,0.17289879368904715
phrases,arxiv_ai_abstracts,arxiv_qbio_titles,2,,,0.0,0.401290997966547
phrases,arxiv_ai_titles,arxiv_qbio_abstracts,2,,,1.0,0.0439962063018209
phrases,arxiv_ai_titles,arxiv_qbio_titles,2,,,0.0,0.2283922042774999
phrases,arxiv_ai_titles,arxiv_stat_abstracts,2,,,0.0,0.40244053441024025
phrases,arxiv_ai_titles,medarxiv_abstracts,2,,,0.5,0.5240570754761498
phrases,arxiv_qbio_abstracts,arxiv_qbio_titles,2,,,0.0,0.18902243907036803
phrases,arxiv_qbio_titles,arxiv_stat_abstracts,2,,,1.0,0.17404833013274035
phrases,arxiv_qbio_titles,medarxiv_abstracts,2,,,0.5,0.5240570754761498
punctuation,arxiv_ai_titles,arxiv_stat_titles,3,0.999932201142995,0.007413251953816261,1.0,0.24581753365277348
punctuation,arxiv_qbio_abstracts,arxiv_stat_abstracts,3,0.9939205672817587,0.07023392130762542,1.0,0.04075833402489426
punctuation,arxiv_ai_titles,arxiv_qbio_titles,3,0.9717346813394184,0.15172263005172612,0.6666666666666666,0.11287364575467479
punctuation,arxiv_ai_abstracts,arxiv_qbio_abstracts,3,0.9705276404863683,0.15494409324443226,1.0,1.1640314969102699
punctuation,arxiv_qbio_titles,arxiv_stat_titles,3,0.9689198288191747,0.15913588200554513,0.6666666666666666,0.22871030262156644
punctuation,arxiv_ai_abstracts,arxiv_stat_abstracts,3,0.9380945164000014,0.2251780145520573,1.0,1.1676586591580589
punctuation,arxiv_qbio_titles,medarxiv_titles,3,0.9120828793087598,0.26894671273963916,1.0,0.5035340958303154
punctuation,arxiv_stat_abstracts,medarxiv_abstracts,3,0.7898699768091162,0.42029597460007395,1.0,0.9993785549622961
punctuation,arxiv_ai_titles,medarxiv_titles,3,0.7895101645477101,0.42066934279136464,0.6666666666666666,0.6685346581141646
punctuation,arxiv_stat_titles,medarxiv_titles,3,0.7823100038029144,0.4280825947451847,0.6666666666666666,0.7510072081433556
punctuation,arxiv_qbio_abstracts,medarxiv_abstracts,3,0.7175468001005958,0.49052989590769813,1.0,1.0759607671405433
punctuation,arxiv_ai_abstracts,medarxiv_titles,3,0.6742208158697232,0.5289592080327981,0.3333333333333333,2.301973445108558
punctuation,arxiv_ai_abstracts,medarxiv_abstracts,3,0.5285471042088261,0.645473989152131,1.0,1.5351286514794256
punctuation,arxiv_qbio_abstracts,medarxiv_titles,3,0.4763717610439212,0.6839033012772311,0.3333333333333333,1.0935564519256047
punctuation,arxiv_stat_abstracts,medarxiv_titles,3,0.3766713462504052,0.7541372225848553,0.3333333333333333,1.134314785950499
punctuation,arxiv_ai_abstracts,arxiv_qbio_titles,3,0.31214369559380273,0.797905920772437,0.3333333333333333,1.7984393492782424
punctuation,arxiv_ai_abstracts,arxiv_ai_titles,3,0.07904075469422016,0.9496285508241626,0.6666666666666666,1.6019471545607413
punctuation,arxiv_qbio_abstracts,arxiv_qbio_titles,3,0.07399533331668748,0.9528500140168702,0.3333333333333333,0.5900223560952893
punctuation,arxiv_ai_abstracts,arxiv_stat_titles,3,0.06742738103255708,0.9570418027779825,0.6666666666666666,1.7834118311981497
punctuation,arxiv_qbio_titles,arxiv_stat_abstracts,3,-0.036252215532578264,0.9769160646755057,0.3333333333333333,0.6307806901201836
punctuation,arxiv_ai_titles,arxiv_qbio_abstracts,3,-0.1635246303897349,0.8954273559314043,0.6666666666666666,0.3935301613777881
punctuation,arxiv_qbio_abstracts,arxiv_stat_titles,3,-0.17500124642522502,0.8880141039775847,0.6666666666666666,0.6193803342878799
punctuation,medarxiv_abstracts,medarxiv_titles,3,-0.270583437910359,0.825566802815071,0.3333333333333333,1.387230539148847
punctuation,arxiv_ai_titles,arxiv_stat_abstracts,3,-0.2711479987841283,0.82519343462378,0.6666666666666666,0.4342884954026824
punctuation,arxiv_stat_abstracts,arxiv_stat_titles,3,-0.28233783294041437,0.8177801826699603,0.6666666666666666,0.5427981221096325
punctuation,arxiv_qbio_titles,medarxiv_abstracts,3,-0.6415057574488211,0.5566200900754319,0.3333333333333333,0.68529073547423
punctuation,arxiv_ai_titles,medarxiv_abstracts,3,-0.804471319569458,0.4048974600237064,0.6666666666666666,0.7186958810346826
punctuation,arxiv_stat_titles,medarxiv_abstracts,3,-0.8113334790843582,0.39748420806988655,0.6666666666666666,0.4565804328526636
readability,arxiv_qbio_abstracts,arxiv_stat_abstracts,7,0.971827954656421,0.0002520076011902125,1.0,0.8446458423002974
readability,arxiv_ai_abstracts,arxiv_qbio_abstracts,7,0.9710741967898653,0.0002690940961329263,1.0,0.6013354613643167
readability,arxiv_qbio_abstracts,medarxiv_abstracts,7,0.9559608318691672,0.0007633572173903605,1.0,2.3083988048378172
readability,arxiv_ai_titles,arxiv_stat_titles,7,0.9350017970047666,0.001997168744971917,1.0,0.09387385449248842
readability,arxiv_stat_abstracts,medarxiv_abstracts,7,0.9294835749820317,0.002441028729724205,1.0,1.4389473229871874
readability,arxiv_ai_abstracts,arxiv_stat_abstracts,7,0.9066013015566209,0.004866564678208069,1.0,1.4057762918696128
readability,arxiv_ai_abstracts,medarxiv_abstracts,7,0.9050875040535004,0.005061917411290624,1.0,2.77715278197227
readability,arxiv_ai_abstracts,arxiv_qbio_titles,7,0.8583368193643771,0.013421940365567897,1.0,2.976253204321541
readability,arxiv_qbio_titles,arxiv_stat_titles,7,0.8542740401736627,0.014372135143249934,0.8571428571428571,0.1386847120075062
readability,arxiv_qbio_abstracts,arxiv_qbio_titles,7,0.8117276756810687,0.026616434079446347,1.0,2.6117542147874127
readability,arxiv_qbio_titles,arxiv_stat_abstracts,7,0.7662871340942744,0.04451443666277229,1.0,1.5798710142382015
readability,arxiv_ai_titles,arxiv_qbio_titles,7,0.7304594611983521,0.06226438648248127,0.8571428571428571,0.23996288812081037
readability,arxiv_qbio_titles,medarxiv_abstracts,7,0.6247383675961206,0.1336270253757519,1.0,0.3117340921906365
readability,arxiv_ai_abstracts,arxiv_stat_titles,7,0.5012624302741996,0.2517797248470681,0.8571428571428571,3.2484335555073645
readability,arxiv_stat_abstracts,arxiv_stat_titles,7,0.47950973691565685,0.276222408114005,0.8571428571428571,1.6856964998660913
readability,arxiv_qbio_abstracts,arxiv_stat_titles,7,0.4661278070624996,0.2917649684237084,0.8571428571428571,2.717579700415303
readability,arxiv_ai_titles,arxiv_stat_abstracts,7,0.461246314128255,0.29752865142326934,0.8571428571428571,1.8287427276487678
readability,arxiv_ai_abstracts,arxiv_ai_titles,7,0.3789033490776176,0.4019162760896878,0.8571428571428571,3.257688166436341
readability,arxiv_ai_titles,arxiv_qbio_abstracts,7,0.3778742255544121,0.4033019216722301,0.8571428571428571,2.634386006091473
readability,arxiv_stat_titles,medarxiv_abstracts,7,0.2242498912164716,0.6288012005468117,0.8571428571428571,0.4390444536932276
readability,arxiv_ai_titles,medarxiv_abstracts,7,0.17464834821946465,0.7080088010009926,0.8571428571428571,0.4805353844640707
readability,medarxiv_abstracts,medarxiv_titles,7,-0.31012595435789486,0.498462486826239,0.0,1.113691710013911
readability,arxiv_stat_abstracts,medarxiv_titles,7,-0.43069485497381044,0.334713985637862,0.0,2.464736771092039
readability,arxiv_ai_titles,medarxiv_titles,7,-0.4843634160139787,0.27067950132422997,0.14285714285714285,0.6331563255498402
readability,arxiv_qbio_abstracts,medarxiv_titles,7,-0.5462209853174538,0.2046062327055704,0.0,3.243939816747518
readability,arxiv_ai_abstracts,medarxiv_titles,7,-0.6472426527991733,0.11607046227360385,0.0,3.842063163482794
readability,arxiv_stat_titles,medarxiv_titles,7,-0.7397663972709558,0.05734126962290333,0.14285714285714285,0.6424109364788169
readability,arxiv_qbio_titles,medarxiv_titles,7,-0.8511036418418567,0.01513953764598296,0.0,0.8848657568538374
sequential_markers,arxiv_qbio_abstracts,medarxiv_titles,3,0.8043123577663236,0.40506779898684137,0.6666666666666666,0.3545722788142242
sequential_markers,arxiv_qbio_abstracts,arxiv_stat_abstracts,5,0.7241970409064592,0.166492468116722,1.0,0.2366160463444108
sequential_markers,arxiv_ai_abstracts,arxiv_qbio_abstracts,5,0.6777929623956155,0.20861419954369267,1.0,0.6813074033286668
sequential_markers,arxiv_ai_abstracts,arxiv_stat_abstracts,5,0.6567132260431576,0.2286039301621733,1.0,0.48703946137497955
sequential_markers,arxiv_stat_abstracts,medarxiv_abstracts,5,0.4823126741379237,0.41061848019997804,1.0,0.16810157417348282
sequential_markers,arxiv_qbio_abstracts,medarxiv_abstracts,5,0.2614357330754916,0.6709614157647689,1.0,0.22005757608133503
sequential_markers,arxiv_ai_abstracts,medarxiv_abstracts,5,0.18105572926030156,0.7707384453235491,1.0,0.6380073397715762
sequential_markers,arxiv_ai_abstracts,medarxiv_titles,3,0.09955762770832643,0.9365144745393685,0.6666666666666666,0.9759336528881538
sequential_markers,medarxiv_abstracts,medarxiv_titles,3,0.03843496687504999,0.9755255118036112,0.6666666666666666,0.33792631311657756
sequential_markers,arxiv_stat_abstracts,medarxiv_titles,3,-0.28309019511630906,0.8172808430825453,0.6666666666666666,0.4888941915131742
summary_markers,arxiv_ai_abstracts,arxiv_stat_titles,2,1.0,1.0,0.0,0.31682986193535523
summary_markers,arxiv_stat_abstracts,arxiv_stat_titles,2,1.0,1.0,0.5,0.309820238763104
summary_markers,arxiv_qbio_abstracts,arxiv_qbio_titles,3,0.9968915854012229,0.050208489062162215,0.3333333333333333,0.2251640498429241
summary_markers,arxiv_qbio_abstracts,medarxiv_abstracts,5,0.987740017322002,0.0016265535378435384,0.4,0.3878331189932623
summary_markers,arxiv_qbio_titles,medarxiv_abstracts,3,0.9863249366153348,0.10540372453817157,1.0,0.1705945205715042
summary_markers,arxiv_ai_titles,medarxiv_abstracts,3,0.8393494191707347,0.3658724052706843,0.6666666666666666,0.1302859328025759
summary_markers,arxiv_ai_abstracts,arxiv_stat_abstracts,5,0.7987053239458681,0.10507851897519155,0.6,0.22951842554283475
summary_markers,arxiv_ai_titles,arxiv_qbio_titles,3,0.7382805293821183,0.4712761298088558,0.6666666666666666,0.0459273382425433
summary_markers,arxiv_ai_titles,arxiv_qbio_abstracts,3,0.6828452665272775,0.5214846188710172,0.6666666666666666,0.4307363196487677
summary_markers,arxiv_ai_abstracts,arxiv_qbio_abstracts,5,0.4612091636348185,0.43430958896864946,1.0,0.20884898061963653
summary_markers,arxiv_ai_abstracts,medarxiv_abstracts,5,0.34571939456366635,0.5687493274751393,0.4,0.47072270632333363
summary_markers,arxiv_qbio_abstracts,arxiv_stat_abstracts,5,-0.008292010182762308,0.9894424057181086,0.6,0.3727077357716417
summary_markers,arxiv_ai_abstracts,arxiv_qbio_titles,3,-0.12098823308535281,0.9227873362541429,0.3333333333333333,0.24794220837220118
summary_markers,arxiv_stat_abstracts,medarxiv_abstracts,5,-0.14681403721793937,0.8137442742376869,0.4,0.544129835565512
summary_markers,arxiv_qbio_titles,arxiv_stat_abstracts,3,-0.6074590441187615,0.5843777642965293,0.3333333333333333,0.16510237250478782
summary_markers,arxiv_ai_abstracts,arxiv_ai_titles,3,-0.758862166462377,0.4515112064452876,0.6666666666666666,0.2218873390291312
summary_markers,arxiv_ai_titles,arxiv_stat_abstracts,3,-0.9842599930756519,0.11310163448767434,0.0,0.19115724184785782
summary_markers,arxiv_ai_titles,arxiv_stat_titles,2,-1.0,1.0,0.5,0.198189722764872
summary_markers,arxiv_qbio_abstracts,arxiv_stat_titles,2,-1.0,1.0,0.0,0.1904949546436548
summary_markers,arxiv_qbio_titles,arxiv_stat_titles,2,-1.0,1.0,1.0,0.0307063694886863
summary_markers,arxiv_stat_titles,medarxiv_abstracts,2,-1.0,1.0,1.0,0.1203702196895414
syntax,arxiv_ai_abstracts,arxiv_qbio_abstracts,10,0.9716212539251364,2.742103011174578e-06,0.9,0.8146049336806208
syntax,arxiv_ai_abstracts,arxiv_stat_abstracts,10,0.9559478823089068,1.5620686691902857e-05,0.9,0.5098378911199921
syntax,arxiv_qbio_abstracts,arxiv_stat_abstracts,10,0.9472598362205921,3.175334095245049e-05,0.8,0.29458397202656483
syntax,arxiv_qbio_abstracts,medarxiv_abstracts,10,0.9241452964938864,0.00013207399123667712,0.6,0.7896308014375781
syntax,arxiv_ai_abstracts,medarxiv_abstracts,10,0.9113923410243887,0.00024205842268431378,0.5,1.3159851492135872
syntax,arxiv_stat_abstracts,medarxiv_abstracts,10,0.893184637568679,0.0004997237622534536,0.6,0.6878459742495333
syntax,arxiv_ai_titles,arxiv_qbio_titles,10,0.747677744592798,0.012908371811777612,0.9,0.11094427840918765
syntax,arxiv_ai_abstracts,arxiv_qbio_titles,10,0.6311127419266397,0.050372728745341454,0.6,1.4213154454650652
syntax,arxiv_qbio_abstracts,arxiv_qbio_titles,10,0.6066995485359293,0.06291825977793468,0.5,0.7913972053297762
syntax,arxiv_qbio_titles,arxiv_stat_abstracts,10,0.5569540928502067,0.09444446173934284,0.5,0.8507808694663246
syntax,arxiv_qbio_titles,arxiv_stat_titles,10,0.5370831699617519,0.10940464997580648,0.8,0.14250539539195717
syntax,arxiv_qbio_titles,medarxiv_abstracts,10,0.5150543605665959,0.12763714231281292,0.3,0.9503252183424611
syntax,arxiv_ai_titles,arxiv_stat_titles,10,0.49155846697333666,0.14903532403014863,0.9,0.08877044715775889
syntax,arxiv_qbio_titles,medarxiv_titles,10,0.4887032109095767,0.15177464470601237,0.3,0.6476655890002125
syntax,arxiv_stat_abstracts,medarxiv_titles,10,0.48786594385855914,0.15258365780003066,0.6,0.8224448916744868
syntax,arxiv_qbio_abstracts,arxiv_stat_titles,10,0.48509016478756345,0.1552844163018064,0.7,0.7193319309436441
syntax,arxiv_ai_abstracts,medarxiv_titles,10,0.4455487521109279,0.19688535876342642,0.5,1.3653930859005117
syntax,medarxiv_abstracts,medarxiv_titles,10,0.42850162913924383,0.21663035319755197,1.0,0.48100828952089364
syntax,arxiv_stat_titles,medarxiv_abstracts,10,0.4282402938800837,0.21694153339679698,0.3,0.9693904804430356
syntax,arxiv_ai_abstracts,arxiv_stat_titles,10,0.37064644431638283,0.2917152548027384,0.6,1.3887219753269004
syntax,arxiv_ai_titles,medarxiv_titles,10,0.3436974355961644,0.3308572028219025,0.2,0.7848676951780262
syntax,arxiv_qbio_abstracts,medarxiv_titles,10,0.3380586740660706,0.3393724077010969,0.6,0.5278609196479219
syntax,arxiv_ai_abstracts,arxiv_ai_titles,10,0.3172028340595695,0.3718215876683127,0.7,1.4345634815231771
syntax,arxiv_ai_titles,arxiv_qbio_abstracts,10,0.30755149456999453,0.3873367442259026,0.6,0.7332402005971828
syntax,arxiv_stat_abstracts,arxiv_stat_titles,10,0.2923384921329784,0.4124161781006205,0.5,0.7132695619106584
syntax,arxiv_ai_titles,arxiv_stat_abstracts,10,0.2669989580107977,0.455825820755921,0.6,0.7639592428216424
syntax,arxiv_ai_titles,medarxiv_abstracts,10,0.052066981545844146,0.8864117460718396,0.2,0.9007226347175157
syntax,arxiv_stat_titles,medarxiv_titles,10,-0.07232055018586693,0.8426236368247391,0.3,0.7126617763392249
verbs,arxiv_stat_abstracts,medarxiv_abstracts,9,0.9736961656416852,9.472067778331943e-06,0.7777777777777778,0.766822827000146
verbs,arxiv_ai_abstracts,arxiv_stat_abstracts,9,0.9708552993203081,1.3524622388606893e-05,1.0,0.7248834788489593
verbs,arxiv_ai_abstracts,arxiv_qbio_titles,5,0.9682606943507563,0.006755406655020069,0.6,1.872656783733573
verbs,arxiv_ai_abstracts,arxiv_qbio_abstracts,9,0.9667791756683104,2.1299159360095033e-05,1.0,1.2537828464545926
verbs,arxiv_ai_abstracts,medarxiv_abstracts,9,0.9667171634239906,2.14373308859704e-05,0.7777777777777778,0.8165438897180552
verbs,arxiv_qbio_abstracts,arxiv_stat_abstracts,9,0.9602160493164524,3.977368841356996e-05,1.0,0.2882842206847256
verbs,arxiv_qbio_abstracts,medarxiv_abstracts,9,0.9568972478638977,5.247630986014979e-05,0.7777777777777778,0.6092880059727173
verbs,arxiv_ai_titles,arxiv_stat_abstracts,7,0.7401387985913782,0.057148851942325114,1.0,0.9140210021712154
verbs,arxiv_qbio_titles,arxiv_stat_abstracts,5,0.7073943893335037,0.1814312281833271,0.6,1.5582440899402694
verbs,arxiv_ai_titles,medarxiv_titles,5,0.7014844993788358,0.1867719634065487,1.0,0.23294075206792378
verbs,arxiv_qbio_titles,medarxiv_titles,5,0.6942834236067454,0.1933386278853184,0.6,0.15914051948798164
verbs,arxiv_ai_titles,medarxiv_abstracts,7,0.6880119707635989,0.0875118584273124,0.8571428571428571,1.3090402689860934
verbs,arxiv_ai_abstracts,arxiv_ai_titles,7,0.6721630500510419,0.09811390382301091,1.0,1.6389044810201747
verbs,arxiv_ai_titles,arxiv_qbio_abstracts,7,0.6704284021938347,0.09931298367605343,1.0,0.6898819574480374
verbs,arxiv_qbio_abstracts,arxiv_qbio_titles,5,0.657285127743709,0.22805497077524942,0.6,1.2175334315347146
verbs,arxiv_ai_titles,arxiv_qbio_titles,5,0.6482194057297737,0.2367994025094987,0.6,0.4148000510285007
verbs,arxiv_stat_titles,medarxiv_titles,5,0.6369278744699323,0.24781509945807537,0.8,0.1316889404693141
verbs,arxiv_qbio_titles,medarxiv_abstracts,5,0.6129412501461301,0.271656001191176,0.4,1.723840320014594
verbs,arxiv_qbio_abstracts,medarxiv_titles,6,0.5660828758719916,0.24157626469784907,0.8333333333333334,0.9794735665365522
verbs,arxiv_ai_titles,arxiv_stat_titles,6,0.41342286081330404,0.4151965085105271,0.6666666666666666,0.24089520092795694
verbs,arxiv_stat_abstracts,medarxiv_titles,6,0.2431647679939099,0.6424419054849054,0.8333333333333334,1.1656876486393375
verbs,arxiv_stat_abstracts,arxiv_stat_titles,6,0.15703927427034192,0.7663774875650032,0.6666666666666666,1.196264005602361
verbs,arxiv_stat_titles,medarxiv_abstracts,6,0.14145166421466385,0.7892376266745706,0.5,2.1012720363875133
verbs,arxiv_ai_abstracts,medarxiv_titles,6,0.10636392897542496,0.841055769278558,0.8333333333333334,1.7986116890795645
verbs,arxiv_qbio_abstracts,arxiv_stat_titles,6,0.1030403439513292,0.8459864898379781,0.6666666666666666,1.0915655216785556
verbs,medarxiv_abstracts,medarxiv_titles,6,0.07672302942063358,0.8851412679808957,0.6666666666666666,1.8332128775091505
verbs,arxiv_qbio_titles,arxiv_stat_titles,5,-0.04784845470731294,0.9391007100721019,0.4,0.5017973514597032
verbs,arxiv_ai_abstracts,arxiv_stat_titles,6,-0.0911713039972674,0.863621961364815,0.6666666666666666,1.9621651895405534
