order,feature,label,family,manuscript_group,arxiv_ai_abstracts_estimate,arxiv_ai_abstracts_ci_low,arxiv_ai_abstracts_ci_high,arxiv_ai_abstracts_q,arxiv_ai_abstracts_stars,arxiv_ai_abstracts,arxiv_qbio_abstracts_estimate,arxiv_qbio_abstracts_ci_low,arxiv_qbio_abstracts_ci_high,arxiv_qbio_abstracts_q,arxiv_qbio_abstracts_stars,arxiv_qbio_abstracts,arxiv_stat_abstracts_estimate,arxiv_stat_abstracts_ci_low,arxiv_stat_abstracts_ci_high,arxiv_stat_abstracts_q,arxiv_stat_abstracts_stars,arxiv_stat_abstracts,medarxiv_abstracts_estimate,medarxiv_abstracts_ci_low,medarxiv_abstracts_ci_high,medarxiv_abstracts_q,medarxiv_abstracts_stars,medarxiv_abstracts
1,word_across_per_1k_words,$\it{across}$,marker_words,Lexical markers,6.100739871010344,5.511445946512625,6.690033795508063,1.8475016636302352e-90,***,"6.10 [5.51, 6.69]***",3.876553017225164,3.0249795505427497,4.728126483907579,1.825844553018017e-18,***,"3.88 [3.02, 4.73]***",3.8820701558864417,3.413263020928029,4.350877290844855,3.698354712061267e-58,***,"3.88 [3.41, 4.35]***",3.099271289093557,2.29861153501924,3.899931043167874,9.825114467159251e-14,***,"3.10 [2.30, 3.90]***"
2,verb_align_per_1k_words,$\it{align}$,verbs,Lexical markers,3.1374793331590545,2.709309654440835,3.5656490118772743,8.040822022227523e-46,***,"3.14 [2.71, 3.57]***",1.5106365630781025,1.1984541542922986,1.8228189718639063,2.1950558966510224e-20,***,"1.51 [1.20, 1.82]***",1.9221409595928765,1.621021309342774,2.2232606098429786,5.828498991945683e-35,***,"1.92 [1.62, 2.22]***",2.71180829654342,2.1995316359946995,3.2240849570921406,2.8837226787181862e-24,***,"2.71 [2.20, 3.22]***"
3,word_while_per_1k_words,$\it{while}$,marker_words,Lexical markers,3.242070220565256,2.666651429067725,3.8174890120627865,9.4596748652978e-28,***,"3.24 [2.67, 3.82]***",1.8032660937514968,1.472742286383849,2.1337899011191443,6.56202738914901e-26,***,"1.80 [1.47, 2.13]***",1.7969723446013814,1.4195798151814687,2.174364874021294,4.130934922156669e-20,***,"1.80 [1.42, 2.17]***",2.0657364945202543,1.687569078592691,2.443903910447818,5.693845617150951e-26,***,"2.07 [1.69, 2.44]***"
4,verb_exhibit_per_1k_words,$\it{exhibit}$,verbs,Lexical markers,2.1854281587407822,1.436290914363875,2.9345654031176887,4.855193444989197e-08,***,"2.19 [1.44, 2.93]***",0.7595962630500097,0.5199157328848221,0.9992767932151972,2.359580904963166e-09,***,"0.76 [0.52, 1.00]***",0.9468989937967552,0.6411761512927768,1.252621836300734,5.734385748070568e-09,***,"0.95 [0.64, 1.25]***",1.368884269022727,0.7486218524744811,1.989146685570973,6.844972455799988e-05,***,"1.37 [0.75, 1.99]***"
5,em_dash_per_1k_words,em dash,punctuation,Punctuation,2.346475158467144,1.4542212898803784,3.238729027053909,3.815341503634828e-07,***,"2.35 [1.45, 3.24]***",1.4465130405011632,0.8233178596501051,2.0697082213522218,1.613955503466774e-05,***,"1.45 [0.82, 2.07]***",1.4629657577919302,0.7565718542624208,2.1693596613214394,0.0001477065858221,***,"1.46 [0.76, 2.17]***",2.844746052612079,2.1480948015379533,3.541397303686204,3.625667397131474e-15,***,"2.84 [2.15, 3.54]***"
6,avg_syllables_per_word,syllables/word,readability,Readability,4.154266046167649,3.902164161595314,4.406367930739982,8.733933048148834e-229,***,"4.15 [3.90, 4.41]***",3.7810465666776896,3.4780268194742447,4.084066313881134,2.9923582447196427e-131,***,"3.78 [3.48, 4.08]***",2.748489754298036,2.477418272890905,3.019561235705168,4.866651585178367e-87,***,"2.75 [2.48, 3.02]***",1.2426607774508431,0.6711984752612157,1.8141230796404708,0.0001417762833693,***,"1.24 [0.67, 1.81]***"
7,flesch_reading_ease,FRE,readability,Readability,-3.4963845338067863,-3.6517385289459785,-3.341030538667594,0.0,***,"-3.50 [-3.65, -3.34]***",-3.4064302792445904,-3.702296227483891,-3.1105643310052886,3.2506900257702597e-112,***,"-3.41 [-3.70, -3.11]***",-2.561784436944293,-2.881453841588413,-2.2421150323001733,3.152412884202347e-55,***,"-2.56 [-2.88, -2.24]***",-0.8665238351548871,-1.3181021819189114,-0.4149454883908627,0.0005923210957265,***,"-0.87 [-1.32, -0.41]***"
8,dale_chall,Dale-Chall,readability,Readability,2.558246735711338,2.420868136364625,2.695625335058052,2.0224506458400416e-291,***,"2.56 [2.42, 2.70]***",3.159582197075655,2.871334021265856,3.447830372885454,5.105481749624191e-102,***,"3.16 [2.87, 3.45]***",3.4034531355412803,3.03218952663051,3.7747167444520495,1.2201988102969314e-71,***,"3.40 [3.03, 3.77]***",0.7578990617000464,0.2014109332148087,1.3143871901852842,0.0088654818003301,**,"0.76 [0.20, 1.31]**"
9,gunning_fog,Gunning Fog,readability,Readability,4.023894969576652,3.824160747213926,4.223629191939379,0.0,***,"4.02 [3.82, 4.22]***",2.7324132787424067,2.46439952798751,3.000427029497304,1.0993973966121088e-88,***,"2.73 [2.46, 3.00]***",1.890145267585852,1.5233909755401764,2.256899559631528,7.634262354983404e-24,***,"1.89 [1.52, 2.26]***",0.5908436422256943,0.2549240448491755,0.9267632396022132,0.0009904701805503,***,"0.59 [0.25, 0.93]***"
10,clause_depth,max tree depth,syntax,Syntax,-2.13434199950914,-2.4460228053314856,-1.8226611936867936,1.502573835336393e-40,***,"-2.13 [-2.45, -1.82]***",-1.3095539952944553,-1.605851300412476,-1.0132566901764342,1.5361342146732836e-17,***,"-1.31 [-1.61, -1.01]***",-1.6918892016673155,-2.1129561900061176,-1.2708222133285143,1.1314961447554658e-14,***,"-1.69 [-2.11, -1.27]***",-1.8792523401789012,-2.252699439105344,-1.505805241252459,2.0060366620785715e-22,***,"-1.88 [-2.25, -1.51]***"
11,clause_depth_std,tree depth $\sigma$,syntax,Syntax,-1.9270922070276029,-2.134425232595677,-1.7197591814595288,1.8726097300518403e-73,***,"-1.93 [-2.13, -1.72]***",-1.122670343881046,-1.3132036564475165,-0.932137031314576,3.7422868179622494e-30,***,"-1.12 [-1.31, -0.93]***",-1.4172543159076108,-1.75635669857894,-1.0781519332362812,1.288015972381215e-15,***,"-1.42 [-1.76, -1.08]***",-1.912301145318624,-2.289068282524628,-1.5355340081126194,1.2854557420861118e-22,***,"-1.91 [-2.29, -1.54]***"
12,list_of_three_per_1k_words,list of three,syntax,Syntax,2.688280756695064,2.0864982006493182,3.2900633127408088,4.0566470431967866e-18,***,"2.69 [2.09, 3.29]***",1.1403583394697163,0.7787192879686289,1.5019973909708042,1.5976910371997914e-09,***,"1.14 [0.78, 1.50]***",1.603587241878374,1.002283458977547,2.2048910247792017,4.306438272349216e-07,***,"1.60 [1.00, 2.20]***",0.54844650022222,0.1018484677314444,0.9950445327129954,0.0201059918758819,*,"0.55 [0.10, 1.00]*"
13,coordination_count,coord. count,syntax,Syntax,0.5747054744946978,0.3585481832187274,0.7908627657706682,3.128310328310509e-07,***,"0.57 [0.36, 0.79]***",0.3534816482284473,0.1339920744873539,0.5729712219695408,0.0022808848421702,**,"0.35 [0.13, 0.57]**",0.9241012552531112,0.535735101091627,1.3124674094145954,6.210297087549994e-06,***,"0.92 [0.54, 1.31]***",-0.5936797188619327,-0.9053107277458748,-0.2820487099779906,0.0003141759913103,***,"-0.59 [-0.91, -0.28]***"
14,sequential_marker_moreover_per_1k_words,$\it{moreover}$,sequential_markers,Rhetorical stance,-1.5426928931915451,-1.771586323511512,-1.313799462871578,3.842145437997712e-39,***,"-1.54 [-1.77, -1.31]***",-0.8098647018662967,-1.0105844134762574,-0.6091449902563358,1.3055184861087758e-14,***,"-0.81 [-1.01, -0.61]***",-1.1151637071203122,-1.4319317276150814,-0.798395686625543,2.5988835374652797e-11,***,"-1.12 [-1.43, -0.80]***",-0.5898071257849616,-1.1226905297002765,-0.0569237218696469,0.0487315409335576,*,"-0.59 [-1.12, -0.06]*"
15,emphasis_marker_crucially_per_1k_words,$\it{crucially}$,emphasis_markers,Rhetorical stance,1.9052034755334863,1.030783172009012,2.779623779057961,4.8762079423445975e-05,***,"1.91 [1.03, 2.78]***",0.6753463248885733,0.2878396547439681,1.0628529950331784,0.0031787371493377,**,"0.68 [0.29, 1.06]**",0.6622332194926863,0.1239875743080567,1.200478864677316,0.02647872506337,*,"0.66 [0.12, 1.20]*",0.569665943498743,0.3076605889114462,0.8316712980860398,5.0756661376950825e-05,***,"0.57 [0.31, 0.83]***"
16,causal_marker_thus_per_1k_words,$\it{thus}$,causal_markers,Rhetorical stance,-1.687849930491565,-1.7944680057262894,-1.5812318552568407,1.1168133931120781e-210,***,"-1.69 [-1.79, -1.58]***",-0.6760023188856925,-0.8128243555246578,-0.5391802822467271,1.7657438130246434e-21,***,"-0.68 [-0.81, -0.54]***",-0.7753459046455248,-0.9755880197829389,-0.5751037895081106,5.364670652018814e-14,***,"-0.78 [-0.98, -0.58]***",-0.6390335062698517,-1.005862022440411,-0.2722049900992925,0.0031959284401291,**,"-0.64 [-1.01, -0.27]**"
17,hedge_ratio,hedging,other,Rhetorical stance,-1.308222300060303,-1.6518421397515357,-0.9646024603690708,1.7034567552097664e-13,***,"-1.31 [-1.65, -0.96]***",-0.560708494746351,-0.7427412577957143,-0.3786757316969876,3.134044301814865e-09,***,"-0.56 [-0.74, -0.38]***",-0.9803080502882142,-1.2342688191247029,-0.7263472814517257,7.71264020939074e-14,***,"-0.98 [-1.23, -0.73]***",0.8056920853606008,0.5879880758725774,1.0233960948486238,6.329731781135955e-13,***,"0.81 [0.59, 1.02]***"
