month_ts,paper_count,marker_words_total_per_1k_words_monthly_mean,marker_verbs_total_per_1k_words_monthly_mean,marker_adjectives_total_per_1k_words_monthly_mean,marker_phrases_total_per_1k_words_monthly_mean,sequential_markers_total_per_1k_words_monthly_mean,causal_markers_total_per_1k_words_monthly_mean,contrast_markers_total_per_1k_words_monthly_mean,emphasis_markers_total_per_1k_words_monthly_mean,summary_markers_total_per_1k_words_monthly_mean,word_finding_per_1k_words_monthly_mean,word_interplay_per_1k_words_monthly_mean,word_realm_per_1k_words_monthly_mean,word_insight_per_1k_words_monthly_mean,word_notably_per_1k_words_monthly_mean,word_particularly_per_1k_words_monthly_mean,word_meticulously_per_1k_words_monthly_mean,word_while_per_1k_words_monthly_mean,word_within_per_1k_words_monthly_mean,word_across_per_1k_words_monthly_mean,word_additionally_per_1k_words_monthly_mean,verb_delve_per_1k_words_monthly_mean,verb_underscore_per_1k_words_monthly_mean,verb_showcase_per_1k_words_monthly_mean,verb_enhance_per_1k_words_monthly_mean,verb_exhibit_per_1k_words_monthly_mean,verb_garner_per_1k_words_monthly_mean,verb_align_per_1k_words_monthly_mean,verb_foster_per_1k_words_monthly_mean,adjective_crucial_per_1k_words_monthly_mean,adjective_pivotal_per_1k_words_monthly_mean,adjective_comprehensive_per_1k_words_monthly_mean,adjective_intricate_per_1k_words_monthly_mean,adjective_potential_per_1k_words_monthly_mean,phrase_meticulously_delve_per_1k_words_monthly_mean,phrase_intricate_web_per_1k_words_monthly_mean,phrase_comprehensive_chapter_per_1k_words_monthly_mean,phrase_deep_dive_per_1k_words_monthly_mean,phrase_intricate_interplay_per_1k_words_monthly_mean,phrase_essential_insight_per_1k_words_monthly_mean,sequential_marker_additionally_per_1k_words_monthly_mean,sequential_marker_furthermore_per_1k_words_monthly_mean,sequential_marker_moreover_per_1k_words_monthly_mean,sequential_marker_subsequently_per_1k_words_monthly_mean,sequential_marker_further_per_1k_words_monthly_mean,causal_marker_hence_per_1k_words_monthly_mean,causal_marker_thus_per_1k_words_monthly_mean,causal_marker_consequently_per_1k_words_monthly_mean,causal_marker_accordingly_per_1k_words_monthly_mean,causal_marker_thereby_per_1k_words_monthly_mean,contrast_marker_however_per_1k_words_monthly_mean,contrast_marker_nonetheless_per_1k_words_monthly_mean,contrast_marker_nevertheless_per_1k_words_monthly_mean,contrast_marker_conversely_per_1k_words_monthly_mean,contrast_marker_alternatively_per_1k_words_monthly_mean,emphasis_marker_notably_per_1k_words_monthly_mean,emphasis_marker_crucially_per_1k_words_monthly_mean,emphasis_marker_remarkably_per_1k_words_monthly_mean,emphasis_marker_particularly_per_1k_words_monthly_mean,emphasis_marker_importantly_per_1k_words_monthly_mean,summary_marker_overall_per_1k_words_monthly_mean,summary_marker_collectively_per_1k_words_monthly_mean,summary_marker_ultimately_per_1k_words_monthly_mean,summary_marker_in_summary_per_1k_words_monthly_mean,summary_marker_taken_together_per_1k_words_monthly_mean,em_dash_per_1k_words_monthly_mean,semicolon_per_1k_words_monthly_mean,colon_per_1k_words_monthly_mean,clause_depth_monthly_mean,clause_depth_std_monthly_mean,dependency_entropy_monthly_mean,dependency_length_monthly_mean,dependency_length_std_monthly_mean,coordination_count_monthly_mean,coordination_per_sentence_std_monthly_mean,sentence_depth_std_monthly_mean,list_of_three_per_1k_words_monthly_mean,avg_words_per_sentence_monthly_mean,avg_syllables_per_word_monthly_mean,flesch_reading_ease_monthly_mean,flesch_kincaid_grade_monthly_mean,dale_chall_monthly_mean,smog_index_monthly_mean,automated_readability_index_monthly_mean,gunning_fog_monthly_mean,hedge_ratio_monthly_mean,certainty_ratio_monthly_mean,year,month
2019-07-01,6,2.4041787740417875,0.764525993883792,0.5707762557077626,0.0,1.2482830307755133,0.0,1.7278043593833068,0.0,0.5707762557077626,0.5707762557077626,0.0,0.0,0.5707762557077626,0.0,0.0,0.0,0.0,1.2626262626262628,0.0,0.0,0.0,0.0,0.0,0.764525993883792,0.0,0.0,0.0,0.0,0.0,0.0,0.0,0.0,0.5707762557077626,0.0,0.0,0.0,0.0,0.0,0.0,0.0,0.0,0.0,0.6775067750677507,0.5707762557077626,0.0,0.0,0.0,0.0,0.0,1.7278043593833068,0.0,0.0,0.0,0.0,0.0,0.0,0.0,0.0,0.0,0.5707762557077626,0.0,0.0,0.0,0.0,0.0,0.5707762557077626,2.048789784638841,12.0,2.2285405414959727,2.8193491574845133,3.503981653099954,0.8268465963433357,9.666666666666666,0.8668250069730506,2.2285405414959727,6.3811900278593,21.93896658896659,2.0382043852450353,21.425091206032665,14.660742051891726,13.46781008615026,15.618070709023556,15.666183274449688,17.981488555433415,0.001966615380904686,0.0006775067750677508,2019,7
2019-09-01,5,3.20355267069034,0.0,1.0050251256281408,0.0,0.6600660066006601,0.6600660066006601,1.0928961748633879,0.0,0.6600660066006601,0.0,0.0,0.0,0.0,0.0,0.0,0.0,1.5384615384615385,0.0,1.6650911322288011,0.0,0.0,0.0,0.0,0.0,0.0,0.0,0.0,0.0,0.0,0.0,1.0050251256281408,0.0,0.0,0.0,0.0,0.0,0.0,0.0,0.0,0.0,0.0,0.6600660066006601,0.0,0.0,0.6600660066006601,0.0,0.0,0.0,0.0,1.0928961748633879,0.0,0.0,0.0,0.0,0.0,0.0,0.0,0.0,0.0,0.6600660066006601,0.0,0.0,0.0,0.0,0.0,0.9950248756218905,7.496024115421909,10.8,2.1990281018713667,2.815300525922189,3.550269333400711,0.7259717925080753,11.6,1.0020966930465987,2.1990281018713667,6.605434366628396,21.183677433677435,1.8830883482406662,31.97953154795689,13.388884480139755,14.10316238432417,14.762747934165114,15.322736246388313,16.25971508759392,0.0034005884825556955,0.002000050001250031,2019,9
2019-10-01,3,3.03030303030303,0.0,0.0,0.0,0.0,0.0,0.8984725965858043,0.0,0.0,0.0,0.0,0.0,0.0,0.0,0.0,0.0,3.03030303030303,0.0,0.0,0.0,0.0,0.0,0.0,0.0,0.0,0.0,0.0,0.0,0.0,0.0,0.0,0.0,0.0,0.0,0.0,0.0,0.0,0.0,0.0,0.0,0.0,0.0,0.0,0.0,0.0,0.0,0.0,0.0,0.0,0.8984725965858043,0.0,0.0,0.0,0.0,0.0,0.0,0.0,0.0,0.0,0.0,0.0,0.0,0.0,0.0,0.0,1.7969451931716085,6.597137139589971,11.666666666666666,2.332884120764694,2.7960273837302316,3.416751033592336,0.8201159359585342,8.666666666666666,0.6370782811473559,2.332884120764694,4.773135669362085,20.90942760942761,1.927481784874745,24.064743294208323,14.450191608519185,13.403765128601483,15.771142500432694,16.333199517928062,17.945843203740875,0.0030303030303030303,0.0008984725965858042,2019,10
2019-11-01,5,4.086452076595308,0.0,0.0,0.0,0.7751937984496123,0.796812749003984,0.6622516556291391,0.0,0.6622516556291391,3.311258278145696,0.0,0.0,0.0,0.0,0.0,0.0,0.7751937984496123,0.0,0.0,0.0,0.0,0.0,0.0,0.0,0.0,0.0,0.0,0.0,0.0,0.0,0.0,0.0,0.0,0.0,0.0,0.0,0.0,0.0,0.0,0.0,0.0,0.0,0.0,0.7751937984496123,0.0,0.796812749003984,0.0,0.0,0.0,0.6622516556291391,0.0,0.0,0.0,0.0,0.0,0.0,0.0,0.0,0.0,0.6622516556291391,0.0,0.0,0.0,0.0,0.0,1.9867549668874172,5.805096475686023,10.2,2.004529488242034,2.895226347167914,3.715471974270355,0.9840396784997596,14.6,1.1075380775103805,2.004529488242034,6.066598504936625,20.092458521870288,1.9748859134843209,29.279740724095927,13.25490170097151,13.171257830849958,15.066109367331473,14.389181622999914,17.114840004175115,0.006041625269759547,0.0007751937984496124,2019,11
2019-12-01,5,2.3612255622036713,0.0,0.0,0.0,0.0,0.0,0.0,0.0,0.0,1.7712550607287452,0.0,0.0,0.0,0.0,0.0,0.0,0.0,0.5899705014749262,0.0,0.0,0.0,0.0,0.0,0.0,0.0,0.0,0.0,0.0,0.0,0.0,0.0,0.0,0.0,0.0,0.0,0.0,0.0,0.0,0.0,0.0,0.0,0.0,0.0,0.0,0.0,0.0,0.0,0.0,0.0,0.0,0.0,0.0,0.0,0.0,0.0,0.0,0.0,0.0,0.0,0.0,0.0,0.0,0.0,0.0,0.0,6.778689405610692,4.418807399710986,11.8,1.9609047205929393,2.8077700852466445,3.515860121403404,0.8764723296708542,16.2,1.1059133165797925,1.9609047205929393,5.159256207230124,25.53970588235294,1.9677549838816346,34.38487790643624,12.45779097515016,12.656542308449252,14.283336884804948,13.588248309114181,15.916702255868495,0.0035931174089068826,0.0,2019,12
2020-01-01,7,2.3911360951566256,0.0,2.759931279506079,0.0,0.578368999421631,0.0,2.1140731014217127,0.0,0.578368999421631,0.8554319931565441,0.8554319931565441,0.0,0.0,0.0,0.0,0.0,0.6802721088435375,0.0,0.0,0.0,0.0,0.0,0.0,0.0,0.0,0.0,0.0,0.0,0.0,0.0,0.8210180623973727,0.0,1.938913217108706,0.0,0.0,0.0,0.0,0.0,0.0,0.0,0.0,0.0,0.0,0.578368999421631,0.0,0.0,0.0,0.0,0.0,2.1140731014217127,0.0,0.0,0.0,0.0,0.0,0.0,0.0,0.0,0.0,0.578368999421631,0.0,0.0,0.0,0.0,0.0,1.80989609301769,6.634826906028928,10.142857142857142,2.0152632257515113,2.7166101578371853,3.3500993353676516,0.861533932618233,9.142857142857142,0.7619434410798377,2.0152632257515113,4.998683707785176,18.050377202162917,2.034657770021918,31.355602833030733,12.489807146308872,14.120093510540498,14.015965485912334,14.320518698525214,16.184932266850137,0.005341593946421206,0.0008210180623973727,2020,1
2020-02-01,7,1.894657319449519,0.0,1.6551549865229112,0.0,1.8114049865229112,0.0,1.480127283297127,0.0,0.0,1.3366216051638047,0.0,0.0,0.0,0.0,0.0,0.0,0.5580357142857143,0.0,0.0,0.0,0.0,0.0,0.0,0.0,0.0,0.0,0.0,0.0,0.0,0.0,0.5390835579514824,0.0,1.1160714285714286,0.0,0.0,0.0,0.0,0.0,0.0,0.0,0.0,0.0,0.0,1.8114049865229112,0.0,0.0,0.0,0.0,0.0,1.480127283297127,0.0,0.0,0.0,0.0,0.0,0.0,0.0,0.0,0.0,0.0,0.0,0.0,0.0,0.0,0.0,1.2723214285714286,5.1029372563429485,12.571428571428571,2.428757142755924,2.7933492005542284,3.525763374717539,0.9637675985781768,14.285714285714286,1.0187669717113825,2.428757142755924,8.444993743422945,22.881149406149405,1.9762552127801558,26.568879075677,13.761439111652331,13.657492305949235,15.48302267972441,14.635494929483892,17.633461207275662,0.004514525556258189,0.0005390835579514825,2020,2
2020-03-01,6,0.0,0.0,0.8375209380234506,0.0,1.4612148237724536,0.8250825082508251,0.0,0.0,0.0,0.0,0.0,0.0,0.0,0.0,0.0,0.0,0.0,0.0,0.0,0.0,0.0,0.0,0.0,0.0,0.0,0.0,0.0,0.0,0.0,0.0,0.0,0.0,0.8375209380234506,0.0,0.0,0.0,0.0,0.0,0.0,0.0,0.0,0.6361323155216284,0.8250825082508251,0.0,0.0,0.8250825082508251,0.0,0.0,0.0,0.0,0.0,0.0,0.0,0.0,0.0,0.0,0.0,0.0,0.0,0.0,0.0,0.0,0.0,0.0,0.0,2.6821424609315088,3.7052055226960445,10.666666666666666,1.8485499714420859,2.7913576753521347,3.818186469459066,0.9711618660492028,13.333333333333334,0.9277355935790657,1.8485499714420859,7.398053543335961,32.875,1.898819297834076,14.64619423867012,19.500856707188383,13.488445484220449,18.884415413171958,21.710984037538868,22.33015139363753,0.0045431155373126825,0.0014064697609001405,2020,3
2020-04-01,10,3.355127718591369,0.0,0.0,0.0,0.4761904761904763,0.3558718861209964,0.4761904761904763,0.3952569169960474,0.0,0.38461538461538464,0.0,0.0,0.0,0.0,0.3952569169960474,0.0,1.4785743202988404,0.6998556998556997,0.3968253968253968,0.0,0.0,0.0,0.0,0.0,0.0,0.0,0.0,0.0,0.0,0.0,0.0,0.0,0.0,0.0,0.0,0.0,0.0,0.0,0.0,0.0,0.4761904761904763,0.0,0.0,0.0,0.3558718861209964,0.0,0.0,0.0,0.0,0.4761904761904763,0.0,0.0,0.0,0.0,0.0,0.0,0.0,0.3952569169960474,0.0,0.0,0.0,0.0,0.0,0.0,0.0,2.2133128861097573,2.541148110145358,12.2,2.3144785444450093,2.7545356420436855,3.5015582345948473,0.8369097145403692,10.7,1.08851547178156,2.3144785444450093,5.725773587601881,,,,,,,,,0.005207968612182033,0.0003952569169960474,2020,4
2020-05-01,20,3.279873327306794,0.3184713375796179,1.9906673804698163,0.0,0.2450980392156863,0.3859849222466408,0.18587360594795538,0.0,0.23809523809523814,0.9516769451719185,0.0,0.0,0.0,0.0,0.0,0.0,1.641149910002715,0.0,0.68704647213216,0.0,0.0,0.0,0.0,0.0,0.3184713375796179,0.0,0.0,0.0,0.0,0.0,0.9592357814473808,0.0,1.0314315990224354,0.0,0.0,0.0,0.0,0.0,0.0,0.0,0.0,0.0,0.0,0.2450980392156863,0.0,0.24271844660194172,0.14326647564469913,0.0,0.0,0.18587360594795538,0.0,0.0,0.0,0.0,0.0,0.0,0.0,0.0,0.0,0.23809523809523814,0.0,0.0,0.0,0.0,0.0,2.7628222119311587,3.3299951079918246,10.8,2.146991673166273,2.802514269642707,3.4827968483273772,0.8302240741465676,10.15,1.0711291824592204,2.146991673166273,5.883496169421544,,,,,,,,,0.005319637093845987,0.0020291488785441287,2020,5
2020-06-01,19,2.10096404813347,0.2530364372469636,0.9086969985730802,0.0,0.20281918669506135,0.0,1.1356115152687303,0.0,0.37593984962406013,0.37593984962406013,0.0,0.0,0.0,0.0,0.0,0.0,0.6518995660909731,0.8200881951714729,0.2530364372469636,0.0,0.0,0.0,0.0,0.0,0.2530364372469636,0.0,0.0,0.0,0.0,0.0,0.278473962684489,0.0,0.6302230358885912,0.0,0.0,0.0,0.0,0.0,0.0,0.0,0.0,0.0,0.0,0.20281918669506135,0.0,0.0,0.0,0.0,0.0,0.9027284225812592,0.0,0.0,0.23288309268747087,0.0,0.0,0.0,0.0,0.0,0.0,0.37593984962406013,0.0,0.0,0.0,0.0,0.0,5.1769024424538115,6.024348687262382,11.578947368421053,2.073411581371767,2.738636597684783,3.4170508953038343,0.7939727421624339,11.631578947368421,1.0060660680929199,2.073411581371767,7.514527721457986,,,,,,,,,0.002643857817144487,0.002117589176900917,2020,6
2020-07-01,16,2.7335748783284086,0.49889346764346765,1.7581749097078174,0.0,1.664972250949314,0.2934517226268233,1.9230931211429705,0.1128158844765343,1.1474328998688377,0.180635838150289,0.0,0.0,0.17605633802816903,0.0,0.1128158844765343,0.0,1.0499443291728867,0.5003450655624568,0.1128158844765343,0.6009615384615385,0.0,0.0,0.0,0.0,0.49889346764346765,0.0,0.0,0.0,0.0,0.0,0.46665304176033784,0.0,1.2915218679474796,0.0,0.0,0.0,0.0,0.0,0.0,0.6009615384615385,0.0,0.20903010033444816,0.0,0.8549806121533272,0.1128158844765343,0.180635838150289,0.0,0.0,0.0,1.9230931211429705,0.0,0.0,0.0,0.0,0.0,0.0,0.0,0.1128158844765343,0.0,0.7784694744086967,0.0,0.0,0.3689634254601409,0.0,0.0,3.770433739410645,6.033295045430533,13.125,2.5731609536959525,2.768823660312015,3.4007134236741003,0.7303071405797097,15.0,1.0050492876632224,2.5731609536959525,6.238403202286727,,,,,,,,,0.002382044965608959,0.0021191018513933156,2020,7
2020-08-01,13,2.7052172556297753,0.8712942729859423,0.16507098052162428,0.0,1.0351946623878325,0.6435700899155594,1.0415348158505344,0.33444816053511706,0.15959144589849986,0.3418803418803419,0.0,0.0,0.0,0.0,0.0,0.0,1.9935144285423325,0.0,0.36982248520710065,0.0,0.0,0.15959144589849986,0.0,0.36982248520710065,0.0,0.0,0.3418803418803419,0.0,0.0,0.0,0.0,0.0,0.16507098052162428,0.0,0.0,0.0,0.0,0.0,0.0,0.0,0.0,0.0,0.32456994482310936,0.7106247175647231,0.27374760470845877,0.36982248520710065,0.0,0.0,0.0,1.0415348158505344,0.0,0.0,0.0,0.0,0.0,0.0,0.0,0.0,0.33444816053511706,0.15959144589849986,0.0,0.0,0.0,0.0,0.0,4.433808471739538,2.1612328574047344,11.461538461538462,2.318268475230713,2.809454195439698,3.5679233298016495,0.9447247481909291,13.692307692307692,1.0642940653278554,2.318268475230713,5.182988493590783,,,,,,,,,0.003506637903228398,0.0010876986240503943,2020,8
2020-09-01,21,1.4728260620404126,0.0,0.9529541139015272,0.0,0.718402385289978,0.17240127758420443,0.9464477285114418,0.4820458885308509,0.0322622273841786,0.1139211665527455,0.0,0.0,0.0,0.1240079365079365,0.0,0.0,0.39831248403105235,0.2882399572295043,0.5322134040270845,0.0161311136920893,0.0,0.0,0.0,0.0,0.0,0.0,0.0,0.0,0.0,0.0,0.0,0.0,0.9529541139015272,0.0,0.0,0.0,0.0,0.0,0.0,0.0161311136920893,0.5460011077057737,0.1401390502000258,0.0,0.0161311136920893,0.04839334107626791,0.0,0.1240079365079365,0.0,0.0,0.7753248832623706,0.0161311136920893,0.0322622273841786,0.12272950417280315,0.0,0.1240079365079365,0.0,0.17901897601145722,0.0,0.17901897601145722,0.0161311136920893,0.0,0.0,0.0161311136920893,0.0,0.0,3.432943013507926,3.535808602748551,11.761904761904763,2.2747277078854986,2.803876068937399,3.5519961114144034,0.8693396757439699,16.095238095238095,0.8921485808345236,2.2747277078854986,4.326742571177218,,,,,,,,,0.004604549086876316,0.0001951500897035465,2020,9
2020-10-01,18,2.345149548412192,0.22675736961451248,1.698972634663383,0.0,1.0861834057723891,0.16485328058028356,0.722524921595599,0.0,0.1984126984126984,0.17199862401100793,0.0,0.0,0.7287003301380014,0.0,0.0,0.0,0.8773271290190443,0.16485328058028356,0.40227018466385434,0.0,0.0,0.0,0.0,0.0,0.22675736961451248,0.0,0.0,0.0,0.0,0.0,0.9613845168600211,0.0,0.7375881178033619,0.0,0.0,0.0,0.0,0.0,0.0,0.0,0.0,0.0,0.0,1.0861834057723891,0.0,0.16485328058028356,0.0,0.0,0.0,0.722524921595599,0.0,0.0,0.0,0.0,0.0,0.0,0.0,0.0,0.0,0.1984126984126984,0.0,0.0,0.0,0.0,0.0,4.517311813391819,5.546226081243237,11.777777777777779,2.207909555345173,2.791256842858538,3.4108138128422048,0.7764865992108996,13.61111111111111,1.072855952999166,2.207909555345173,6.269208297283566,,,,,,,,,0.004965341394690009,0.0017453848773637556,2020,10
2020-11-01,19,3.944636791526074,0.5182216606783274,0.5800489651750648,0.0,0.0,0.22207417277370642,0.931078922675659,0.26361741132539096,0.38097131120386934,0.9148103131942842,0.0,0.0,0.18532246108228317,0.0,0.18864365214110546,0.0,1.6009930257892817,0.2016535591853196,0.8532137801338003,0.0,0.0,0.0,0.0,0.21222410865874364,0.30599755201958384,0.0,0.0,0.0,0.0,0.0,0.0,0.0,0.5800489651750648,0.0,0.0,0.0,0.0,0.0,0.0,0.0,0.0,0.0,0.0,0.0,0.0,0.22207417277370642,0.0,0.0,0.0,0.7188548140169154,0.0,0.0,0.21222410865874364,0.0,0.0,0.0,0.0,0.18864365214110546,0.0749737591842855,0.0749737591842855,0.0,0.0,0.30599755201958384,0.0,0.0,3.030132327236515,2.255193255306238,11.947368421052632,2.2952930684075277,2.778089387122621,3.574158448160855,0.8708506518525874,13.789473684210526,1.0423328532324538,2.2952930684075277,7.716498100505921,,,,,,,,,0.002246021331296337,0.0013299582319294754,2020,11
2020-12-01,17,2.5196757169556827,0.0,0.6248676796299916,0.0,1.1389490207726656,0.11204481792717086,1.121649253406237,0.0,1.2959301124065299,0.7495615342505967,0.0,0.0,0.1709986320109439,0.0,0.0,0.0,0.9653283819805027,0.40400775694893337,0.0,0.22977941176470587,0.0,0.0,0.0,0.0,0.0,0.0,0.0,0.0,0.0,0.0,0.0,0.0,0.6248676796299916,0.0,0.0,0.0,0.0,0.0,0.0,0.22977941176470587,0.0,0.40432994414382967,0.0,0.5048396648641301,0.0,0.11204481792717086,0.0,0.0,0.0,1.121649253406237,0.0,0.0,0.0,0.0,0.0,0.0,0.0,0.0,0.0,0.695122120521865,0.0,0.42625745950554134,0.0,0.17455053237912377,0.0,2.269467360244826,5.012747066735464,11.941176470588236,2.264235334554222,2.8164041965710567,3.6984669113736763,0.8767693907147409,15.058823529411764,1.264354118911035,2.264235334554222,4.941269096009394,,,,,,,,,0.003992957096551046,0.0005767485759200755,2020,12
2021-01-01,18,5.732144424565794,0.4822674670097761,0.31911736053069073,0.0,0.6230768816248228,0.7660755013279439,0.23441162681669012,0.1465845793022574,0.5263204451167193,1.8121701912038444,0.0,0.0,0.0,0.0,0.1465845793022574,0.0,0.8701054647550772,1.3329690660674227,0.9472382416123702,0.6230768816248228,0.0,0.0,0.0,0.0,0.4822674670097761,0.0,0.0,0.0,0.0,0.0,0.1465845793022574,0.0,0.17253278122843338,0.0,0.0,0.0,0.0,0.0,0.0,0.6230768816248228,0.0,0.0,0.0,0.0,0.21958717610891523,0.22956841138659323,0.0,0.3169199138324353,0.0,0.23441162681669012,0.0,0.0,0.0,0.0,0.0,0.0,0.0,0.1465845793022574,0.0,0.5263204451167193,0.0,0.0,0.0,0.0,0.0,4.975649147351613,2.811989527051406,12.88888888888889,2.515167450971391,2.7760367139808224,3.5727656390448135,0.866935556412752,12.666666666666666,1.0356199485168753,2.515167450971391,6.968172694845844,,,,,,,,,0.003860158211831931,0.0007513990916473329,2021,1
2021-02-01,9,2.2352420003481672,2.1644424203112567,1.5175828290810471,0.0,0.0,0.36913990402362495,0.8924587237840248,0.0,0.0,1.4123648041812014,0.0,0.0,0.0,0.0,0.0,0.0,0.0,0.4462293618920124,0.3766478342749529,0.0,0.0,0.0,0.0,0.0,2.1644424203112567,0.0,0.0,0.0,0.0,0.0,0.5727376861397481,0.0,0.9448451429412992,0.0,0.0,0.0,0.0,0.0,0.0,0.0,0.0,0.0,0.0,0.0,0.0,0.36913990402362495,0.0,0.0,0.0,0.8924587237840248,0.0,0.0,0.0,0.0,0.0,0.0,0.0,0.0,0.0,0.0,0.0,0.0,0.0,0.0,0.0,0.5727376861397481,3.9840777640481337,10.555555555555555,2.2023152820405265,2.7530258498567335,3.492054148299356,0.8720459995645835,13.333333333333334,0.8814579449287312,2.2023152820405265,3.948323369872057,,,,,,,,,0.00306580380242906,0.0026350422772531273,2021,2
2021-03-01,21,5.414962967286718,0.8092729365476876,1.113331151389188,0.0,0.8767319824322141,0.4259707649538158,0.8414272081219094,0.7790106480823582,1.013018361912786,1.60806043861101,0.0,0.0,0.2841203821595979,0.3883186197596678,0.2616431187859759,0.0,0.34261879934455536,1.5517225941648873,0.8292030031160467,0.14927601134497687,0.0,0.0,0.0,0.5711776984524495,0.23809523809523808,0.0,0.0,0.0,0.0,0.0,0.0,0.0,1.113331151389188,0.0,0.0,0.0,0.0,0.0,0.0,0.14927601134497687,0.0,0.23172285946008575,0.1576789656259855,0.3380541460011659,0.0,0.26455026455026454,0.0,0.0,0.16142050040355124,0.8414272081219094,0.0,0.0,0.0,0.0,0.3883186197596678,0.0,0.0,0.2616431187859759,0.1290489095367144,1.013018361912786,0.0,0.0,0.0,0.0,0.0,4.960347790366419,5.199558433928315,11.666666666666666,2.2590876819829924,2.7947477311477873,3.4638961548792677,0.7955509292745043,11.142857142857142,0.8560910383079484,2.2590876819829924,5.041931357559746,,,,,,,,,0.0055602644836360805,0.0002651374410750197,2021,3
2021-04-01,21,3.1604800615717688,0.0,1.0311249093822095,0.0,0.9740802836561916,1.255577771112277,0.3773582164576124,0.0,0.3257652175350983,0.5548699824712438,0.0,0.0,0.38402457757296465,0.0,0.0,0.0,0.568848228946751,0.45938025808856997,0.6232091315607504,0.5701478829314894,0.0,0.0,0.0,0.0,0.0,0.0,0.0,0.0,0.0,0.0,0.19201228878648233,0.0,0.8391126205957272,0.0,0.0,0.0,0.0,0.0,0.0,0.5701478829314894,0.221483942414175,0.0,0.0,0.18244845831052728,0.21645021645021642,0.5818761520934163,0.0,0.4572514025686444,0.0,0.3773582164576124,0.0,0.0,0.0,0.0,0.0,0.0,0.0,0.0,0.0,0.14607069821793747,0.0,0.17969451931716082,0.0,0.0,0.0,1.7705422953603271,3.458670170590904,12.380952380952381,2.4126767127474213,2.8008108447286255,3.5279284958220694,0.935219387473436,11.571428571428571,0.9177119193628469,2.4126767127474213,7.442873807286994,,,,,,,,,0.005644815331922628,0.0007329275660963865,2021,4
2021-05-01,9,1.460368219724105,0.5367686527106817,1.2215992495685737,0.0,0.6038647342995169,0.4894762604013706,2.1258363032461203,0.0,0.0,0.30193236714975846,0.0,0.0,0.0,0.0,0.0,0.0,0.0,0.4340277777777778,0.4224757076468103,0.30193236714975846,0.0,0.0,0.0,0.0,0.0,0.0,0.5367686527106817,0.0,0.4224757076468103,0.0,0.4224757076468103,0.0,0.3766478342749529,0.0,0.0,0.0,0.0,0.0,0.0,0.30193236714975846,0.0,0.0,0.0,0.30193236714975846,0.4894762604013706,0.0,0.0,0.0,0.0,2.1258363032461203,0.0,0.0,0.0,0.0,0.0,0.0,0.0,0.0,0.0,0.0,0.0,0.0,0.0,0.0,0.4224757076468103,0.3766478342749529,4.560191069935143,10.444444444444445,1.9092445785410226,2.7399881575912413,3.4259466916177344,0.766628736298805,10.222222222222221,0.9084247306115127,1.9092445785410226,6.53021332094741,,,,,,,,,0.002707798930746191,0.0031470266548471034,2021,5
2021-06-01,10,2.5955317673763374,0.0,0.7311793897159752,0.0,0.8347735914275838,0.6493506493506495,0.22321428571428573,0.0,0.9175084175084175,1.166960338804909,0.0,0.0,0.0,0.0,0.0,0.0,0.32467532467532473,0.6493506493506495,0.4545454545454545,0.0,0.0,0.0,0.0,0.0,0.0,0.0,0.0,0.0,0.0,0.0,0.0,0.0,0.7311793897159752,0.0,0.0,0.0,0.0,0.0,0.0,0.0,0.0,0.0,0.0,0.8347735914275838,0.6493506493506495,0.0,0.0,0.0,0.0,0.22321428571428573,0.0,0.0,0.0,0.0,0.0,0.0,0.0,0.0,0.0,0.9175084175084175,0.0,0.0,0.0,0.0,0.3802281368821293,2.5034019289533997,1.6190014239747441,12.0,2.1171213989643785,2.8060136636640616,3.5127003588688908,0.8835451810278186,13.0,1.0219947497605095,2.1171213989643785,3.9143284917321255,,,,,,,,,0.00367387853772983,0.0006138392857142857,2021,6
2021-07-01,16,2.3683786840084644,0.0,1.0387535740335156,0.0,1.256187757959578,0.0,0.6381691749547501,0.3434065934065934,0.5210594876248371,0.45661949913621436,0.0,0.0,0.0,0.0,0.1717032967032967,0.0,0.44677372336785004,0.917995806208556,0.20358306188925082,0.1717032967032967,0.0,0.0,0.0,0.0,0.0,0.0,0.0,0.0,0.0,0.0,0.286697247706422,0.0,0.7520563263270936,0.0,0.0,0.0,0.0,0.0,0.0,0.1717032967032967,0.0,0.46013404337634556,0.0,0.6243504178799357,0.0,0.0,0.0,0.0,0.0,0.6381691749547501,0.0,0.0,0.0,0.0,0.0,0.0,0.0,0.1717032967032967,0.1717032967032967,0.5210594876248371,0.0,0.0,0.0,0.0,0.0,0.9200133416487954,3.346684264616847,12.0,2.301778186129087,2.782247914094309,3.4593081440989493,0.8002540419458098,12.3125,1.05180097263359,2.301778186129087,5.379089502174597,,,,,,,,,0.004301998823565724,0.0015666914055520772,2021,7
2021-08-01,18,4.916008398448255,0.1610305958132045,2.1096042516115228,0.0,0.5275527552755275,0.29394473838918284,0.8940476220783368,0.5929071468282762,0.4900545883592096,1.5757901570847646,0.0,0.0,0.21043771043771045,0.0,0.5929071468282762,0.0,1.140478161674889,0.17470300489168414,0.9466647147806567,0.27502750275027504,0.0,0.0,0.0,0.0,0.1610305958132045,0.0,0.0,0.0,0.0,0.0,1.0106221888045166,0.0,1.098982062807006,0.0,0.0,0.0,0.0,0.0,0.0,0.27502750275027504,0.0,0.0,0.0,0.2525252525252525,0.0,0.0,0.0,0.0,0.29394473838918284,0.8940476220783368,0.0,0.0,0.0,0.0,0.0,0.0,0.0,0.5929071468282762,0.0,0.4900545883592096,0.0,0.0,0.0,0.0,0.2560163850486431,4.982124283385944,5.460197873599886,11.88888888888889,2.366518465274318,2.7693275566464615,3.598047646195269,0.8275501666291625,11.944444444444445,1.00365831967768,2.366518465274318,5.734524441309359,,,,,,,,,0.0053930874788628074,0.0019619759019848635,2021,8
2021-09-01,19,4.3665270633177,0.10719262514738985,0.4058792300949417,0.0,0.6642188115415157,0.17143836790673753,1.1316967378228504,0.7070955465126376,1.0636691013426827,1.4050157599869515,0.0,0.0,0.10719262514738985,0.21222410865874364,0.494871437853894,0.0,1.5524224135815765,0.4876080929417545,0.10719262514738985,0.0,0.0,0.0,0.0,0.0,0.10719262514738985,0.0,0.0,0.0,0.0,0.0,0.0,0.0,0.4058792300949417,0.0,0.0,0.0,0.0,0.0,0.0,0.0,0.34287673581347505,0.0,0.0,0.32134207572804063,0.0,0.17143836790673753,0.0,0.0,0.0,1.1316967378228504,0.0,0.0,0.0,0.0,0.21222410865874364,0.0,0.0,0.494871437853894,0.0,1.0636691013426827,0.0,0.0,0.0,0.0,0.0,6.7339456053561175,5.80856939290741,11.526315789473685,2.3074917505194095,2.7859791510693164,3.6231961746736743,0.8712365848985835,14.105263157894736,1.031782786497116,2.3074917505194095,6.8131156560941495,,,,,,,,,0.005190798271082121,0.0007868398351318841,2021,9
2021-10-01,14,5.190880877591009,0.19952114924181963,1.7529343171659086,0.0,0.9172058122418667,0.7942965043177708,0.7177284321549848,0.31466331025802396,1.520921174685034,1.1121224497296576,0.0,0.0,0.0,0.0,0.0,0.0,2.3303262542630074,1.3802436610799342,0.36818851251840945,0.0,0.0,0.0,0.0,0.0,0.19952114924181963,0.0,0.0,0.0,0.31466331025802396,0.0,0.2757859900717044,0.0,1.1624850168361802,0.0,0.0,0.0,0.0,0.0,0.0,0.0,0.7137056087416632,0.0,0.2035002035002035,0.0,0.2801120448179272,0.19952114924181963,0.0,0.31466331025802396,0.0,0.7177284321549848,0.0,0.0,0.0,0.0,0.0,0.0,0.31466331025802396,0.0,0.0,1.113920767684627,0.407000407000407,0.0,0.0,0.0,0.7563025210084033,2.847589705014239,2.9805703414319438,11.642857142857142,2.1249995163463904,2.7883809531256327,3.461195266409084,0.7552674805380523,11.071428571428571,1.0197461426842869,2.1249995163463904,7.244656668099452,,,,,,,,,0.003540467356614861,0.004244725195418981,2021,10
2021-11-01,9,4.300332432047054,0.0,0.0,0.0,0.5583472920156338,0.5583472920156338,1.2996771690825204,0.0,0.0,1.5220700152207,0.0,0.0,0.0,0.0,0.0,0.0,1.2967809353448727,1.4814814814814816,0.0,0.0,0.0,0.0,0.0,0.0,0.0,0.0,0.0,0.0,0.0,0.0,0.0,0.0,0.0,0.0,0.0,0.0,0.0,0.0,0.0,0.0,0.0,0.0,0.0,0.5583472920156338,0.0,0.5583472920156338,0.0,0.0,0.0,1.2996771690825204,0.0,0.0,0.0,0.0,0.0,0.0,0.0,0.0,0.0,0.0,0.0,0.0,0.0,0.0,0.0,0.5583472920156338,2.1158021828038582,12.0,2.1693812779409116,2.7493914781158155,3.3259202450535317,0.695371408734069,11.333333333333334,0.8350828935363225,2.1693812779409116,5.194403449331323,,,,,,,,,0.0033299536456419423,0.0017531807381891635,2021,11
2021-12-01,12,6.052483450581316,0.0,0.6453159282408688,0.0,0.7120976717023129,0.23277467411545624,0.9563288658116246,0.23277467411545624,0.41254125412541254,3.5068779589653474,0.0,0.0,0.8265452198090788,0.0,0.0,0.0,0.5339046453104809,0.0,0.9523809523809524,0.23277467411545624,0.0,0.0,0.0,0.0,0.0,0.0,0.0,0.0,0.0,0.0,0.0,0.0,0.6453159282408688,0.0,0.0,0.0,0.0,0.0,0.0,0.23277467411545624,0.23277467411545624,0.0,0.0,0.2465483234714004,0.0,0.23277467411545624,0.0,0.0,0.0,0.9563288658116246,0.0,0.0,0.0,0.0,0.0,0.0,0.23277467411545624,0.0,0.0,0.41254125412541254,0.0,0.0,0.0,0.0,0.0,5.6401143790849675,2.1143386397463275,12.333333333333334,2.4443591799897564,2.805355683002864,3.452471510067444,0.7388433540494188,10.25,0.8256577431803072,2.4443591799897564,5.199296934438007,25.4,1.8188976377952757,27.175259842519694,15.778992125984256,13.28866283464567,16.647925096878797,17.579765625,18.978897637795274,0.004861089251229557,0.0012660055834132825,2021,12
2022-01-01,14,3.157582231079981,0.6449502878074307,0.2801120448179272,0.0,0.27901785714285715,0.0,1.0167896946012447,0.9750370055429579,1.0458303447828023,0.9317556809958025,0.0,0.0,0.27901785714285715,0.27901785714285715,0.6960191484001008,0.0,0.4651860744297719,0.5065856129685916,0.0,0.0,0.0,0.0,0.0,0.0,0.6449502878074307,0.0,0.0,0.0,0.0,0.0,0.0,0.0,0.2801120448179272,0.0,0.0,0.0,0.0,0.0,0.0,0.0,0.0,0.0,0.0,0.27901785714285715,0.0,0.0,0.0,0.0,0.0,0.7616876537849182,0.0,0.0,0.25510204081632654,0.0,0.27901785714285715,0.0,0.0,0.6960191484001008,0.0,1.0458303447828023,0.0,0.0,0.0,0.0,0.0,3.8808748214385465,2.758827444795582,11.714285714285714,2.2770960849421766,2.788549060530403,3.4212415879690945,0.777596744183591,11.214285714285714,1.0726080431558425,2.2770960849421766,4.915687523933209,,,,,,,,,0.004329420550715299,0.0008472202139965298,2022,1
2022-02-01,21,2.376492279483617,0.1483459427384661,1.4972313670523036,0.0,0.12304663467454165,0.7084418666507444,0.8307880279575393,0.2460932693490833,0.47434309186933554,0.7731051057160767,0.0,0.0,0.4388852315119596,0.12304663467454165,0.12304663467454165,0.0,0.7705234318535542,0.1478852410529429,0.0,0.0,0.0,0.0,0.0,0.0,0.1483459427384661,0.0,0.0,0.0,0.0,0.0,0.7442248154322458,0.15664160401002505,0.5963649476100328,0.0,0.0,0.0,0.0,0.0,0.0,0.0,0.0,0.0,0.0,0.12304663467454165,0.0,0.7084418666507444,0.0,0.0,0.0,0.8307880279575393,0.0,0.0,0.0,0.0,0.12304663467454165,0.0,0.0,0.12304663467454165,0.0,0.47434309186933554,0.0,0.0,0.0,0.0,0.0,2.2379984363612504,5.512176046140343,11.380952380952381,2.1221954219440047,2.7995567689150405,3.475029534005838,0.8328617138668959,12.857142857142858,0.963997017191185,2.1221954219440047,5.2847259301222795,,,,,,,,,0.0030698568049930533,0.0022678064364352953,2022,2
2022-03-01,23,3.996673698689608,0.36906818476193154,0.5899293942772204,0.0,0.4219008448538006,0.1463914507392768,0.7084999167083125,0.0,0.28226101595666814,0.9592945808016928,0.0,0.0,0.0,0.0,0.0,0.0,0.8559696975437546,0.36840876044389864,1.8130006599002615,0.0,0.0,0.0,0.0,0.19584802193497847,0.17322016282695304,0.0,0.0,0.0,0.16722408026755853,0.0,0.0,0.0,0.4227053140096618,0.0,0.0,0.0,0.0,0.0,0.0,0.0,0.1509661835748792,0.0,0.0,0.2709346612789213,0.0,0.1463914507392768,0.0,0.0,0.0,0.7084999167083125,0.0,0.0,0.0,0.0,0.0,0.0,0.0,0.0,0.0,0.28226101595666814,0.0,0.0,0.0,0.0,0.0,1.6162253442238608,3.8817281567738346,12.869565217391305,2.6330116697596675,2.7619820345204276,3.235114514136132,0.6574764694507585,10.826086956521738,0.834473508960264,2.6330116697596675,3.895830058688133,,,,,,,,,0.0037374975834650217,0.0013152826865123026,2022,3
2022-04-01,18,3.1359951178918077,0.0,0.47962218017874597,0.0,1.6155530894576422,0.0,0.6128481950226576,0.8141982605142574,1.1468088429133458,0.16937669376693767,0.0,0.0,0.3429355281207133,0.17146776406035666,0.6427304964539007,0.0,0.0,1.0873396384626561,0.7221449970272434,0.0,0.0,0.0,0.0,0.0,0.0,0.0,0.0,0.0,0.0,0.0,0.0,0.0,0.47962218017874597,0.0,0.0,0.0,0.0,0.0,0.0,0.0,0.3027550711474417,0.4985997577959431,0.0,0.8141982605142574,0.0,0.0,0.0,0.0,0.0,0.6128481950226576,0.0,0.0,0.0,0.0,0.17146776406035666,0.0,0.0,0.6427304964539007,0.0,1.1468088429133458,0.0,0.0,0.0,0.0,0.0,5.088455290100871,3.150089944944926,11.277777777777779,2.041088152233803,2.772688243126917,3.4967205379482214,0.8204800201026676,12.555555555555555,1.025621823626246,2.041088152233803,5.6792626431833755,,,,,,,,,0.00435784438656872,0.0007789757245094935,2022,4
2022-05-01,17,2.0768875100629267,0.28280542986425344,0.8003850892602193,0.0,1.213122524996666,1.2453182701206171,0.8218511621909826,0.35987582719284333,0.13873473917869034,0.4541424035849354,0.0,0.0,0.26143790849673204,0.0,0.35987582719284333,0.0,0.4542357483533954,0.5471956224350205,0.0,0.0,0.0,0.0,0.0,0.28280542986425344,0.0,0.0,0.0,0.0,0.15770383220312253,0.0,0.22114108801415303,0.0,0.4215401690429438,0.0,0.0,0.0,0.0,0.0,0.0,0.0,0.28280542986425344,0.15520720161415488,0.0,0.7751098935182578,0.4142502071251036,0.8310680629955137,0.0,0.0,0.0,0.8218511621909826,0.0,0.0,0.0,0.0,0.0,0.0,0.0,0.35987582719284333,0.0,0.13873473917869034,0.0,0.0,0.0,0.0,0.0,3.840269550775641,4.325667146269461,12.0,2.346866455935614,2.7895417615375875,3.499677283286069,0.8266587225148226,11.529411764705882,0.903097302515339,2.346866455935614,5.7762033806015225,,,,,,,,,0.004008480712294662,0.0025557192130853377,2022,5
2022-06-01,13,2.615250273264086,0.7204804998922647,0.31269543464665417,0.0,0.5974838690159776,0.6936297785970988,0.5794541194955928,0.0,1.0319899293919925,0.37707390648567124,0.0,0.0,0.0,0.0,0.0,0.0,0.6153846153846154,1.2457178449081283,0.0,0.37707390648567124,0.0,0.0,0.0,0.3434065934065934,0.37707390648567124,0.0,0.0,0.0,0.0,0.0,0.31269543464665417,0.0,0.0,0.0,0.0,0.0,0.0,0.0,0.0,0.37707390648567124,0.22040996253030637,0.0,0.0,0.0,0.0,0.6936297785970988,0.0,0.0,0.0,0.5794541194955928,0.0,0.0,0.0,0.0,0.0,0.0,0.0,0.0,0.0,0.6292513067580818,0.0,0.40273862263391064,0.0,0.0,0.0,3.3799093452340587,5.899201160291694,11.846153846153847,2.371883011874237,2.789279098574239,3.4985198919522746,0.8518837812528827,9.153846153846153,0.9789847033134522,2.371883011874237,7.409062208597922,,,,,,,,,0.003557579699968487,0.0012668001534572554,2022,6
2022-07-01,10,5.519608873043349,0.0,1.1860897638347896,0.0,0.23809523809523814,0.3831417624521073,1.2948987587116996,0.0,0.0,2.8956795738870245,0.0,0.0,0.0,0.0,0.0,0.0,0.3831417624521073,1.4803312629399585,0.7604562737642586,0.0,0.0,0.0,0.0,0.0,0.0,0.0,0.0,0.0,0.0,0.0,0.0,0.0,1.1860897638347896,0.0,0.0,0.0,0.0,0.0,0.0,0.0,0.0,0.0,0.0,0.23809523809523814,0.0,0.0,0.0,0.3831417624521073,0.0,1.2948987587116996,0.0,0.0,0.0,0.0,0.0,0.0,0.0,0.0,0.0,0.0,0.0,0.0,0.0,0.0,0.0,0.5649717514124294,4.040554938238495,11.3,2.1855031912891354,2.8028891828779274,3.225495750509033,0.6691706050930095,12.9,0.8470795694590176,2.1855031912891354,6.039544560104605,,,,,,,,,0.005005972288580985,0.00023809523809523812,2022,7
2022-08-01,18,3.414850681349959,0.846038222156182,1.4768191543483686,0.0,0.33875338753387535,0.0,0.7814393001561505,0.0,1.1145187815625759,0.8912142351632798,0.0,0.0,0.29394473838918284,0.0,0.0,0.0,0.610651688613361,1.1072163651220492,0.17307026652821045,0.33875338753387535,0.0,0.2834467120181406,0.0,0.5625915101380414,0.0,0.0,0.0,0.0,0.0,0.0,0.17307026652821045,0.0,1.3037488878201582,0.0,0.0,0.0,0.0,0.0,0.0,0.33875338753387535,0.0,0.0,0.0,0.0,0.0,0.0,0.0,0.0,0.0,0.7814393001561505,0.0,0.0,0.0,0.0,0.0,0.0,0.0,0.0,0.0,0.768378248506155,0.3461405330564209,0.0,0.0,0.0,0.0,5.204688976838886,1.2565755976140471,11.222222222222221,2.0244150817713207,2.8218083473975906,3.671833735440108,0.8943843027210724,12.444444444444445,0.9623449131784887,2.0244150817713207,6.932737650527859,,,,,,,,,0.0030540941851757214,0.0012425421052308185,2022,8
2022-09-01,22,1.85965570903289,0.28235087796216324,1.2861756243026379,0.0,1.2031298541312525,0.34215519181914655,0.7461879341562843,0.5380466986741306,1.107675688673105,0.0,0.0,0.0,0.28217001137697467,0.0,0.17755681818181818,0.0,0.31211806029788236,0.5007742463965237,0.23699083260211787,0.35004574017757334,0.0,0.0,0.0,0.0,0.13986013986013987,0.0,0.0,0.14249073810202337,0.0,0.0,0.3016200880969564,0.0,0.9845555362056814,0.0,0.0,0.0,0.0,0.0,0.0,0.35004574017757334,0.282326369282891,0.1652892561983471,0.0,0.4054684884724411,0.08843296781039972,0.08843296781039972,0.1652892561983471,0.0,0.0,0.6166878046561549,0.0,0.0,0.12950012950012948,0.0,0.0,0.0,0.0945000945000945,0.17755681818181818,0.2659897859922179,0.8514156459361939,0.25626004273691105,0.0,0.0,0.0,0.0,5.272187796241657,5.039743355398447,13.136363636363637,2.4596276058065447,2.783413461125999,3.6329581745549633,0.9553069927552985,12.727272727272727,0.9320749334760762,2.4596276058065447,4.2581221636272755,,,,,,,,,0.003186978614164676,0.0015849816324839472,2022,9
2022-10-01,14,4.455519921239109,0.0,0.536348783350782,0.0,0.847756285021801,0.4413375251317202,2.3525497273937144,0.0,1.1312589848319259,0.7719637964353564,0.0,0.0,0.0,0.0,0.0,0.0,1.6674565500987042,1.0868270364462176,0.9292725382588303,0.0,0.0,0.0,0.0,0.0,0.0,0.0,0.0,0.0,0.0,0.0,0.3013863773357444,0.0,0.23496240601503757,0.0,0.0,0.0,0.0,0.0,0.0,0.0,0.0,0.4488204043041736,0.0,0.3989358807176274,0.21385799828913601,0.0,0.0,0.0,0.22747952684258418,2.05116335005797,0.3013863773357444,0.0,0.0,0.0,0.0,0.0,0.0,0.0,0.0,1.1312589848319259,0.0,0.0,0.0,0.0,0.0,4.739168220957992,5.957088444280365,11.857142857142858,2.2839498473551356,2.8684642436217196,3.659971666139392,0.8533263747131545,12.928571428571429,1.0027960215917155,2.2839498473551356,4.954436765090869,,,,,,,,,0.003541036735277846,0.0017456466486121575,2022,10
2022-11-01,24,3.492550827666222,0.5262021017943617,0.7238876539396267,0.0,0.4591403072066056,0.39424457301953275,1.3962042228238418,0.0,0.10416666666666667,1.1238416120480004,0.0,0.0,0.44754489656740165,0.0,0.0,0.0,0.698984577475465,0.6130303091629058,0.6091494324124488,0.0,0.0,0.13312034078807242,0.0,0.0,0.3930817610062893,0.0,0.0,0.0,0.22120786516853932,0.0,0.1326963906581741,0.0,0.3699833981129132,0.0,0.0,0.0,0.0,0.0,0.0,0.0,0.0,0.0,0.2302025782688766,0.22893772893772893,0.0,0.39424457301953275,0.0,0.0,0.0,1.2261361956129573,0.0,0.0,0.17006802721088435,0.0,0.0,0.0,0.0,0.0,0.0,0.10416666666666667,0.0,0.0,0.0,0.0,0.0,2.465995387248372,3.119053555221139,11.833333333333334,2.345382618247506,2.769175892705585,3.420365617486482,0.741247451857177,12.375,0.9833887758332698,2.345382618247506,6.397391876302431,,,,,,,,,0.0042715369113045425,0.0015244521088029989,2022,11
2022-12-01,8,1.2353975504264523,0.0,0.0,0.0,0.0,0.45454545454545453,0.45454545454545453,0.0,0.0,0.4370629370629371,0.0,0.0,0.0,0.0,0.0,0.0,0.361271676300578,0.0,0.4370629370629371,0.0,0.0,0.0,0.0,0.0,0.0,0.0,0.0,0.0,0.0,0.0,0.0,0.0,0.0,0.0,0.0,0.0,0.0,0.0,0.0,0.0,0.0,0.0,0.0,0.0,0.0,0.0,0.0,0.0,0.45454545454545453,0.45454545454545453,0.0,0.0,0.0,0.0,0.0,0.0,0.0,0.0,0.0,0.0,0.0,0.0,0.0,0.0,0.0,7.959876755684456,2.953289844924826,12.0,2.343333074376022,2.8094978842555824,3.464841400450135,0.8958922402095016,10.125,0.7369856189863501,2.343333074376022,5.62589247516845,,,,,,,,,0.004370717350067679,0.0012497017418277262,2022,12
2023-01-01,15,2.4197370313240074,0.5797101449275363,1.3408934614320216,0.0,0.3477634377316402,0.0,1.1747179884612071,0.3257721243004455,0.25839793281653745,0.9997247942619095,0.0,0.0,0.0,0.0,0.3257721243004455,0.0,0.0,0.2812939521800281,0.723580655666522,0.08936550491510277,0.0,0.0,0.0,0.5797101449275363,0.0,0.0,0.0,0.0,0.0,0.0,0.7751937984496123,0.0,0.5656996629824091,0.0,0.0,0.0,0.0,0.0,0.0,0.08936550491510277,0.0,0.25839793281653745,0.0,0.0,0.0,0.0,0.0,0.0,0.0,1.1747179884612071,0.0,0.0,0.0,0.0,0.0,0.0,0.0,0.3257721243004455,0.0,0.25839793281653745,0.0,0.0,0.0,0.0,0.0,4.181574844099091,5.078599437707624,11.466666666666667,2.2442875146995207,2.811837858071967,3.414867261579062,0.7289995657022502,13.266666666666667,0.903248993868575,2.2442875146995207,4.599368894395415,,,,,,,,,0.002966570950440089,0.0024719528407424443,2023,1
2023-02-01,18,4.401275378151772,0.5621693121693121,1.025132275132275,0.0,1.3407834210040432,0.17146776406035666,0.8478991348692697,0.5195430773465455,0.6358833460622587,1.4320647867566823,0.2374169040835708,0.0,0.0,0.0,0.5195430773465455,0.0,0.0,0.45021417956115045,0.7911334718728353,0.9709029585309881,0.0,0.0,0.0,0.0,0.5621693121693121,0.0,0.0,0.0,0.0,0.0,0.16534391534391532,0.0,0.8597883597883597,0.0,0.0,0.0,0.0,0.0,0.0,0.9709029585309881,0.0,0.0,0.0,0.369880462473055,0.17146776406035666,0.0,0.0,0.0,0.0,0.8478991348692697,0.0,0.0,0.0,0.0,0.0,0.0,0.0,0.5195430773465455,0.0,0.43747064764956023,0.0,0.1984126984126984,0.0,0.0,0.5952380952380952,3.5482607039966254,3.640738971953004,12.555555555555555,2.587687400606747,2.743430327674739,3.3376262041382145,0.7073435958540499,10.666666666666666,0.9903615919918641,2.587687400606747,5.270357640646543,,,,,,,,,0.004356408549170598,0.0025257833424939835,2023,2
2023-03-01,17,4.435653342067204,0.5497526113249038,0.5982270147412228,0.0,1.4971227150219644,0.0,0.7857998396744053,0.5242814898752746,1.2969150910245566,0.3571469761684165,0.0,0.0,0.0,0.0,0.5242814898752746,0.0,0.5549883504803792,1.8015854528624453,1.1976510726806888,0.0,0.0,0.0,0.0,0.0,0.5497526113249038,0.0,0.0,0.0,0.0,0.0,0.0,0.0,0.5982270147412228,0.0,0.0,0.0,0.0,0.0,0.0,0.0,0.5120679565163418,0.4801920768307323,0.0,0.50486268167489,0.0,0.0,0.0,0.0,0.0,0.7857998396744053,0.0,0.0,0.0,0.0,0.0,0.0,0.0,0.5242814898752746,0.0,0.8073543714505547,0.0,0.0,0.0,0.4895607195740019,0.0,5.576936429408337,5.578672509987239,12.117647058823529,2.3759625867594094,2.804183556018702,3.6598376599395337,0.8127616533898143,11.411764705882353,1.1212714436530604,2.3759625867594094,5.075910841627503,,,,,,,,,0.003921759062205046,0.0020911373856380387,2023,3
2023-04-01,18,2.3924523351277265,0.0,0.9934935287439794,0.0,0.6378282307074876,0.22862368541380887,0.5295328007746308,0.0,1.0704769112602233,0.7188197638451814,0.0,0.0,0.0,0.0,0.0,0.0,0.6267988495693174,0.16989466530750935,0.8769390564057181,0.0,0.0,0.0,0.0,0.0,0.0,0.0,0.0,0.0,0.14467592592592593,0.0,0.0,0.0,0.8488176028180536,0.0,0.0,0.0,0.0,0.0,0.0,0.0,0.27233115468409586,0.0,0.0,0.36549707602339176,0.0,0.22862368541380887,0.0,0.0,0.0,0.5295328007746308,0.0,0.0,0.0,0.0,0.0,0.0,0.0,0.0,0.0,0.7511921092168006,0.3192848020434227,0.0,0.0,0.0,0.0,3.224577665415887,3.6787343521896307,12.333333333333334,2.448181683312941,2.823221640821369,3.3684834316691377,0.6556119500268308,12.666666666666666,0.9553423567640424,2.448181683312941,5.735740686189641,,,,,,,,,0.001320993594509035,0.0016601551925172113,2023,4
2023-05-01,20,3.757716338815674,0.6212608712608713,3.3883016357059352,0.0,1.4866747761951908,0.9746910171296461,1.530049503742509,0.0,0.6795008171416123,0.8137263253542322,0.0,0.0,0.5042822800576661,0.0,0.0,0.0,0.6199355208910223,0.9130152490959205,0.9067569634168329,0.0,0.0,0.16233766233766236,0.0,0.0992063492063492,0.19305019305019305,0.0,0.16666666666666669,0.0,0.0,0.0,0.17667844522968196,0.0,3.211623190476253,0.0,0.0,0.0,0.0,0.0,0.0,0.0,0.5141889945260731,0.0,0.6127689384569296,0.35971684321218805,0.0,0.6111739567621921,0.0,0.1968503937007874,0.16666666666666669,1.3533710585128271,0.17667844522968196,0.0,0.0,0.0,0.0,0.0,0.0,0.0,0.0,0.5802944679352631,0.0,0.0992063492063492,0.0,0.0,0.0,2.272542800385851,2.332592012725968,12.2,2.3503800604438716,2.8107867539126974,3.4218115859466587,0.7617749994269616,12.95,1.0005816303912514,2.3503800604438716,5.89864763934698,,,,,,,,,0.0039699817799179905,0.0014422629715589936,2023,5
2023-06-01,32,3.154683968890259,0.4220878808476438,2.1156554521613398,0.0,1.4262587946877514,0.43185769669997787,1.2667743733388268,0.3324468085106383,1.1110334708915686,0.6376487353637758,0.0,0.0,0.0,0.16622340425531915,0.0,0.0,0.5113068631221938,0.8948546666144861,0.5056618032213717,0.43898849631311265,0.0,0.0,0.0,0.2980799443397073,0.1240079365079365,0.0,0.0,0.0,0.2529805710921401,0.0,0.7610272232732178,0.0,1.1016476577959817,0.0,0.0,0.0,0.0,0.0,0.0,0.43898849631311265,0.2558644765923247,0.0,0.18198567305710162,0.5494201487252125,0.2284410786363218,0.20341661806365607,0.0,0.0,0.0,1.2667743733388268,0.0,0.0,0.0,0.0,0.16622340425531915,0.0,0.16622340425531915,0.0,0.0,0.7790174720750473,0.0,0.0998402555910543,0.17265193370165746,0.05952380952380952,0.24606299212598426,2.320502995085002,3.323082282702166,12.3125,2.4769439886819002,2.7990633574307466,3.494075902819839,0.8510413920944014,12.40625,0.9191522487038051,2.4769439886819002,4.9701251289609205,19.8,2.186868686868687,18.94690679304898,14.111165876777253,13.538803823064772,15.557879425188943,15.11338072669826,18.707235387045813,0.0024172032340416916,0.001974506105580046,2023,6
2023-07-01,20,2.9653220462941574,0.0,1.26027602158321,0.0,0.8105327566047873,0.0,1.3507957253370606,0.42735042735042744,0.1718213058419244,1.5411501473337856,0.0,0.0,0.21367521367521372,0.21367521367521372,0.0,0.0,0.23696682464454977,0.411512730423064,0.25328488232179813,0.09505703422053233,0.0,0.0,0.0,0.0,0.0,0.0,0.0,0.0,0.0,0.0,0.12953367875647667,0.0,1.1307423428267334,0.0,0.0,0.0,0.0,0.0,0.0,0.09505703422053233,0.1718213058419244,0.0,0.0,0.5436544165423305,0.0,0.0,0.0,0.0,0.0,1.221262046580584,0.0,0.0,0.12953367875647667,0.0,0.21367521367521372,0.0,0.21367521367521372,0.0,0.0,0.0,0.0,0.0,0.0,0.1718213058419244,0.0,2.5859238952222348,4.789121934777951,12.5,2.4804574970668747,2.8308424380694635,3.5836469979954457,0.8790544558862038,11.7,1.0069603588170006,2.4804574970668747,4.9406727510150406,,,,,,,,,0.0061824337163304864,0.001551739652708774,2023,7
2023-08-01,21,4.725407048895335,0.7854987718583191,2.435567174588038,0.0,0.7837068755141944,0.14046916701783957,0.9141987050311745,1.011371869284847,0.6188409725486742,0.8468409511319228,0.0,0.0,0.3115050734098353,0.0,0.5899643682313285,0.0,0.9513967030306899,0.4203791762583662,1.4449872831663646,0.16033349366682698,0.0,0.0,0.0,0.16033349366682698,0.6251652781914921,0.0,0.0,0.0,0.1074922068150059,0.32066698733365395,0.19124115509657674,0.0,1.8161668253428016,0.0,0.0,0.0,0.0,0.0,0.0,0.16033349366682698,0.0,0.2149844136300118,0.0,0.4083889682173556,0.0,0.14046916701783957,0.0,0.0,0.0,0.7229575499345978,0.0,0.0,0.19124115509657674,0.0,0.0,0.14046916701783957,0.28093833403567914,0.5899643682313285,0.0,0.4275998174520974,0.0,0.0,0.19124115509657674,0.0,0.0,2.987509723880167,4.22231999409811,12.047619047619047,2.441565453755024,2.8020193203809773,3.8051805297733305,1.1166769452510952,12.904761904761905,0.9039188505429211,2.441565453755024,2.9726556761201803,,,,,,,,,0.0036782041977218936,0.0021931424392768427,2023,8
2023-09-01,24,3.0906256929658187,0.5821883815895793,1.712965546740662,0.0,1.2454263598642816,0.2139556503431493,1.152922346015823,0.5562723468636639,0.09980039920159679,0.39498453677558154,0.0,0.0,0.3180661577608142,0.29843893480257117,0.2578334120610927,0.0,1.080423366838599,0.1141552511415525,0.2604166666666667,0.36630736691894095,0.0,0.12626262626262627,0.0,0.3561253561253562,0.09980039920159679,0.0,0.0,0.0,0.20226537216828477,0.0,0.17217630853994492,0.0,1.3385238660324321,0.0,0.0,0.0,0.0,0.0,0.0,0.36630736691894095,0.3167342366371492,0.0,0.10364842454394692,0.4587363317642444,0.0,0.2139556503431493,0.0,0.0,0.0,1.0387670948742709,0.1141552511415525,0.0,0.0,0.0,0.29843893480257117,0.0,0.0,0.2578334120610927,0.0,0.09980039920159679,0.0,0.0,0.0,0.0,0.0,1.9410774581550985,2.0202811572174526,12.5,2.6123694503557178,2.8052494596489623,3.6527790368681288,0.9341100888710855,13.25,1.0435794370562694,2.6123694503557178,3.752504978625574,,,,,,,,,0.004375131629711037,0.0005438700036878171,2023,9
2023-10-01,19,5.158906422148488,0.5694927134137439,0.985896274621948,0.0,0.6460365177519115,0.6954562697819315,1.0620360683664811,0.24254183846713556,1.1281529574103737,1.0128616252759297,0.0,0.0,0.0,0.0,0.24254183846713556,0.0,1.0367290459263763,1.1310244026909058,1.7357495097881408,0.0,0.0,0.2712967986977754,0.0,0.2981959147159684,0.0,0.0,0.0,0.0,0.0,0.0,0.7811041386399697,0.0,0.2047921359819783,0.0,0.0,0.0,0.0,0.0,0.0,0.0,0.24254183846713556,0.0,0.0,0.403494679284776,0.0,0.23084025854108953,0.24254183846713556,0.0,0.22207417277370642,1.0620360683664811,0.0,0.0,0.0,0.0,0.0,0.0,0.0,0.24254183846713556,0.0,0.943480750577502,0.0,0.0,0.18467220683287167,0.0,0.5482456140350876,2.4040518369843284,3.9909337133075184,11.736842105263158,2.2839614961234047,2.83077488620261,3.4100331138147446,0.7976385459868393,12.789473684210526,0.9083235511569079,2.2839614961234047,6.407176068675212,,,,,,,,,0.0028243344640128225,0.0019829402043250364,2023,10
2023-11-01,28,4.718711475652375,1.027097321387889,0.9696460281823824,0.0,0.8116911443680758,0.7372228969534008,1.0324456421416894,0.17946877243359657,0.7636427334970647,1.239756236527376,0.0,0.0,0.23245775425288007,0.08973438621679829,0.08973438621679829,0.0,0.8599747681101114,0.6399905464940329,1.2381773349294367,0.328886062904941,0.0,0.30073464151823226,0.0,0.5116693278446417,0.21469335202501502,0.0,0.0,0.0,0.08668515950069347,0.0,0.20644095788604458,0.0,0.6765199107956443,0.0,0.0,0.0,0.0,0.0,0.0,0.328886062904941,0.21008403361344535,0.11373976342129209,0.0,0.15898128442839735,0.0,0.3809134128283064,0.0,0.0,0.3563094841250944,1.0324456421416894,0.0,0.0,0.0,0.0,0.08973438621679829,0.0,0.0,0.08973438621679829,0.0,0.6835658596982178,0.0,0.0,0.0,0.08007687379884688,0.0,3.3470619459729214,3.413318086361148,12.607142857142858,2.416560119992681,2.7564883205242166,3.561242938056345,0.8929802203601473,11.892857142857142,0.9042831515510245,2.416560119992681,5.318747799913206,,,,,,,,,0.002685221203224207,0.0011031733034736677,2023,11
2023-12-01,21,4.083765174398226,1.4787838199436907,1.6331159299293616,0.0,0.66843462690506,0.17702248185519562,0.5722237910756568,0.4415173084187636,0.830301072431823,0.4742635340575683,0.0,0.0,0.0,0.19357336430507163,0.11530035743110803,0.0,1.0182801059487048,1.1655337892862836,0.9725138790693455,0.1443001443001443,0.0,0.0,0.0,1.1041494380757002,0.3746343818679903,0.0,0.0,0.0,0.11530035743110803,0.0,0.395178818415333,0.0,1.1226367540829205,0.0,0.0,0.0,0.0,0.0,0.0,0.1443001443001443,0.12055455093429777,0.0,0.22251891410769917,0.1810610175629187,0.0,0.17702248185519562,0.0,0.0,0.0,0.5722237910756568,0.0,0.0,0.0,0.0,0.19357336430507163,0.0,0.0,0.11530035743110803,0.1326435866825839,0.715000715000715,0.0,0.11530035743110803,0.0,0.0,0.0,1.3999740513245515,1.2505084714287722,11.714285714285714,2.301377997179061,2.775409633560342,3.433684180735886,0.7916334358412487,12.904761904761905,0.9623182513377225,2.301377997179061,5.59907662658217,,,,,,,,,0.00473245000230617,0.000988966508240024,2023,12
2024-01-01,14,3.631843892919697,1.77295851302296,1.3911721190202202,0.0,1.3321051918889453,0.0,1.1305786351993568,0.2915451895043732,1.5047493651838617,1.3093046914884174,0.0,0.0,0.1623376623376623,0.2915451895043732,0.0,0.0,0.49069757367128425,0.0,1.3779587759179595,0.0,0.0,0.1623376623376623,0.0,1.6106208506852975,0.0,0.0,0.0,0.0,0.3246753246753246,0.0,0.0,0.0,1.0664967943448957,0.0,0.0,0.0,0.0,0.0,0.0,0.0,0.0,0.0,0.0,1.3321051918889453,0.0,0.0,0.0,0.0,0.0,1.1305786351993568,0.0,0.0,0.0,0.0,0.2915451895043732,0.0,0.0,0.0,0.0,1.5047493651838617,0.0,0.0,0.0,0.0,0.0,2.488388584191486,5.58350267772952,11.785714285714286,2.345262335672577,2.7226984449077345,3.2665612221771005,0.6783744727473519,15.357142857142858,0.9348968751964758,2.345262335672577,6.1106721379186295,,,,,,,,,0.003605067355121188,0.00043187944131340355,2024,1
2024-02-01,26,6.300855804315822,1.3729213779612173,2.1958722688886088,0.0,1.3885000235524434,0.15571473061351604,0.8979176116187255,0.8582552314412472,0.965137881718629,1.2023404590109457,0.0,0.0,0.505070577403308,0.10148163182463973,0.4026069329499409,0.0,0.40938287928113315,1.582101563594192,2.097871760251663,0.0,0.0,0.10148163182463973,0.10148163182463973,0.5418413852401961,0.6281167290717419,0.0,0.0,0.0,0.11907597046915933,0.0,0.4556482984913064,0.0,1.621147999928143,0.0,0.0,0.0,0.0,0.0,0.0,0.0,0.5687224935944344,0.1485001485001485,0.0,0.6712773814578605,0.0,0.0,0.0,0.0,0.15571473061351604,0.8979176116187255,0.0,0.0,0.0,0.0,0.10148163182463973,0.0,0.35416666666666663,0.4026069329499409,0.0,0.692828690287165,0.272309191431464,0.0,0.0,0.0,0.0,2.850608758546571,5.599894011112313,12.23076923076923,2.2763114363604404,2.783168076927801,3.4756327575057204,0.7758773473224134,11.307692307692308,0.8618647362017379,2.2763114363604404,6.86358481542733,,,,,,,,,0.0033020535443125266,0.0015337882878758485,2024,2
2024-03-01,30,4.316918986132767,1.2603431740524274,3.0123550434932236,0.0,1.3295089726426186,0.28982808912058583,0.826223731747567,0.800735608047861,0.7842818416185852,0.7405660512151732,0.0,0.0,0.13235080454760087,0.207568105295378,0.593167502752483,0.0,0.9288851766698281,0.8286944480267242,0.8095833968645444,0.07610350076103499,0.0,0.24152690426275333,0.13649339242224617,0.5257733192134709,0.23489505693741197,0.0,0.0,0.12165450121654502,0.16756818349386365,0.0,0.4908260428006138,0.0,2.3539608171987463,0.0,0.0,0.0,0.0,0.0,0.0,0.07610350076103499,0.21007849955218377,0.4079451547879877,0.10718113612004286,0.5282006814213694,0.0,0.28982808912058583,0.0,0.0,0.0,0.7190425956275243,0.0,0.0,0.10718113612004286,0.0,0.207568105295378,0.0,0.0,0.593167502752483,0.0,0.6550828752103165,0.12919896640826872,0.0,0.0,0.0,0.26143790849673204,3.8492344536020955,6.053942726973332,12.166666666666666,2.3027505738094556,2.7881454245364474,3.7675830030942112,0.9670011797224964,16.266666666666666,1.1338707590451464,2.3027505738094556,5.321084155210235,,,,,,,,,0.0033647223214083102,0.0019135159858092803,2024,3
2024-04-01,16,4.3685274098597064,1.1227993151352995,2.7009164113913173,0.0,0.6072275812846448,0.6109939212484123,0.6121313406873898,0.1547029702970297,1.5283110033921194,1.359364119430433,0.0,0.0,0.26595744680851063,0.0,0.1547029702970297,0.0,0.34352472256289074,0.6498469708989457,1.440428209564867,0.1547029702970297,0.0,0.18712574850299402,0.0,0.34182871880002375,0.5938448478322818,0.0,0.0,0.0,0.4391418775352521,0.0,0.7854236772562215,0.0,1.476350856599844,0.0,0.0,0.0,0.0,0.0,0.0,0.1547029702970297,0.0,0.1865671641791045,0.0,0.26595744680851063,0.0,0.42386817274541827,0.0,0.0,0.18712574850299402,0.6121313406873898,0.0,0.0,0.0,0.0,0.0,0.0,0.0,0.1547029702970297,0.0,1.5283110033921194,0.0,0.0,0.0,0.0,0.0,3.047487628098674,3.403313316369352,13.6875,2.800248971125611,2.7765953671903185,3.5168974445726953,0.823379124349457,14.9375,1.1285083836411047,2.800248971125611,6.110202039444091,,,,,,,,,0.0009856712067483344,0.0025428602496043763,2024,4
2024-05-01,24,4.133936277576353,0.828443294969596,2.0440029018854027,0.0,0.9796536615836479,0.13751375137513752,1.5214685810286097,0.6551378411894778,0.4931929787734799,1.5445142995452559,0.0,0.0,0.16937669376693767,0.0,0.5491157886025396,0.0,0.6644928818746717,0.6900258827041889,0.5164107310827594,0.0,0.0,0.12147716229348882,0.0,0.30107486344291406,0.2844141069397042,0.0,0.0,0.12147716229348882,0.49669301680754635,0.0,0.4643781324932951,0.0,1.0829317525845614,0.0,0.0,0.0,0.0,0.0,0.0,0.0,0.3914863960344492,0.18684603886397608,0.0,0.40132122668522263,0.0,0.0,0.0,0.13751375137513752,0.0,1.5214685810286097,0.0,0.0,0.0,0.0,0.0,0.0,0.0,0.5491157886025396,0.10602205258693809,0.4931929787734799,0.0,0.0,0.0,0.0,0.28735632183908044,3.848851590016952,5.128782551118967,12.208333333333334,2.3420016051694263,2.8074288258343034,3.594917917689107,0.9393332640691651,14.041666666666666,0.8901167164270339,2.3420016051694263,5.159382804509451,,,,,,,,,0.0023807517053179,0.0013272244167813168,2024,5
2024-06-01,22,4.9677251402167775,1.1361431361431362,1.6045461894628807,0.0,0.9203977047278855,0.2794538819658809,0.8514779269153393,0.32240486785941336,0.9031225135223573,1.8249871626243213,0.0,0.0,0.0,0.0,0.17482517482517482,0.0,0.4889050343595798,0.3859767402663072,1.6403632632842118,0.4526677648571832,0.0,0.17482517482517482,0.0,0.509941039352804,0.2056766762649116,0.0,0.2457002457002457,0.0,0.17482517482517482,0.0,0.4889050343595798,0.0,0.9408159802781259,0.0,0.0,0.0,0.0,0.0,0.0,0.4526677648571832,0.17550017550017552,0.0,0.13329778725673155,0.1589319771137953,0.0,0.14615609470914936,0.0,0.0,0.13329778725673155,0.5290730590559259,0.0,0.32240486785941336,0.0,0.0,0.0,0.0,0.1475796930342385,0.17482517482517482,0.0,0.9031225135223573,0.0,0.0,0.0,0.0,0.13900472616068946,2.194698922974329,4.949223186341382,12.090909090909092,2.3077292542409578,2.794257947620652,3.419408246207155,0.7696316918433159,12.772727272727273,0.9693427536552846,2.3077292542409578,7.803480149686914,,,,,,,,,0.004055224648252809,0.0018037936121229072,2024,6
2024-07-01,26,4.357098590851496,1.178708980838934,2.3432465777779234,0.0,0.9506051998465069,0.48132129056984546,0.9443291569193304,0.4241653812076077,0.1456876456876457,0.7531392444276768,0.14088475626937164,0.0,0.6424484657207038,0.10229132569558101,0.3218740555120267,0.0,0.8080509633583083,0.9006744461874312,0.43989559757898883,0.2478397361014085,0.0,0.4581196956045854,0.0,0.27581413095976515,0.2524674619668912,0.0,0.19230769230769232,0.0,0.27583752280108553,0.0,0.12288031457360529,0.0,1.944528740403233,0.0,0.0,0.0,0.0,0.0,0.0,0.2478397361014085,0.3320374250197061,0.05349309939017866,0.0,0.31723493933521374,0.0,0.12950012950012948,0.0,0.0,0.35182116106971595,0.9443291569193304,0.0,0.0,0.0,0.0,0.10229132569558101,0.0,0.0,0.3218740555120267,0.0,0.1456876456876457,0.0,0.0,0.0,0.0,0.0,2.040622420539342,3.137772885787968,12.23076923076923,2.287207397268109,2.7813399032468977,3.5596709920185257,0.7774966285340663,14.73076923076923,0.9853199697024598,2.287207397268109,6.216597275493854,,,,,,,,,0.004686400433850249,0.0011816354966108784,2024,7
2024-08-01,33,4.952106337683965,1.061000868953469,1.8000129308694248,0.0,0.838955984192807,1.0432772332122002,1.672900498668863,0.5123088142019706,0.24139913595426565,0.76156569170757,0.12573871495033323,0.0,0.36259407542330224,0.0,0.5123088142019706,0.0,0.8301460288107255,0.479349422093235,1.7432858063202206,0.13711778417660772,0.0,0.11930326890956812,0.0,0.5693520929054469,0.37234550713845405,0.0,0.0,0.0,0.07710694733595497,0.0,0.5709990070738018,0.0,1.1519069764596679,0.0,0.0,0.0,0.0,0.0,0.0,0.13711778417660772,0.12072920439454304,0.2524399687520255,0.0,0.3286690268696308,0.18477457501847747,0.858502658193723,0.0,0.0,0.0,1.3661755542627592,0.0,0.14639145073927684,0.160333493666827,0.0,0.0,0.0,0.0,0.5123088142019706,0.0,0.24139913595426565,0.0,0.0,0.0,0.0,0.0,2.165001426242995,3.837298396877069,11.818181818181818,2.2785150808212555,2.7773516564406506,3.5444021937540215,0.8022988547769188,11.484848484848484,0.8989517536619844,2.2785150808212555,5.059666186064001,27.166666666666668,1.9877300613496933,20.13828402366866,16.448199492814876,13.336293406593407,18.243605946275583,17.842375316990704,20.781403212172446,0.004053431069244186,0.0015114344025503063,2024,8
2024-09-01,26,5.1327371904587595,1.088230215506894,2.2324218895960155,0.0,1.9699062043108024,0.3804443459615874,2.2347740679301675,1.0364445689997952,0.39347099786660233,1.3351871065453895,0.0,0.14088475626937164,0.5838856185449129,0.38400428102837175,0.6524402879714235,0.0,0.5759400977300948,0.35150652640639285,0.7620675879952834,0.34682092796751907,0.0,0.0,0.0,0.9676611294205664,0.12056908608632746,0.0,0.0,0.0,0.0,0.0,0.6216451487533695,0.0,1.6107767408426457,0.0,0.0,0.0,0.0,0.0,0.0,0.34682092796751907,0.3455093086095342,0.0915750915750916,0.13935340022296544,1.046647475935692,0.0,0.2598752598752599,0.0,0.0,0.12056908608632746,1.9731309491441917,0.0,0.0,0.2616431187859759,0.0,0.38400428102837175,0.0,0.0,0.6524402879714235,0.0,0.19623233908948196,0.0,0.0,0.0,0.19723865877712032,0.0,4.209353577247418,6.38581316315899,12.5,2.4266002945544467,2.785209629632274,3.342692010193107,0.7395646473072611,11.461538461538462,0.9250118040184685,2.4266002945544467,5.571927212016314,,,,,,,,,0.003555463739502449,0.002135196334132326,2024,9
2024-10-01,23,4.346017440829342,1.9323981085583148,1.8644772258157876,0.0,0.9601786716185439,0.14396775122372588,1.044213622102746,0.6794067862157671,0.5066897062273761,1.1523631255771913,0.0,0.0,0.4776014780232551,0.0,0.6794067862157671,0.0,0.9310697641844906,0.3097924795344608,0.6615916441165061,0.1341921631776704,0.0,0.3043973427779906,0.0,0.8911799820181999,0.7368207837621242,0.0,0.0,0.0,0.0,0.0,0.8231844831231656,0.0,1.0412927426926222,0.0,0.0,0.0,0.0,0.0,0.0,0.1341921631776704,0.1678697330871244,0.0,0.0,0.6581167753537491,0.0,0.0,0.14396775122372588,0.0,0.0,1.044213622102746,0.0,0.0,0.0,0.0,0.0,0.0,0.0,0.6794067862157671,0.0,0.30724814260551725,0.1994415636218588,0.0,0.0,0.0,0.0,4.557902115139306,4.95507148485677,10.956521739130435,2.073362341909211,2.784787900294254,3.437799018439388,0.856412890131526,11.782608695652174,0.8473776780672193,2.073362341909211,4.8430953801706025,,,,,,,,,0.0027921580059442007,0.0019821980180745264,2024,10
2024-11-01,26,6.342727292102858,1.6981554601574467,2.1574739927696585,0.0,1.2463413743274028,0.2640380214750924,0.603158575508806,0.4891245101582985,0.5698707555099257,1.1661316051509525,0.15634771732332708,0.0,0.2751877751877752,0.0,0.4891245101582985,0.0,1.375982373785086,1.2107177294961844,1.48912492221824,0.1801106587829945,0.0,0.15634771732332708,0.0,0.835456986819971,0.7063507560141485,0.0,0.0,0.0,0.1589319771137953,0.0,0.3020353630109728,0.15634771732332708,1.5401589353215632,0.0,0.0,0.0,0.0,0.0,0.0,0.1801106587829945,0.3012083701738874,0.09380863039399624,0.0,0.6712137149765247,0.0,0.2640380214750924,0.0,0.0,0.0,0.603158575508806,0.0,0.0,0.0,0.0,0.0,0.0,0.0,0.4891245101582985,0.0,0.35285815102328866,0.0,0.21701260448663698,0.0,0.0,0.4578754578754578,2.8599001162334834,2.2919113760245833,11.23076923076923,2.1306033131685385,2.7844194497106325,3.6000196724512614,0.8538877931186156,11.846153846153847,0.8682831188167882,2.1306033131685385,5.02368422638781,,,,,,,,,0.00549751148517202,0.001987154694167007,2024,11
2024-12-01,27,4.977219803406551,0.6653350594999055,1.119027302056156,0.0,0.883512218241638,0.2623879809615732,1.0669142677066352,0.26715397085767456,0.409017757220979,1.1616876508396425,0.0,0.0,0.135666802333469,0.12470382840753211,0.14245014245014245,0.0,1.4860927312728682,0.828906113458959,1.0155905013023914,0.08212203334154554,0.0,0.1487431206306708,0.0,0.2542039579076616,0.13768415255404104,0.0,0.0,0.12470382840753211,0.2529569196235863,0.0,0.1487431206306708,0.0,0.7173272618018991,0.0,0.0,0.0,0.0,0.0,0.0,0.08212203334154554,0.4159377440955962,0.23428086106148782,0.0,0.15117157974300832,0.0,0.13768415255404104,0.0,0.0,0.12470382840753211,1.0669142677066352,0.0,0.0,0.0,0.0,0.12470382840753211,0.0,0.0,0.14245014245014245,0.0,0.409017757220979,0.0,0.0,0.0,0.0,0.5010347366051234,3.380279803907819,3.0344707033675173,11.62962962962963,2.2969350359027976,2.7990471075484797,3.5657257917143674,0.8350263230327862,13.037037037037036,0.9753159083291131,2.2969350359027976,6.781444106677039,,,,,,,,,0.004574965746896233,0.0012048054176413503,2024,12
2025-01-01,32,4.537493349073266,0.9913170714031242,1.7858827092293577,0.0,0.9035426929208199,0.5662696432960194,0.6900640515226166,0.5730573601897904,1.0387925347620577,1.188619774842372,0.0,0.0,0.05819366852886406,0.10665529010238908,0.4664020700874013,0.0,0.9323187615448297,0.5056117588139797,0.7992195706749106,0.4804724544785197,0.0,0.28225110824855176,0.0,0.5926786260968443,0.11638733705772812,0.0,0.0,0.0,0.0,0.05819366852886406,0.6005634638160733,0.0,1.1271255768844204,0.0,0.0,0.0,0.0,0.0,0.0,0.4804724544785197,0.15124259457946543,0.10665529010238908,0.1651723537604457,0.0,0.13020833333333334,0.436061309962686,0.0,0.0,0.0,0.6900640515226166,0.0,0.0,0.0,0.0,0.10665529010238908,0.0,0.0,0.4664020700874013,0.0,0.7930871212121212,0.0,0.0,0.24570541354993652,0.0,0.0,2.768896923939022,5.440040045670828,12.0,2.347272446756071,2.8159382721397823,3.599755690415217,0.9326308062104817,15.375,1.1043329024638218,2.347272446756071,5.772060380770214,,,,,,,,,0.0038602046049741783,0.0018854639807575463,2025,1
2025-02-01,24,6.0647283669706695,1.2212399359605002,2.4293882460171097,0.0,0.3682659932659933,0.2905858291314825,1.4382683800746274,0.7434986678888139,0.6461168323616194,1.7639871037379222,0.0,0.0,0.22839506172839505,0.0,0.3091624126570363,0.0,0.518236755981854,1.5970367566512627,1.6479102762141993,0.0,0.0,0.30609275673739816,0.0,0.9151471792231022,0.0,0.0,0.0,0.0,0.3093607305936073,0.15782828282828285,0.5947052148628228,0.0,1.3674940177323966,0.0,0.0,0.0,0.0,0.0,0.0,0.0,0.0,0.21043771043771045,0.0,0.15782828282828285,0.0,0.2905858291314825,0.0,0.0,0.0,1.4382683800746274,0.0,0.0,0.0,0.0,0.0,0.0,0.33068783068783064,0.3091624126570363,0.10364842454394692,0.5108354470802342,0.0,0.0,0.0,0.1352813852813853,0.3156565656565657,1.5308485054905356,2.0235447156374406,12.458333333333334,2.362685978242145,2.770673006172365,3.3572601425252433,0.7654134950320582,12.916666666666666,0.9258919692079067,2.362685978242145,5.866779015172374,,,,,,,,,0.0042833677382765264,0.0022563753426868703,2025,2
2025-03-01,29,5.73358005263376,1.9125004492682125,1.3712554860110437,0.0,0.6272003042650255,0.0,0.7900619559826363,0.7393271433760839,0.9026110631152924,1.049509650668206,0.11159468809284678,0.0,0.14427932477276006,0.12141816415735794,0.6179089792187259,0.0,2.3161144273474292,0.6740085310188326,0.6987462873576017,0.0,0.0,0.39813423663760544,0.0,0.9794500328529665,0.5349161797776405,0.0,0.0,0.0,0.4147364928422686,0.0,0.0,0.0,0.956518993168775,0.0,0.0,0.0,0.0,0.0,0.0,0.0,0.3062064113189324,0.0,0.0,0.3209938929460931,0.0,0.0,0.0,0.0,0.0,0.6210288254890595,0.0,0.0,0.16903313049357677,0.0,0.12141816415735794,0.0,0.0,0.6179089792187259,0.0,0.7910163750224456,0.0,0.11159468809284678,0.0,0.0,0.18843037497644619,1.8122020010133881,6.3499032362388235,11.586206896551724,2.2080368105134056,2.791461950441382,3.5204732849678027,0.8493777345282975,15.137931034482758,1.0901218462780582,2.2080368105134056,6.376862691877456,,,,,,,,,0.0023211194305388463,0.0019009453192540026,2025,3
2025-04-01,28,8.104272031607994,1.6584181432812772,2.3539556692368797,0.0,0.6275591655584416,0.9816091794030543,0.4490451001733059,0.933985745218842,1.7558780203310522,1.5621591328406248,0.0,0.0,0.42443863758332034,0.15527950310559005,0.778706242113252,0.0,1.3441644691647912,0.6818183730352553,3.0213916061533834,0.13631406761177753,0.1519756838905775,0.26938265235250924,0.0,0.7612616434879279,0.36822501380843803,0.0,0.10757314974182444,0.0,0.0,0.0,0.8324303368760467,0.0,1.5215253323608333,0.0,0.0,0.0,0.0,0.0,0.0,0.13631406761177753,0.0,0.09976057462090981,0.0,0.39148452332575434,0.13579576317218903,0.0,0.27632045904471153,0.0,0.5694929571861538,0.4490451001733059,0.0,0.0,0.0,0.0,0.15527950310559005,0.0,0.0,0.778706242113252,0.0,1.2718194387097077,0.1768033946251768,0.30725518699616755,0.0,0.0,0.4941399503541272,3.2182513600152007,2.5836390120927772,11.428571428571429,2.1652092513590406,2.7309030701525288,3.662830603188581,0.8081989016761506,11.464285714285714,1.046413123359547,2.1652092513590406,5.790314275067892,,,,,,,,,0.0039864467338582175,0.0016612352431368725,2025,4
2025-05-01,33,6.669844249919734,2.0063548946363383,1.5482218645058134,0.0,0.7728664405070459,0.23734078574494724,0.8539782792704458,0.9866015642359868,0.4014856520545978,1.8888499096974147,0.06674676278200509,0.0,0.19805902158843336,0.30585833994233264,0.6807432242936542,0.0,1.1991801718259116,0.44182177641551024,1.731980235606873,0.15660480776759847,0.0,0.256593865616422,0.0,0.5911660627547743,0.7917828526360632,0.0,0.366812113629079,0.0,0.06674676278200509,0.0,0.3847734080953509,0.0,1.0967016936284575,0.0,0.0,0.0,0.0,0.0,0.0,0.15660480776759847,0.3275962087133099,0.0,0.1436162573603332,0.14504916666580434,0.0,0.09440196356084206,0.1429388221841052,0.0,0.0,0.6688603043672287,0.06674676278200509,0.0,0.11837121212121213,0.0,0.30585833994233264,0.0,0.0,0.6807432242936542,0.0,0.4014856520545978,0.0,0.0,0.0,0.0,0.5307756013543992,2.6441096515196176,5.6018498365501905,11.848484848484848,2.2535160891173662,2.7678226696343056,3.410577649587627,0.7298544022858877,14.303030303030303,0.9126291851028464,2.2535160891173662,8.683279555067514,,,,,,,,,0.0033567713500179826,0.0020053446600108112,2025,5
2025-06-01,31,6.815720549181573,0.9214731011825146,2.493737741363801,0.0,0.6681333707512744,0.09112447603426281,1.0868101484735748,0.3647071910655989,1.1296196764647508,1.5221637409702007,0.0,0.0,0.9327013730722872,0.08718395815170009,0.27752323291389885,0.0,1.1708689992984502,1.007261316185377,1.818017928589659,0.0,0.0,0.40191225426201155,0.0,0.0,0.23927176778212256,0.0,0.28028907913838047,0.0,0.269383095874005,0.0,0.2994190852920621,0.0,1.9249355601977336,0.0,0.0,0.0,0.0,0.0,0.0,0.0,0.12903225806451613,0.0,0.0,0.5391011126867583,0.0,0.09112447603426281,0.0,0.0,0.0,0.650441530714353,0.0,0.3088663864701745,0.12750223128904756,0.0,0.08718395815170009,0.0,0.0,0.27752323291389885,0.0,0.9650377146477659,0.0,0.16458196181698487,0.0,0.0,1.0230732927716635,3.1273989428421403,6.393967162077989,11.96774193548387,2.2815797368202655,2.786560925669732,3.6461451187671305,0.8291175180672091,12.67741935483871,1.0369800530051267,2.2815797368202655,6.743872510634783,,,,,,,,,0.002249451753112176,0.0029135160776978084,2025,6
2025-07-01,32,6.59452468533855,1.330506074489488,1.3983052612592672,0.0,1.0352760545302155,0.09218289085545722,0.8601133305550281,0.9907523872219094,0.4892865992528265,1.1716578787863179,0.0,0.0,0.7225922684302956,0.35280026563784705,0.5457692307286051,0.0,2.0577226020014563,0.2619641046116449,1.1515458726599652,0.33047246248241846,0.0,0.1001602564102564,0.0,0.5837576008066535,0.4373384616518549,0.0,0.14204545454545453,0.06720430107526881,0.09412650602409639,0.0,0.7702966894212155,0.0,0.5338820658139553,0.0,0.0,0.0,0.0,0.0,0.0,0.33047246248241846,0.0,0.2174109292248435,0.0903179190751445,0.39707474374780916,0.0,0.09218289085545722,0.0,0.0,0.0,0.7346113225228996,0.0,0.0,0.1255020080321285,0.0,0.35280026563784705,0.0,0.0,0.5457692307286051,0.09218289085545722,0.314693982026355,0.0,0.06720430107526881,0.0,0.10738831615120274,0.5465888278388278,4.514342875689741,7.834996301661869,11.5625,2.2368894342832557,2.8018454028828166,3.541412212855883,0.8281515010231838,15.25,0.9670162195990412,2.2368894342832557,6.720114008700211,,,,,,,,,0.002797989765184909,0.0020106165753264607,2025,7
2025-08-01,36,6.9092304891772125,1.8418254928541462,1.6241836589035983,0.0,0.6946648078653792,0.16057724391057723,1.0819532952807729,0.971886845406635,0.5579604075365199,1.7204397868648629,0.0,0.0,0.42829302548078396,0.19993002449142802,0.7719568209152068,0.0,1.3713399663987422,1.0374998002358629,1.3797710647903252,0.0,0.0,0.496478464680219,0.0,0.6574243734854324,0.5897679628942272,0.0,0.09815469179426776,0.0,0.2555912795780805,0.0,0.7852462107814069,0.0,0.5833461685441109,0.0,0.0,0.0,0.0,0.0,0.0,0.0,0.32842397598118417,0.0,0.0,0.366240831884195,0.07716049382716049,0.0,0.0,0.0,0.08341675008341674,0.9759312426938348,0.0,0.0,0.10602205258693807,0.0,0.19993002449142802,0.0,0.0,0.7719568209152068,0.0,0.3082096587837751,0.16633399866932802,0.08341675008341674,0.0,0.0,0.6775040500530697,4.503562576959025,3.9363778223948773,11.666666666666666,2.2365701768802118,2.8048460141925444,3.4833721602965424,0.8243922337428455,14.055555555555555,0.879503413109807,2.2365701768802118,6.792163704381667,,,,,,,,,0.004357478923111765,0.002490437079915642,2025,8
2025-09-01,27,6.360755331354233,1.6023759746753727,2.2744803205518354,0.0,1.44236347030826,0.0,0.48287527239928213,1.40035539531616,0.5864487541608704,1.4372272765094625,0.0,0.0,0.6165257076957498,0.0,1.40035539531616,0.0,1.2501169901661802,0.3957196485932118,0.7585695381444997,0.5022407749289689,0.0,0.6423076115421311,0.0,0.5713905888608893,0.26397394586482015,0.0,0.12470382840753211,0.0,0.16835016835016833,0.0,0.7006511692493881,0.16835016835016833,1.2371288146021104,0.0,0.0,0.0,0.0,0.0,0.0,0.5022407749289689,0.0,0.18244845831052728,0.0,0.7576742370687639,0.0,0.0,0.0,0.0,0.0,0.48287527239928213,0.0,0.0,0.0,0.0,0.0,0.0,0.0,1.40035539531616,0.0,0.5864487541608704,0.0,0.0,0.0,0.0,0.8141992626066353,4.824327253703599,7.62296873417286,12.481481481481481,2.405211046149435,2.792645407201768,3.556801689897697,0.8202980035623665,14.74074074074074,0.9406570168496358,2.405211046149435,9.05494950171114,,,,,,,,,0.002496115725228831,0.0020399160070431774,2025,9
2025-10-01,35,6.148813912689835,1.4773095623864927,1.1888390983491188,0.0,0.8301352134570326,0.0,1.2766524407105426,0.6240032662447265,0.7255764639369133,1.5274270563749874,0.0946073793755913,0.0,0.1710863986313088,0.14144271570014144,0.41183919269451424,0.0,2.060388492843116,0.6427595913950375,0.9488871458255145,0.15037593984962405,0.0,0.2794349416118435,0.0,0.5407666236105507,0.2664160740927322,0.0,0.39069192307136646,0.0,0.0,0.0,0.3003131945847646,0.0,0.8885259037643541,0.0,0.0,0.0,0.0,0.0,0.0,0.15037593984962405,0.25510204081632654,0.12755102040816327,0.10240655401945725,0.19469965836346148,0.0,0.0,0.0,0.0,0.0,1.118798046211161,0.0,0.0,0.15785439449938152,0.0,0.14144271570014144,0.0,0.07072135785007072,0.41183919269451424,0.0,0.4974218217983676,0.0,0.22815464213854558,0.0,0.0,0.19502681618722575,3.4884467154982812,5.4049042310442745,11.8,2.282864687589094,2.8142070984174077,3.5606358612256463,0.8183105039532326,11.771428571428572,0.9428127059236159,2.282864687589094,5.217305282246667,,,,,,,,,0.0030837943936173314,0.0026981717952382816,2025,10
2025-11-01,29,6.2697480154417065,1.0074414102920495,2.5103450837532018,0.0,1.0030233013039718,0.12056908608632746,0.7198468304434781,0.9099088131129364,0.3513709479008431,0.7403965470780484,0.0,0.0,0.47476371374402165,0.11689070718877849,0.6765222997731793,0.0,1.0969749414929875,1.0635132612203773,1.9700700350174587,0.13061650992685475,0.0,0.23299427156820493,0.0,0.3304354548148462,0.0,0.0,0.4440116839089983,0.0,0.11610356437942644,0.0,0.05272593061267532,0.0,2.3415155887610997,0.0,0.0,0.0,0.0,0.0,0.0,0.13061650992685475,0.3566298709785752,0.09552010698251982,0.16820857863751051,0.25204823477851146,0.0,0.12056908608632746,0.0,0.0,0.0,0.7198468304434781,0.0,0.0,0.0,0.0,0.11689070718877849,0.0,0.0,0.6765222997731793,0.11649580615097857,0.3513709479008431,0.0,0.0,0.0,0.0,0.3163555836760519,1.1790954748307363,5.107183466351042,11.586206896551724,2.2136756541209537,2.8030185135503793,3.7071047047322354,0.8312610584310877,14.827586206896552,1.1062295190735811,2.2136756541209537,8.312675001044317,,,,,,,,,0.002603509345116492,0.0016990665200816819,2025,11
2025-12-01,33,6.610563058398407,1.5784503239960848,1.565184258556346,0.0,0.81086140575789,0.3633622255871662,1.421394886544592,0.6813538390681109,0.753794314449279,1.494853283054315,0.0,0.0,0.3966839260956908,0.253539764456795,0.4278140746113159,0.0,0.8988416173240212,1.5551886015741512,1.4489616566019834,0.13468013468013468,0.0,0.09870693909781858,0.0,0.4465623644704799,1.0331810204277865,0.0,0.0,0.0,0.10822510822510822,0.0,0.6879124093557556,0.0,0.769046740975482,0.0,0.0,0.0,0.0,0.0,0.0,0.13468013468013468,0.26350461133069825,0.10822510822510822,0.10632642211589581,0.19812512940605298,0.0,0.3633622255871662,0.0,0.0,0.0,1.421394886544592,0.0,0.0,0.0,0.0,0.253539764456795,0.0,0.0,0.4278140746113159,0.0,0.6185129291678938,0.13528138528138528,0.0,0.0,0.0,0.0,5.31615768950288,4.950906667009627,11.0,2.0423837444329607,2.774197892199531,3.577016687641947,0.8606710266920026,14.06060606060606,0.932377356020299,2.0423837444329607,6.562879913617836,,,,,,,,,0.003736304176732218,0.0028899718770227694,2025,12
2026-01-01,29,7.870839412516307,0.5146613239649237,1.365208839859936,0.0,0.14132278123233466,0.2303773496374345,0.8446102850000844,0.6972201471318036,0.23953579958172722,1.8138984203864468,0.16986580601324955,0.0,0.2948939196961846,0.0,0.6349769005240605,0.0,0.7770827518736799,2.1167013288695693,2.063420285153115,0.0,0.0,0.0,0.0,0.2826455624646693,0.2320157615002544,0.0,0.0,0.0,0.0,0.16986580601324955,0.6158940411756254,0.0,0.5794489926710611,0.0,0.0,0.0,0.0,0.0,0.0,0.0,0.0,0.0,0.0,0.14132278123233466,0.0,0.2303773496374345,0.0,0.0,0.0,0.728896329897099,0.0,0.0,0.11571395510298542,0.0,0.0,0.0,0.0,0.6349769005240605,0.062243246607743066,0.23953579958172722,0.0,0.0,0.0,0.0,0.12562024998429747,4.67448929371765,3.468509345202635,11.344827586206897,2.171949030806315,2.790221043522192,3.5586879346692104,0.8122199549217235,13.517241379310345,0.8997814333354406,2.171949030806315,5.331968273025782,,,,,,,,,0.00206028992044324,0.0030241907375507843,2026,1
2026-02-01,41,6.683711206241741,1.2683530972761805,1.4705168923913594,0.0,0.5012572345471311,0.23259354102445057,0.9922409210849631,0.6429702811849246,0.7689180233785422,1.85204785065578,0.0,0.0,0.22656874109415287,0.1276976120546546,0.5152726691302699,0.0,1.3483437652723431,0.6540189939350101,1.8805724705201832,0.0791891035793475,0.0,0.3983793866015499,0.0,0.6478510832588014,0.22212262741582928,0.0,0.0,0.0,0.09033423667570009,0.0,0.2762992238989498,0.0,1.1038834318167094,0.0,0.0,0.0,0.0,0.0,0.0,0.0791891035793475,0.06793939805693322,0.054321255907436576,0.054321255907436576,0.2454862210959772,0.0,0.10937329104232746,0.0,0.0,0.12322024998212308,0.9922409210849631,0.0,0.0,0.0,0.0,0.1276976120546546,0.0,0.0,0.5152726691302699,0.0,0.7689180233785422,0.0,0.0,0.0,0.0,0.37121725383920506,5.528817465809031,6.176409426456624,10.926829268292684,2.0408830139766985,2.783838524707901,3.586701457590188,0.8180775920059872,13.024390243902438,0.9034779641132696,2.0408830139766985,4.843377881979281,,,,,,,,,0.0033790842677370544,0.00245478034917044,2026,2
2026-03-01,46,6.098571581212304,1.0452945451412763,1.7517957736917118,0.0,0.5939461761696814,0.0,1.2015551870885885,0.7730359048763972,0.8667838190280877,1.6229431378831571,0.0,0.0,0.46433443405224933,0.17499753524598244,0.5980383696304148,0.0,0.831575537954524,0.8406727485184312,1.5227047772208064,0.04330504070673826,0.0,0.30206659822633514,0.0,0.4295525193587893,0.31367542755615185,0.0,0.0,0.0,0.04547935237402219,0.0,0.8186306595954261,0.0,0.8876857617222634,0.0,0.0,0.0,0.0,0.0,0.0,0.04330504070673826,0.0,0.1756537861152354,0.0,0.3749873493477077,0.0,0.0,0.0,0.0,0.0,0.9782682270470547,0.08909479686386317,0.0,0.1341921631776704,0.0,0.17499753524598244,0.0,0.0,0.5980383696304148,0.0,0.8667838190280877,0.0,0.0,0.0,0.0,0.0,3.7422907552066995,6.089459901671918,12.065217391304348,2.3603852485861916,2.7774787088923256,3.4929762919806215,0.8279152958997453,13.630434782608695,0.8835809108011837,2.3603852485861916,5.451763138056997,,,,,,,,,0.004052138546272276,0.003635835737005161,2026,3
2026-04-01,34,5.419724337343388,0.6191362221876009,1.2499620467458967,0.0,0.36916642935106553,0.0,0.9423562419579713,0.5359018692767668,0.6071411415493448,2.0166549727212018,0.0,0.0,0.1531862745098039,0.31564396979856657,0.2202578994782002,0.0,0.6218390639050947,0.8575133329623571,1.2346288239681635,0.0,0.0,0.1651034255029758,0.0,0.21295275811181888,0.24108003857280622,0.0,0.0,0.0,0.0,0.0,0.08625150940141453,0.0,1.1637105373444823,0.0,0.0,0.0,0.0,0.0,0.0,0.0,0.0,0.0,0.20404834696547489,0.16511808238559067,0.0,0.0,0.0,0.0,0.0,0.9423562419579713,0.0,0.0,0.0,0.0,0.31564396979856657,0.0,0.0,0.2202578994782002,0.0,0.49088910713874273,0.11625203441060218,0.0,0.0,0.0,0.49907797458931796,6.047184712918762,4.780680078913613,11.676470588235293,2.2128622077525972,2.805496266181699,3.631172646901548,0.89680811160454,13.117647058823529,0.9085099793015139,2.2128622077525972,6.575326676195254,,,,,,,,,0.002968927332261643,0.0023500049809941945,2026,4
