feature,family,intervention_date,n_months,n_pre_months,n_post_months,pre_mean,post_mean,pre_sd,pre_slope_per_month,pre_slope_per_year,level_shift,level_shift_se,level_shift_ci_low,level_shift_ci_high,level_shift_p,slope_change_per_month,slope_change_per_year,slope_change_se,slope_change_per_year_se,slope_change_per_year_ci_low,slope_change_per_year_ci_high,standardized_slope_change_per_year,standardized_slope_change_per_year_se,standardized_slope_change_per_year_ci_low,standardized_slope_change_per_year_ci_high,slope_change_p,post_slope_per_month,post_slope_per_year,r_squared,model,hac_lags,slope_change_q,level_shift_q
colon_per_1k_words,punctuation,2022-11-30,136,95,41,16.439521003485325,25.004310695217058,2.9128713929323253,0.06785124328190334,0.8142149193828401,0.0988804657552485,0.6063911940305743,-1.089646274544677,1.287407206055174,0.8704681843132579,0.18490932598759152,2.218911911851098,0.028426679754846407,0.3411201570581569,1.550316404017111,2.8875074196850856,0.7617610297642996,0.11710786747600227,0.5322296095113354,0.9912924500172641,7.780665367665874e-11,0.25276056926949486,3.0331268312339383,0.8267058717473554,monthly_segmented_wls_hac,6,2.3341996102997623e-10,0.8704681843132579
em_dash_per_1k_words,punctuation,2022-11-30,136,95,41,0.6874779120633054,0.8615367014748889,0.5623955413388378,0.00916066432133329,0.10992797185599948,-0.08651110753347109,0.12975338532173267,-0.3408277427640671,0.16780552769712492,0.5049414961315473,-0.017896977196290586,-0.21476372635548702,0.003943313960659366,0.04731976752791239,-0.3075104707101953,-0.12201698200077873,-0.38187309565829924,0.08413965625556533,-0.5467868219192074,-0.21695936939739124,5.663898685036149e-06,-0.008736312874957295,-0.10483575449948754,0.17626997911067555,monthly_segmented_wls_hac,6,8.495848027554225e-06,0.7574122441973209
smog_index,readability,2022-11-30,136,95,41,14.135154263403846,14.508984965580176,0.21303572962484596,0.0030774503048188848,0.03692940365782662,-0.01190068719936227,0.05726969090876162,-0.12414928138053505,0.10034790698181051,0.8353845132195011,0.008673010462786906,0.10407612555344287,0.001836460475847995,0.02203752571017594,0.06088257516149803,0.1472696759453877,0.48853835803374396,0.10344520963212993,0.28578574715476934,0.6912909689127186,2.32759855876573e-06,0.01175046076760579,0.1410055292112695,0.6186623241984395,monthly_segmented_wls_hac,6,1.629318991136011e-05,0.8353845132195011
marker_words_total_per_1k_words,marker_words,2022-11-30,136,95,41,1.2629776070644905,1.873249824598525,0.6059430719410707,-0.0004855258145371102,-0.005826309774445322,0.04033407510091652,0.24536837885284513,-0.44058794745065993,0.5212560976524929,0.8694306565130785,0.029518667085483237,0.35422400502579887,0.007387873970973642,0.08865448765168371,0.1804612092284988,0.5279868008230989,0.5845829772276825,0.14630827837950025,0.29781875160386195,0.8713472028515029,6.454249034534647e-05,0.029033141270946125,0.3483976952513535,0.26940460030487556,monthly_segmented_wls_hac,6,0.0007745098841441577,1.0
automated_readability_index,readability,2022-11-30,136,95,41,16.404459840913066,17.698420706538556,0.5206935367513801,0.01201163732049262,0.14413964784591143,0.14905200217342507,0.17886766929506812,-0.20152862964490842,0.49963263399175856,0.40467059670602756,0.01705031935261443,0.20460383223137313,0.004773609006357377,0.05728330807628852,0.09232854840184763,0.31687911606089864,0.39294482798442537,0.1100134801627854,0.17731840686536604,0.6085712491034848,0.0003545523734911015,0.02906195667310705,0.3487434800772846,0.7910061566039361,monthly_segmented_wls_hac,6,0.0012409333072188552,0.5665388353884386
gunning_fog,readability,2022-11-30,136,95,41,19.420778826546957,20.069835706929975,0.45891303738059946,0.0007142167353392137,0.008570600824070565,0.20036225478965924,0.21046449853910934,-0.21214816234699507,0.6128726719263136,0.34109685614264174,0.02065680598908803,0.24788167186905635,0.006339048255067542,0.07606857906081049,0.0987872569098678,0.396976086828245,0.5401495526994055,0.16575815647992373,0.215263565998755,0.8650355394000562,0.0011193954781739842,0.021371022724427244,0.2564522726931269,0.4499943100007626,monthly_segmented_wls_hac,6,0.0026119227824059634,0.5665388353884386
flesch_kincaid_grade,readability,2022-11-30,136,95,41,15.731855676076906,16.35274255962423,0.3993959486688893,0.002237734329361795,0.026852811952341543,0.17726020635272352,0.20657195657616453,-0.22762082853655893,0.582141241242006,0.3908350812448895,0.015459119015224856,0.18550942818269828,0.005456216128888475,0.0654745935466617,0.05717922483124134,0.31383963153415523,0.4644749872926,0.1639340453123675,0.1431642584803597,0.7857857161048404,0.004606954953274809,0.017696853344586653,0.21236224013503985,0.46916853863231034,monthly_segmented_wls_hac,6,0.008024828925793055,0.5665388353884386
dale_chall,readability,2022-11-30,136,95,41,14.78474658637975,15.166689012996912,0.18923800107628672,0.0028947614858634554,0.03473713783036146,0.08976328028037515,0.08533326330736785,-0.07748991580206581,0.2570164763628161,0.29283886862907804,0.0054472125174742075,0.06536655020969048,0.0019716776634480736,0.023660131961376882,0.018992691565391795,0.11174040885398917,0.3454197879808482,0.1250284394614741,0.100364046636359,0.5904755293253374,0.005732020661280752,0.008341974003337662,0.10010368804005194,0.6305607277876905,monthly_segmented_wls_hac,6,0.008024828925793055,0.5665388353884386
flesch_reading_ease,readability,2022-11-30,136,95,41,1.2817637180599895,-2.773181019119615,2.999223555411807,-0.00537278969995298,-0.06447347639943576,-1.6388858378988067,1.6558411681389564,-4.884334527451161,1.6065628516535477,0.32229129762266995,-0.11120003764547137,-1.3344004517456565,0.04161555694803234,0.49938668337638803,-2.3131983511633774,-0.355602552327936,-0.4449153012745118,0.16650532184414643,-0.7712657320890389,-0.11856487045998482,0.007538299715010675,-0.11657282734542435,-1.3988739281450921,0.39663598004726097,monthly_segmented_wls_hac,6,0.008794683000845788,0.5665388353884386
clause_depth,syntax,2022-11-30,136,95,41,5.749207151589282,5.84997158153609,0.11422832620928867,0.001536350699447153,0.018436208393365836,0.05932850496917218,0.03225004001264778,-0.0038815734556174736,0.12253858339396183,0.06582091931968119,-0.003152497131829435,-0.03782996558195322,0.001064738103452114,0.012776857241425368,-0.06287260577514694,-0.012787325388759499,-0.3311784986907828,0.11185366769723705,-0.5504116873773675,-0.1119453100041982,0.0030682189189821076,-0.001616146432382282,-0.019393757188587386,0.2673632704073764,monthly_segmented_wls_hac,6,0.0170069621036905,0.2056882502576345
avg_words_per_sentence,syntax,2022-11-30,136,95,41,11.078792246802173,11.502172131479192,0.31281004095316817,0.005694537484487943,0.06833444981385532,-0.08557710712496294,0.08962150382687603,-0.26123525462563996,0.09008104037571407,0.33964219105196203,0.005173049064506837,0.06207658877408205,0.0017703756174404527,0.021244507409285435,0.0204373542518826,0.10371582329628148,0.19844819745852002,0.06791504308669562,0.06533471300859663,0.3315616819084434,0.0034778428049144793,0.01086758654899478,0.13041103858793737,0.5266667902292371,monthly_segmented_wls_hac,6,0.0170069621036905,0.42455273881495253
dependency_length,syntax,2022-11-30,136,95,41,2.0162592230105583,2.087991136982655,0.04773272488038053,0.0008528359122684266,0.010234030947221119,-0.004933362152532678,0.012767907577196761,-0.029958461003838328,0.020091736698772972,0.6992095749873739,0.0008438285788505569,0.010125942946206683,0.0003013117596289371,0.003615741115547245,0.003039090359734083,0.017212795532679282,0.21213838035818328,0.07574973196289103,0.06366890571091686,0.3606078550054497,0.00510208863110715,0.0016966644911189837,0.020359973893427804,0.5343282965230804,monthly_segmented_wls_hac,6,0.0170069621036905,0.6992095749873739
word_across_per_1k_words,marker_words,2022-11-30,136,95,41,0.44402242636479333,0.7697074474763355,0.3832792200852072,0.0009070759705976747,0.010884911647172098,-0.14742630990883146,0.17835901561324707,-0.4970099805107957,0.2021573606931328,0.4084805143620655,0.01963517168294012,0.23562206019528145,0.006885200166734681,0.08262240200081616,0.07368215227368174,0.39756196811688116,0.6147530255955438,0.21556713140474532,0.1922414480422429,1.0372646031488446,0.004347328040658097,0.020542247653537796,0.24650697184245357,0.22433368468560433,monthly_segmented_wls_hac,6,0.026083968243948583,1.0
hedge_ratio,other,2022-11-30,136,95,41,0.0003883562550802024,0.0001791543830433175,0.00031567540822725096,3.319692966633486e-07,3.983631559960183e-06,-0.00014905224293809455,6.638271228145783e-05,-0.0002791623590097519,-1.8942126866437206e-05,0.02474584656981009,-3.5838244102860186e-06,-4.300589292343222e-05,1.858402420220434e-06,2.2300829042645206e-05,-8.671551784701683e-05,7.037320001523835e-07,-0.13623453649728962,0.07064480938784787,-0.27469836289747146,0.0022292899028921987,0.053799962628483806,-3.25185511362267e-06,-3.902226136347204e-05,0.13564637101715182,monthly_segmented_wls_hac,6,0.10759992525696761,0.048972386644936146
dependency_entropy,syntax,2022-11-30,136,95,41,1.8317804183291673,1.8483062550487483,0.02430374663785437,0.000456241887678216,0.005474902652138592,-0.021264907158494394,0.008224223282346661,-0.03738438479189385,-0.00514542952509494,0.009719748307604864,0.0002543945037519883,0.0030527340450238593,0.00013927554165120009,0.001671306499814401,-0.0002230266946123664,0.006328494784660086,0.12560754893112094,0.06876744251486118,-0.009176638398006937,0.26039173626024886,0.06776663244956296,0.0007106363914302043,0.008527636697162451,0.34085253188484277,monthly_segmented_wls_hac,6,0.1694165811239074,0.09719748307604864
semicolon_per_1k_words,punctuation,2022-11-30,136,95,41,0.08593279449883374,0.07579293959596319,0.16672860329619263,-0.0006261875706821646,-0.007514250848185975,0.0848875637859552,0.057238271689209856,-0.02729944872489612,0.19707457629680653,0.13805952581850894,-0.0024477687456595544,-0.029373224947914653,0.0019774684607329032,0.02372962152879484,-0.07588328314435253,0.017136833248523234,-0.17617387998946557,0.14232483844802127,-0.45513056334758717,0.1027828033686561,0.21577929702124793,-0.003073956316341719,-0.036887475796100626,0.03298307557411062,monthly_segmented_wls_hac,6,0.2157792970212479,0.41417857745552683
list_of_three_per_1k_words,syntax,2022-11-30,136,95,41,2.8753384172144782,2.629536181653848,1.1488445392222038,0.0014466868843209806,0.01736024261185177,-0.5700378713925716,0.27428596175246384,-1.1076383564274006,-0.032437386357742404,0.037685308232673055,0.010391570472697353,0.12469884567236823,0.007651296296334704,0.09181555555601645,-0.055259643217424013,0.3046573345621605,0.10854283709856204,0.07991991293981156,-0.048100192263468615,0.2651858664605927,0.1744176510670525,0.011838257357018333,0.14205908828421998,0.022048148691978464,monthly_segmented_wls_hac,6,0.32860587371490674,0.18842654116336527
coordination_per_sentence_std,syntax,2022-11-30,136,95,41,0.0034168178385510332,0.003392704355117029,0.003194080228027623,9.972960482622958e-06,0.00011967552579147549,-0.0013542433640984248,0.0007793604719929649,-0.002881789889204636,0.0001733031610077864,0.0822753001030538,2.9443854146949756e-05,0.0003533262497633971,2.2830445045103163e-05,0.00027396534054123793,-0.00018364581769742932,0.0008902983172242235,0.11061909048589541,0.08577284256582819,-0.05749568094312787,0.2787338619149187,0.19716352422894406,3.941681462957271e-05,0.0004730017755548725,0.01398402527192999,monthly_segmented_wls_hac,6,0.32860587371490674,0.2056882502576345
adjective_crucial_per_1k_words,adjectives,2022-11-30,136,95,41,0.008487213135776134,0.007450880519535113,0.053626714737625016,-0.00019702321020448365,-0.002364278522453804,-0.005217032474297244,0.009931600152011581,-0.02468296877223994,0.014248903823645454,0.5993772528169871,0.0008099997127485738,0.009719996552982885,0.00042740704923517646,0.005128884590822117,-0.00033261724502846486,0.019772610350994237,0.18125288115334134,0.09564047724936696,-0.006202454255417915,0.3687082165621006,0.05807276656124179,0.0006129765025440901,0.007355718030529082,0.017848453473836012,monthly_segmented_wls_hac,6,0.34843659936745075,0.7642983426022179
verb_foster_per_1k_words,verbs,2022-11-30,136,95,41,0.005289605924358635,0.029198154496182356,0.05155670110980673,-0.0001273159103054809,-0.0015277909236657708,0.0708908174634548,0.024639322097430187,0.022597746152491632,0.11918388877441796,0.004012955352676591,-0.0018020892217876757,-0.021625070661452108,0.0008980466880480206,0.010776560256576247,-0.04274712876434155,-0.0005030125585626637,-0.41944248169398,0.20902346396492794,-0.8291284710652387,-0.009756492322721255,0.04478411544802912,-0.0019294051320931566,-0.02315286158511788,0.08611783182867827,monthly_segmented_wls_hac,6,0.3873990148104929,0.012038866058029776
verb_exhibit_per_1k_words,verbs,2022-11-30,136,95,41,0.05718222171883877,0.04221687340192172,0.1537111663183744,-0.001069958919452719,-0.012839507033432628,0.02108964880488308,0.023566089883780818,-0.025099887367327323,0.06727918497709348,0.3708324941477425,0.0017887110062576386,0.021464532075091663,0.0010421288411405383,0.01250554609368646,-0.0030463382685337985,0.04597540241871713,0.13964198300748842,0.08135743416183791,-0.019818587949713865,0.2991025539646907,0.0860886699578873,0.0007187520868049196,0.008625025041659035,0.034278853740208004,monthly_segmented_wls_hac,6,0.3873990148104929,0.6674984894659365
word_insight_per_1k_words,marker_words,2022-11-30,136,95,41,0.31015360980649526,0.6052363880947905,0.35784425299160544,0.0007347041334509238,0.008816449601411085,0.06514374736023407,0.1522229352057176,-0.23321320564297246,0.3635007003634406,0.6686877996236005,0.008910914948107633,0.1069309793772916,0.006733158235326048,0.08079789882391258,-0.05143290231757705,0.26529486107216027,0.2988198873765343,0.22579068449035006,-0.1437298542245517,0.7413696289776205,0.18568988620813087,0.009645619081558556,0.11574742897870267,0.16800435381539192,monthly_segmented_wls_hac,6,0.5642129790442221,1.0
word_within_per_1k_words,marker_words,2022-11-30,136,95,41,0.29702338758577285,0.26091983916188705,0.2789223135219642,-0.0022331708695553076,-0.02679805043466369,0.06427910348056398,0.06391254483507865,-0.060989484396190174,0.18954769135731814,0.31454290999840306,0.002688842548878354,0.03226611058654025,0.0020537965670671095,0.024645558804805314,-0.016039184670878164,0.08057140584395867,0.11568135291549342,0.08835993970365714,-0.05750412890367457,0.28886683473466146,0.1904646198518676,0.00045567167932304654,0.0054680601518765585,0.03418097387385288,monthly_segmented_wls_hac,6,0.5642129790442221,1.0
word_finding_per_1k_words,marker_words,2022-11-30,136,95,41,0.03889682787368222,0.03140464349663726,0.10878985942679137,-0.000394171328295821,-0.0047300559395498515,-0.002353142460910059,0.021419544942716463,-0.04433545054863433,0.039629165626814206,0.9125207296898897,0.0011500379273534944,0.013800455128241932,0.0009969192016010026,0.011963030419212031,-0.009647084493413647,0.03724799474989751,0.12685424175521393,0.10996457282181145,-0.0886763209755365,0.34238480448596437,0.2486675160499746,0.0007558665990576734,0.009070399188692081,0.011743883154182067,monthly_segmented_wls_hac,6,0.5642129790442221,1.0
word_particularly_per_1k_words,marker_words,2022-11-30,136,95,41,0.003654970760233918,0.0,0.03562424833629007,0.0001546617664288037,0.0018559411971456443,-0.010885948492921243,0.009994657017453714,-0.030475476247130526,0.008703579261288038,0.276075930023513,-0.00015466176642880267,-0.0018559411971456321,0.00014379124536667418,0.0017254949444000902,-0.005237911288169809,0.0015260288938785446,-0.05209769423415464,0.04843596777429674,-0.14703219107177626,0.04283680260346698,0.28210648952211104,1.0299920638612292e-18,1.235990476633475e-17,0.01640695142353088,monthly_segmented_wls_hac,6,0.5642129790442221,1.0
word_while_per_1k_words,marker_words,2022-11-30,136,95,41,0.03182086763780166,0.0587297519224236,0.08866431637692401,0.0003616005824108832,0.004339206988930599,0.039636274727601416,0.056115189837971376,-0.07034949735482249,0.1496220468100253,0.47997814719471577,-0.0017421818371614948,-0.020906182045937936,0.0019168050618229165,0.023001660741875,-0.06598943710001293,0.024177073008137057,-0.2357902581356735,0.25942410297387086,-0.7442614999644603,0.27268098369311333,0.3634035427061436,-0.0013805812547506117,-0.01656697505700734,0.027649190723257444,monthly_segmented_wls_hac,6,0.6229775017819605,1.0
avg_syllables_per_word,readability,2022-11-30,136,95,41,2.219085614204137,2.224314231112796,0.026459254708452118,9.446792932608789e-05,0.0011336151519130548,-0.0038357341252893383,0.012869651270361637,-0.029060250615198145,0.02138878236461947,0.7656688829160115,0.00018379654297155548,0.0022055585156586658,0.0003998241495330852,0.004797889794397023,-0.007198305481359498,0.01160942251267683,0.08335678914471178,0.18133125242051468,-0.272052465599497,0.43876604388892054,0.6457362711477361,0.00027826447229764334,0.00333917366757172,0.026915947169548593,monthly_segmented_wls_hac,6,0.645736271147736,0.8353845132195011
adjective_pivotal_per_1k_words,adjectives,2022-11-30,136,95,41,0.004821591541833951,0.010234781678553163,0.03602973152086211,-9.698886326892169e-05,-0.0011638663592270604,0.02764734463352793,0.020527657026247814,-0.012586863137917785,0.06788155240497365,0.1780337298586184,-0.0007902570158323351,-0.009483084189988021,0.0006537178727255888,0.007844614472707066,-0.02485852855649387,0.005892360176517827,-0.263201633475872,0.21772614287077988,-0.6899448735026006,0.1635416065508566,0.2267145031648124,-0.0008872458791012568,-0.010646950549215082,0.031888157860919364,monthly_segmented_wls_hac,6,0.6801435094944372,0.3560674597172368
verb_align_per_1k_words,verbs,2022-11-30,136,95,41,0.06694617886708917,0.31439902542050563,0.16563781959701665,0.0013360633314249259,0.01603275997709911,0.10153660235107873,0.06813744637084083,-0.0320127925357693,0.23508599723792675,0.13617867856565447,0.002891700147044955,0.03470040176453946,0.0024029813437980805,0.028835776125576966,-0.02181771944159139,0.0912185229706703,0.20949564446672092,0.17408932450168726,-0.1317194315565861,0.5507107204900279,0.22882923010988565,0.004227763478469881,0.05073316174163857,0.2650655850689573,monthly_segmented_wls_hac,6,0.686487690329657,0.30640202677272255
certainty_ratio,other,2022-11-30,136,95,41,0.00019709733898851608,0.0006359757881123607,0.00024240753507001107,2.738289722880188e-06,3.2859476674562254e-05,0.00029541774960594656,0.00015004721075795562,1.3252165203535586e-06,0.0005895102826915396,0.048972386644936146,-2.4384240350014606e-06,-2.9261088420017527e-05,6.160695454208865e-06,7.392834545050638e-05,-0.00017416064550301,0.00011563846866297496,-0.12071030882586413,0.30497544323098175,-0.7184621775585883,0.47704155990686004,0.6922500890121706,2.9986568787872725e-07,3.598388254544727e-06,0.34780913933114777,monthly_segmented_wls_hac,6,0.6922500890121706,0.048972386644936146
summary_marker_ultimately_per_1k_words,summary_markers,2022-11-30,136,95,41,0.0011057054400707652,0.0,0.010777083530306238,3.8333970474550684e-05,0.0004600076456946082,-0.003774725248095948,0.0035782331530593387,-0.010788062228092251,0.003238611731900356,0.29146504224834446,-3.833397047454945e-05,-0.0004600076456945934,4.03325971384966e-05,0.0004839911656619592,-0.0014086303303920335,0.0004886150390028467,-0.04268387123482952,0.04490928963303732,-0.13070607891558267,0.04533833644592364,0.34188549288634495,1.2332799712022613e-18,1.4799359654427136e-17,0.012757148329297308,monthly_segmented_wls_hac,6,0.8164093761377206,0.7286626056208612
summary_marker_collectively_per_1k_words,summary_markers,2022-11-30,136,95,41,0.016162410383256616,0.007364204076823377,0.11204109592932382,0.0001571255993841051,0.0018855071926092612,-0.02884732227028386,0.018065865568973667,-0.06425641878547225,0.006561774244904527,0.11031340471901735,0.0005026075385930682,0.006031290463116819,0.0005617632007447194,0.006741158408936633,-0.007181380018398981,0.01924396094463262,0.053831055588044165,0.06016683747175229,-0.06409594585659031,0.17175805703267866,0.3709493796313502,0.0006597331379771733,0.00791679765572608,0.0057358565279017615,monthly_segmented_wls_hac,6,0.8164093761377206,0.5515670235950867
summary_marker_overall_per_1k_words,summary_markers,2022-11-30,136,95,41,0.02050059480029075,0.01290177525552871,0.06732511929400349,0.00012096619511185085,0.0014515943413422102,-0.008489671285176102,0.015505133632979529,-0.038879733205815975,0.021900390635463774,0.5840082221445271,-0.0003380941155060618,-0.004057129386072741,0.00048959810550885,0.0058751772661062,-0.015572476827640892,0.0074582180554954094,-0.06026174819469055,0.08726575352135306,-0.23130262509654254,0.11077912870716142,0.48984562568263235,-0.00021712792039421094,-0.0026055350447305313,0.00646556161554801,monthly_segmented_wls_hac,6,0.8164093761377206,0.9733470369075451
emphasis_markers_total_per_1k_words,discourse_marker_totals,2022-11-30,136,95,41,0.003654970760233918,0.0,0.03562424833629007,0.0001546617664288037,0.0018559411971456443,-0.010885948492921243,0.009994657017453714,-0.030475476247130526,0.008703579261288038,0.276075930023513,-0.00015466176642880267,-0.0018559411971456321,0.00014379124536667418,0.0017254949444000902,-0.005237911288169809,0.0015260288938785446,-0.05209769423415464,0.04843596777429674,-0.14703219107177626,0.04283680260346698,0.28210648952211104,1.0299920638612292e-18,1.235990476633475e-17,0.01640695142353088,monthly_segmented_wls_hac,6,0.8596746589522549,0.34509491252939123
sequential_markers_total_per_1k_words,discourse_marker_totals,2022-11-30,136,95,41,0.01832537108013058,0.007283786267489281,0.08005339814210834,0.00035034640864865227,0.004204156903783827,-0.04318624409626243,0.014907021307001167,-0.07240400585798472,-0.01396848233454014,0.0037670115101239104,0.000439321029026822,0.005271852348321864,0.0004980658288077931,0.005976789945693518,-0.006442655945237429,0.01698636064188116,0.06585419820609531,0.07466004047802823,-0.08047948113084,0.21218787754303062,0.3777475274815738,0.0007896674376754743,0.009476009252105691,0.02614233849903902,monthly_segmented_wls_hac,6,0.8596746589522549,0.018835057550619552
causal_markers_total_per_1k_words,discourse_marker_totals,2022-11-30,136,95,41,0.006113110041488412,0.0,0.034101144378190784,5.569769368489878e-05,0.0006683723242187854,-0.008941898789395403,0.006152024204640436,-0.02099986623049066,0.0031160686516998517,0.14608806410233724,-5.569769368489377e-05,-0.0006683723242187253,8.571173920566366e-05,0.0010285408704679639,-0.0026843124303359348,0.0013475677818984841,-0.01959970365822032,0.0301614766666236,-0.07871619792480258,0.03951679060836194,0.5158047953713529,5.0076587841674236e-18,6.009190541000908e-17,0.015091504801338473,monthly_segmented_wls_hac,6,0.8596746589522549,0.24348010683722873
coordination_count,syntax,2022-11-30,136,95,41,0.3651549242604592,0.35491663601800766,0.03917661713430374,8.55774674532439e-05,0.0010269296094389268,-0.016356690461810774,0.012947114166893847,-0.041733034228922716,0.009019653305301165,0.20646470704274322,-8.183201145043489e-05,-0.0009819841374052187,0.0002956679423642958,0.0035480153083715495,-0.007936094141813455,0.005972125867003018,-0.02506556740309709,0.09056461654686475,-0.20257221583495197,0.1524410810287578,0.7819567310331654,3.7454560028090116e-06,4.494547203370814e-05,0.03352190786923537,monthly_segmented_wls_hac,6,0.8678463831392171,0.2949495814896332
dependency_length_std,syntax,2022-11-30,136,95,41,0.005995638846801688,0.005526667489312528,0.004235160299934033,1.3319092009294902e-06,1.5982910411153882e-05,-0.000871597323270801,0.0011722144736331054,-0.0031691376915916874,0.0014259430450500857,0.45715018084653175,9.210913490597145e-06,0.00011053096188716574,3.36764181014142e-05,0.0004041170172169704,-0.0006815383918580963,0.0009026003156324279,0.026098412824866954,0.09541953281514869,-0.16092387149282447,0.2131206971425584,0.7844594633003843,1.0542822691526636e-05,0.00012651387229831965,0.005179313474724112,monthly_segmented_wls_hac,6,0.8678463831392171,0.5079446453850353
clause_depth_std,syntax,2022-11-30,136,95,41,0.017775547978656072,0.01820643946155448,0.013003674852986383,5.998980505849836e-05,0.0007198776607019803,-0.004529938601702116,0.0032967192270675553,-0.010991508286754523,0.0019316310833502924,0.16941848174059412,2.0121225299742332e-05,0.000241454703596908,0.00012092471227582256,0.0014510965473098708,-0.0026026945291304387,0.0030856039363242544,0.018568189863764264,0.11159126660081144,-0.20015069267382612,0.23728707240135463,0.8678463831392172,8.01110303582407e-05,0.0009613323642988883,0.012997683759507161,monthly_segmented_wls_hac,6,0.8678463831392171,0.28236413623432355
sentence_depth_std,syntax,2022-11-30,136,95,41,0.017775547978656072,0.01820643946155448,0.013003674852986383,5.998980505849836e-05,0.0007198776607019803,-0.004529938601702116,0.0032967192270675553,-0.010991508286754523,0.0019316310833502924,0.16941848174059412,2.0121225299742332e-05,0.000241454703596908,0.00012092471227582256,0.0014510965473098708,-0.0026026945291304387,0.0030856039363242544,0.018568189863764264,0.11159126660081144,-0.20015069267382612,0.23728707240135463,0.8678463831392172,8.01110303582407e-05,0.0009613323642988883,0.012997683759507161,monthly_segmented_wls_hac,6,0.8678463831392171,0.28236413623432355
verb_enhance_per_1k_words,verbs,2022-11-30,136,95,41,0.4095473788800327,1.2113386110259272,0.3552103782455941,0.001988957299401359,0.02386748759281631,0.8554898981169331,0.2045411560765008,0.45458923220699154,1.2563905640268747,2.8834264614348976e-05,-0.00755458665221152,-0.09065503982653825,0.00891801860079275,0.10701622320951301,-0.30040683731718376,0.11909675766410727,-0.2552150651517815,0.30127560950801247,-0.845715259787486,0.335285129483923,0.3969310672605832,-0.005565629352810161,-0.06678755223372193,0.4312155996121916,monthly_segmented_wls_hac,6,0.8930949013363122,0.0001297541907645704
adjective_potential_per_1k_words,adjectives,2022-11-30,136,95,41,0.6762760167454664,0.528367930720686,0.4388927293134076,-0.0001770450951960381,-0.002124541142352457,-0.19234797210444637,0.12296778146342509,-0.43336482377275953,0.048668879563866785,0.11776723116140093,0.0023672518410895902,0.028407022093075083,0.0032620596481255392,0.03914471577750647,-0.0483166208308376,0.10513066501698776,0.0647242941060206,0.08918971120515815,-0.11008753985608935,0.23953612806813054,0.46802737203968253,0.0021902067458935523,0.02628248095072263,0.03740072571437514,monthly_segmented_wls_hac,6,0.9360547440793651,0.3533016934842028
word_interplay_per_1k_words,marker_words,2022-11-30,136,95,41,0.1374055170357112,0.13703821339915578,0.22957302145344408,-1.62260695742713e-05,-0.00019471283489125562,0.020939815800036815,0.05274973319310756,-0.082449661258454,0.12432929285852763,0.6913930194130663,-0.0008894057290215922,-0.010672868748259106,0.001880659548683877,0.022567914584206525,-0.05490598133330389,0.033560243836785686,-0.04649008267908995,0.09830386184459898,-0.23916565189450395,0.14618548653632407,0.6362686563743587,-0.0009056317985958635,-0.010867581583150362,0.0010880876669835393,monthly_segmented_wls_hac,6,0.954402984561538,1.0
emphasis_marker_particularly_per_1k_words,emphasis_markers,2022-11-30,136,95,41,0.003654970760233918,0.0,0.03562424833629007,0.0001546617664288037,0.0018559411971456443,-0.010885948492921243,0.009994657017453714,-0.030475476247130526,0.008703579261288038,0.276075930023513,-0.00015466176642880267,-0.0018559411971456321,0.00014379124536667418,0.0017254949444000902,-0.005237911288169809,0.0015260288938785446,-0.05209769423415464,0.04843596777429674,-0.14703219107177626,0.04283680260346698,0.28210648952211104,1.0299920638612292e-18,1.235990476633475e-17,0.01640695142353088,monthly_segmented_wls_hac,6,1.0,1.0
causal_marker_thereby_per_1k_words,causal_markers,2022-11-30,136,95,41,0.004214081394641274,0.0,0.028921690972721376,7.453358924529107e-05,0.0008944030709434928,-0.007891300243712873,0.0059954757994063025,-0.019642432810549226,0.00385983232312348,0.18810384573091737,-7.453358924528813e-05,-0.0008944030709434575,7.77655700204272e-05,0.0009331868402451264,-0.0027234492778239056,0.0009346431359369904,-0.030924992310686423,0.03226598476296902,-0.0941663224461057,0.03231633782473285,0.3378412163059829,2.9408983928669308e-18,3.529078071440317e-17,0.01343184561137567,monthly_segmented_wls_hac,6,1.0,0.9405192286545869
sequential_marker_further_per_1k_words,sequential_markers,2022-11-30,136,95,41,0.01832537108013058,0.007283786267489281,0.08005339814210834,0.00035034640864865227,0.004204156903783827,-0.04318624409626243,0.014907021307001167,-0.07240400585798472,-0.01396848233454014,0.0037670115101239104,0.000439321029026822,0.005271852348321864,0.0004980658288077931,0.005976789945693518,-0.006442655945237429,0.01698636064188116,0.06585419820609531,0.07466004047802823,-0.08047948113084,0.21218787754303062,0.3777475274815738,0.0007896674376754743,0.009476009252105691,0.02614233849903902,monthly_segmented_wls_hac,6,1.0,0.018835057550619552
causal_marker_hence_per_1k_words,causal_markers,2022-11-30,136,95,41,0.0018990286468471378,0.0,0.018509441675719912,-1.8835895560392285e-05,-0.0002260307467247074,-0.0010505985456825302,0.0012577661525654316,-0.0035158202047107763,0.001414623113345716,0.4035548688623488,1.8835895560394362e-05,0.00022603074672473234,2.577988414199819e-05,0.00030935860970397825,-0.00038031212829506506,0.0008323736217445296,0.01221164585538159,0.016713557065839803,-0.020546925993664426,0.0449702177044276,0.4649971530029139,2.0769247866675444e-18,2.4923097440010533e-17,0.0048018322785163825,monthly_segmented_wls_hac,6,1.0,1.0
marker_verbs_total_per_1k_words,verbs,2022-11-30,136,95,41,0.5389653853903191,1.5971526643445368,0.4479557337592694,0.0021277458010680863,0.025532949612817036,1.0490069667363497,0.22679677560349612,0.6044852865534973,1.4935286469192022,3.740260333169154e-06,-0.004676264720696599,-0.05611517664835919,0.009490918357589346,0.11389102029107215,-0.2793415764188606,0.16711122312214222,-0.12526946843036812,0.25424614913463073,-0.6235919207342444,0.3730529838735081,0.622217932481463,-0.0025485189196285127,-0.030582227035542153,0.47010229091317723,monthly_segmented_wls_hac,6,1.0,3.366234299852239e-05
word_realm_per_1k_words,marker_words,2022-11-30,136,95,41,0.0,0.010213541047295688,0.0,6.479758685432317e-18,7.77571042251878e-17,0.011000534595143023,0.010121063390110662,-0.008836749649473874,0.030837818839759917,0.2770831550730466,-8.005068918448094e-05,-0.0009606082702137712,0.00036887189623434417,0.00442646275481213,-0.009636475269645547,0.007715258729218003,,,,,0.8281967510530283,-8.005068918447446e-05,-0.0009606082702136935,0.027729182460941915,monthly_segmented_wls_hac,6,1.0,1.0
marker_adjectives_total_per_1k_words,adjectives,2022-11-30,136,95,41,0.8282365433509127,1.082051397161144,0.49123998866916846,0.0016307905043249282,0.01956948605189914,0.10349163718459303,0.21925445702300417,-0.3262470985804951,0.5332303729496812,0.6369152855018482,0.0015399298076874846,0.018479157692249816,0.007229596166776678,0.08675515400132014,-0.15156094415033766,0.18851925953483728,0.03761737260501166,0.17660442146892574,-0.3085272934740828,0.38376203868410613,0.8313241765589128,0.0031707203120124126,0.03804864374414895,0.06938639204491248,monthly_segmented_wls_hac,6,1.0,0.7642983426022179
marker_phrases_total_per_1k_words,phrases,2022-11-30,136,95,41,0.00271576774754223,0.0,0.02647002972355919,-4.309064451471269e-06,-5.1708773417655224e-05,-0.002327234592592025,0.002508035615108142,-0.007242984398203983,0.002588515213019933,0.35345358139334804,4.309064451473676e-06,5.170877341768411e-05,2.448827853403901e-05,0.0002938593424084681,-0.0005242555377029134,0.0006276730845382816,0.001953483768537729,0.01110158717150679,-0.019805627087615577,0.023712594624691035,0.8603219359561908,2.4072676360967216e-18,2.888721163316066e-17,0.0038442660611281987,monthly_segmented_wls_hac,6,1.0,1.0
phrase_deep_dive_per_1k_words,phrases,2022-11-30,136,95,41,0.00271576774754223,0.0,0.02647002972355919,-4.309064451471269e-06,-5.1708773417655224e-05,-0.002327234592592025,0.002508035615108142,-0.007242984398203983,0.002588515213019933,0.35345358139334804,4.309064451473676e-06,5.170877341768411e-05,2.448827853403901e-05,0.0002938593424084681,-0.0005242555377029134,0.0006276730845382816,0.001953483768537729,0.01110158717150679,-0.019805627087615577,0.023712594624691035,0.8603219359561908,2.4072676360967216e-18,2.888721163316066e-17,0.0038442660611281987,monthly_segmented_wls_hac,6,1.0,1.0
summary_markers_total_per_1k_words,discourse_marker_totals,2022-11-30,136,95,41,0.037768710623618126,0.020265979332352087,0.12912761196538614,0.0003164257649705066,0.003797109179646079,-0.04111171880355591,0.027374185857823138,-0.09476512308488926,0.01254168547777744,0.13313776033178712,0.00012617945261245706,0.0015141534313494846,0.0008307617454250236,0.009969140945100284,-0.01802536282104707,0.02105366968374604,0.011726023646711345,0.07720378928538232,-0.13959340335263798,0.16304545064606069,0.8792783941622592,0.0004426052175829637,0.005311262610995564,0.01093371137858723,monthly_segmented_wls_hac,6,1.0,0.24348010683722873
adjective_comprehensive_per_1k_words,adjectives,2022-11-30,136,95,41,0.13865172192783623,0.5359978042423695,0.20259500003992062,0.0021018476729943707,0.02522217207593245,0.2734092971298087,0.14307389399521972,-0.0070155351008219236,0.5538341293604394,0.05600899508086793,-0.0008470647303183444,-0.010164776763820133,0.006074119639993998,0.07288943567992798,-0.15302807069647895,0.1326985171688387,-0.050172890554145956,0.35977904521614734,-0.7553398191777947,0.654994038069503,0.8890908244636482,0.0012547829426760263,0.015057395312112316,0.37646939531061474,monthly_segmented_wls_hac,6,1.0,0.3360539704852076
adjective_intricate_per_1k_words,adjectives,2022-11-30,136,95,41,0.0,0.0,0.0,0.0,0.0,0.0,0.0,0.0,0.0,1.0,0.0,0.0,0.0,0.0,0.0,0.0,,,,,1.0,0.0,0.0,,monthly_segmented_wls_hac,6,1.0,1.0
causal_marker_accordingly_per_1k_words,causal_markers,2022-11-30,136,95,41,0.0,0.0,0.0,0.0,0.0,0.0,0.0,0.0,0.0,1.0,0.0,0.0,0.0,0.0,0.0,0.0,,,,,1.0,0.0,0.0,,monthly_segmented_wls_hac,6,1.0,1.0
causal_marker_consequently_per_1k_words,causal_markers,2022-11-30,136,95,41,0.0,0.0,0.0,0.0,0.0,0.0,0.0,0.0,0.0,1.0,0.0,0.0,0.0,0.0,0.0,0.0,,,,,1.0,0.0,0.0,,monthly_segmented_wls_hac,6,1.0,1.0
causal_marker_thus_per_1k_words,causal_markers,2022-11-30,136,95,41,0.0,0.0,0.0,0.0,0.0,0.0,0.0,0.0,0.0,1.0,0.0,0.0,0.0,0.0,0.0,0.0,,,,,1.0,0.0,0.0,,monthly_segmented_wls_hac,6,1.0,1.0
contrast_marker_alternatively_per_1k_words,contrast_markers,2022-11-30,136,95,41,0.0,0.0,0.0,0.0,0.0,0.0,0.0,0.0,0.0,1.0,0.0,0.0,0.0,0.0,0.0,0.0,,,,,1.0,0.0,0.0,,monthly_segmented_wls_hac,6,1.0,1.0
contrast_marker_conversely_per_1k_words,contrast_markers,2022-11-30,136,95,41,0.0,0.0,0.0,0.0,0.0,0.0,0.0,0.0,0.0,1.0,0.0,0.0,0.0,0.0,0.0,0.0,,,,,1.0,0.0,0.0,,monthly_segmented_wls_hac,6,1.0,1.0
contrast_marker_however_per_1k_words,contrast_markers,2022-11-30,136,95,41,0.0,0.0,0.0,0.0,0.0,0.0,0.0,0.0,0.0,1.0,0.0,0.0,0.0,0.0,0.0,0.0,,,,,1.0,0.0,0.0,,monthly_segmented_wls_hac,6,1.0,1.0
contrast_marker_nevertheless_per_1k_words,contrast_markers,2022-11-30,136,95,41,0.0,0.0,0.0,0.0,0.0,0.0,0.0,0.0,0.0,1.0,0.0,0.0,0.0,0.0,0.0,0.0,,,,,1.0,0.0,0.0,,monthly_segmented_wls_hac,6,1.0,1.0
contrast_marker_nonetheless_per_1k_words,contrast_markers,2022-11-30,136,95,41,0.0,0.0,0.0,0.0,0.0,0.0,0.0,0.0,0.0,1.0,0.0,0.0,0.0,0.0,0.0,0.0,,,,,1.0,0.0,0.0,,monthly_segmented_wls_hac,6,1.0,1.0
contrast_markers_total_per_1k_words,discourse_marker_totals,2022-11-30,136,95,41,0.0,0.0,0.0,0.0,0.0,0.0,0.0,0.0,0.0,1.0,0.0,0.0,0.0,0.0,0.0,0.0,,,,,1.0,0.0,0.0,,monthly_segmented_wls_hac,6,1.0,1.0
emphasis_marker_crucially_per_1k_words,emphasis_markers,2022-11-30,136,95,41,0.0,0.0,0.0,0.0,0.0,0.0,0.0,0.0,0.0,1.0,0.0,0.0,0.0,0.0,0.0,0.0,,,,,1.0,0.0,0.0,,monthly_segmented_wls_hac,6,1.0,1.0
emphasis_marker_importantly_per_1k_words,emphasis_markers,2022-11-30,136,95,41,0.0,0.0,0.0,0.0,0.0,0.0,0.0,0.0,0.0,1.0,0.0,0.0,0.0,0.0,0.0,0.0,,,,,1.0,0.0,0.0,,monthly_segmented_wls_hac,6,1.0,1.0
emphasis_marker_notably_per_1k_words,emphasis_markers,2022-11-30,136,95,41,0.0,0.0,0.0,0.0,0.0,0.0,0.0,0.0,0.0,1.0,0.0,0.0,0.0,0.0,0.0,0.0,,,,,1.0,0.0,0.0,,monthly_segmented_wls_hac,6,1.0,1.0
emphasis_marker_remarkably_per_1k_words,emphasis_markers,2022-11-30,136,95,41,0.0,0.0,0.0,0.0,0.0,0.0,0.0,0.0,0.0,1.0,0.0,0.0,0.0,0.0,0.0,0.0,,,,,1.0,0.0,0.0,,monthly_segmented_wls_hac,6,1.0,1.0
word_additionally_per_1k_words,marker_words,2022-11-30,136,95,41,0.0,0.0,0.0,0.0,0.0,0.0,0.0,0.0,0.0,1.0,0.0,0.0,0.0,0.0,0.0,0.0,,,,,1.0,0.0,0.0,,monthly_segmented_wls_hac,6,1.0,1.0
word_meticulously_per_1k_words,marker_words,2022-11-30,136,95,41,0.0,0.0,0.0,0.0,0.0,0.0,0.0,0.0,0.0,1.0,0.0,0.0,0.0,0.0,0.0,0.0,,,,,1.0,0.0,0.0,,monthly_segmented_wls_hac,6,1.0,1.0
word_notably_per_1k_words,marker_words,2022-11-30,136,95,41,0.0,0.0,0.0,0.0,0.0,0.0,0.0,0.0,0.0,1.0,0.0,0.0,0.0,0.0,0.0,0.0,,,,,1.0,0.0,0.0,,monthly_segmented_wls_hac,6,1.0,1.0
phrase_comprehensive_chapter_per_1k_words,phrases,2022-11-30,136,95,41,0.0,0.0,0.0,0.0,0.0,0.0,0.0,0.0,0.0,1.0,0.0,0.0,0.0,0.0,0.0,0.0,,,,,1.0,0.0,0.0,,monthly_segmented_wls_hac,6,1.0,1.0
phrase_essential_insight_per_1k_words,phrases,2022-11-30,136,95,41,0.0,0.0,0.0,0.0,0.0,0.0,0.0,0.0,0.0,1.0,0.0,0.0,0.0,0.0,0.0,0.0,,,,,1.0,0.0,0.0,,monthly_segmented_wls_hac,6,1.0,1.0
phrase_intricate_interplay_per_1k_words,phrases,2022-11-30,136,95,41,0.0,0.0,0.0,0.0,0.0,0.0,0.0,0.0,0.0,1.0,0.0,0.0,0.0,0.0,0.0,0.0,,,,,1.0,0.0,0.0,,monthly_segmented_wls_hac,6,1.0,1.0
phrase_intricate_web_per_1k_words,phrases,2022-11-30,136,95,41,0.0,0.0,0.0,0.0,0.0,0.0,0.0,0.0,0.0,1.0,0.0,0.0,0.0,0.0,0.0,0.0,,,,,1.0,0.0,0.0,,monthly_segmented_wls_hac,6,1.0,1.0
phrase_meticulously_delve_per_1k_words,phrases,2022-11-30,136,95,41,0.0,0.0,0.0,0.0,0.0,0.0,0.0,0.0,0.0,1.0,0.0,0.0,0.0,0.0,0.0,0.0,,,,,1.0,0.0,0.0,,monthly_segmented_wls_hac,6,1.0,1.0
sequential_marker_additionally_per_1k_words,sequential_markers,2022-11-30,136,95,41,0.0,0.0,0.0,0.0,0.0,0.0,0.0,0.0,0.0,1.0,0.0,0.0,0.0,0.0,0.0,0.0,,,,,1.0,0.0,0.0,,monthly_segmented_wls_hac,6,1.0,1.0
sequential_marker_furthermore_per_1k_words,sequential_markers,2022-11-30,136,95,41,0.0,0.0,0.0,0.0,0.0,0.0,0.0,0.0,0.0,1.0,0.0,0.0,0.0,0.0,0.0,0.0,,,,,1.0,0.0,0.0,,monthly_segmented_wls_hac,6,1.0,1.0
sequential_marker_moreover_per_1k_words,sequential_markers,2022-11-30,136,95,41,0.0,0.0,0.0,0.0,0.0,0.0,0.0,0.0,0.0,1.0,0.0,0.0,0.0,0.0,0.0,0.0,,,,,1.0,0.0,0.0,,monthly_segmented_wls_hac,6,1.0,1.0
sequential_marker_subsequently_per_1k_words,sequential_markers,2022-11-30,136,95,41,0.0,0.0,0.0,0.0,0.0,0.0,0.0,0.0,0.0,1.0,0.0,0.0,0.0,0.0,0.0,0.0,,,,,1.0,0.0,0.0,,monthly_segmented_wls_hac,6,1.0,1.0
summary_marker_in_summary_per_1k_words,summary_markers,2022-11-30,136,95,41,0.0,0.0,0.0,0.0,0.0,0.0,0.0,0.0,0.0,1.0,0.0,0.0,0.0,0.0,0.0,0.0,,,,,1.0,0.0,0.0,,monthly_segmented_wls_hac,6,1.0,1.0
summary_marker_taken_together_per_1k_words,summary_markers,2022-11-30,136,95,41,0.0,0.0,0.0,0.0,0.0,0.0,0.0,0.0,0.0,1.0,0.0,0.0,0.0,0.0,0.0,0.0,,,,,1.0,0.0,0.0,,monthly_segmented_wls_hac,6,1.0,1.0
verb_delve_per_1k_words,verbs,2022-11-30,136,95,41,0.0,0.0,0.0,0.0,0.0,0.0,0.0,0.0,0.0,1.0,0.0,0.0,0.0,0.0,0.0,0.0,,,,,1.0,0.0,0.0,,monthly_segmented_wls_hac,6,1.0,1.0
verb_garner_per_1k_words,verbs,2022-11-30,136,95,41,0.0,0.0,0.0,0.0,0.0,0.0,0.0,0.0,0.0,1.0,0.0,0.0,0.0,0.0,0.0,0.0,,,,,1.0,0.0,0.0,,monthly_segmented_wls_hac,6,1.0,1.0
verb_showcase_per_1k_words,verbs,2022-11-30,136,95,41,0.0,0.0,0.0,0.0,0.0,0.0,0.0,0.0,0.0,1.0,0.0,0.0,0.0,0.0,0.0,0.0,,,,,1.0,0.0,0.0,,monthly_segmented_wls_hac,6,1.0,1.0
verb_underscore_per_1k_words,verbs,2022-11-30,136,95,41,0.0,0.0,0.0,0.0,0.0,0.0,0.0,0.0,0.0,1.0,0.0,0.0,0.0,0.0,0.0,0.0,,,,,1.0,0.0,0.0,,monthly_segmented_wls_hac,6,1.0,1.0
