month_ts,paper_count,marker_words_total_per_1k_words_monthly_mean,marker_verbs_total_per_1k_words_monthly_mean,marker_adjectives_total_per_1k_words_monthly_mean,marker_phrases_total_per_1k_words_monthly_mean,sequential_markers_total_per_1k_words_monthly_mean,causal_markers_total_per_1k_words_monthly_mean,contrast_markers_total_per_1k_words_monthly_mean,emphasis_markers_total_per_1k_words_monthly_mean,summary_markers_total_per_1k_words_monthly_mean,word_finding_per_1k_words_monthly_mean,word_interplay_per_1k_words_monthly_mean,word_realm_per_1k_words_monthly_mean,word_insight_per_1k_words_monthly_mean,word_notably_per_1k_words_monthly_mean,word_particularly_per_1k_words_monthly_mean,word_meticulously_per_1k_words_monthly_mean,word_while_per_1k_words_monthly_mean,word_within_per_1k_words_monthly_mean,word_across_per_1k_words_monthly_mean,word_additionally_per_1k_words_monthly_mean,verb_delve_per_1k_words_monthly_mean,verb_underscore_per_1k_words_monthly_mean,verb_showcase_per_1k_words_monthly_mean,verb_enhance_per_1k_words_monthly_mean,verb_exhibit_per_1k_words_monthly_mean,verb_garner_per_1k_words_monthly_mean,verb_align_per_1k_words_monthly_mean,verb_foster_per_1k_words_monthly_mean,adjective_crucial_per_1k_words_monthly_mean,adjective_pivotal_per_1k_words_monthly_mean,adjective_comprehensive_per_1k_words_monthly_mean,adjective_intricate_per_1k_words_monthly_mean,adjective_potential_per_1k_words_monthly_mean,phrase_meticulously_delve_per_1k_words_monthly_mean,phrase_intricate_web_per_1k_words_monthly_mean,phrase_comprehensive_chapter_per_1k_words_monthly_mean,phrase_deep_dive_per_1k_words_monthly_mean,phrase_intricate_interplay_per_1k_words_monthly_mean,phrase_essential_insight_per_1k_words_monthly_mean,sequential_marker_additionally_per_1k_words_monthly_mean,sequential_marker_furthermore_per_1k_words_monthly_mean,sequential_marker_moreover_per_1k_words_monthly_mean,sequential_marker_subsequently_per_1k_words_monthly_mean,sequential_marker_further_per_1k_words_monthly_mean,causal_marker_hence_per_1k_words_monthly_mean,causal_marker_thus_per_1k_words_monthly_mean,causal_marker_consequently_per_1k_words_monthly_mean,causal_marker_accordingly_per_1k_words_monthly_mean,causal_marker_thereby_per_1k_words_monthly_mean,contrast_marker_however_per_1k_words_monthly_mean,contrast_marker_nonetheless_per_1k_words_monthly_mean,contrast_marker_nevertheless_per_1k_words_monthly_mean,contrast_marker_conversely_per_1k_words_monthly_mean,contrast_marker_alternatively_per_1k_words_monthly_mean,emphasis_marker_notably_per_1k_words_monthly_mean,emphasis_marker_crucially_per_1k_words_monthly_mean,emphasis_marker_remarkably_per_1k_words_monthly_mean,emphasis_marker_particularly_per_1k_words_monthly_mean,emphasis_marker_importantly_per_1k_words_monthly_mean,summary_marker_overall_per_1k_words_monthly_mean,summary_marker_collectively_per_1k_words_monthly_mean,summary_marker_ultimately_per_1k_words_monthly_mean,summary_marker_in_summary_per_1k_words_monthly_mean,summary_marker_taken_together_per_1k_words_monthly_mean,em_dash_per_1k_words_monthly_mean,semicolon_per_1k_words_monthly_mean,colon_per_1k_words_monthly_mean,clause_depth_monthly_mean,clause_depth_std_monthly_mean,dependency_entropy_monthly_mean,dependency_length_monthly_mean,dependency_length_std_monthly_mean,coordination_count_monthly_mean,coordination_per_sentence_std_monthly_mean,sentence_depth_std_monthly_mean,list_of_three_per_1k_words_monthly_mean,avg_words_per_sentence_monthly_mean,avg_syllables_per_word_monthly_mean,flesch_reading_ease_monthly_mean,flesch_kincaid_grade_monthly_mean,dale_chall_monthly_mean,smog_index_monthly_mean,automated_readability_index_monthly_mean,gunning_fog_monthly_mean,hedge_ratio_monthly_mean,certainty_ratio_monthly_mean,year,month
2015-01-01,12,0.0,0.0,0.0,0.0,0.0,0.0,0.0,0.0,0.0,0.0,0.0,0.0,0.0,0.0,0.0,0.0,0.0,0.0,0.0,0.0,0.0,0.0,0.0,0.0,0.0,0.0,0.0,0.0,0.0,0.0,0.0,0.0,0.0,0.0,0.0,0.0,0.0,0.0,0.0,0.0,0.0,0.0,0.0,0.0,0.0,0.0,0.0,0.0,0.0,0.0,0.0,0.0,0.0,0.0,0.0,0.0,0.0,0.0,0.0,0.0,0.0,0.0,0.0,0.0,0.0,0.0,12.896825396825397,5.666666666666667,0.0,1.781449561070506,2.272768897768898,0.0,0.5,0.0,0.0,0.0,11.666666666666666,2.0003019276045593,18.202457257654647,13.494560729231784,15.027347792509635,13.767093777191747,15.44840984746248,16.790841517157308,0.0,0.0,2015,1
2015-02-01,11,6.993006993006994,0.0,0.0,0.0,0.0,0.0,0.0,0.0,0.0,6.993006993006994,0.0,0.0,0.0,0.0,0.0,0.0,0.0,0.0,0.0,0.0,0.0,0.0,0.0,0.0,0.0,0.0,0.0,0.0,0.0,0.0,0.0,0.0,0.0,0.0,0.0,0.0,0.0,0.0,0.0,0.0,0.0,0.0,0.0,0.0,0.0,0.0,0.0,0.0,0.0,0.0,0.0,0.0,0.0,0.0,0.0,0.0,0.0,0.0,0.0,0.0,0.0,0.0,0.0,0.0,0.0,0.0,6.060606060606061,5.454545454545454,0.0,1.876728673575956,2.114365002199227,0.0,0.45454545454545453,0.0,0.0,0.0,11.909090909090908,2.144635563485831,4.9802220506766135,15.365145258781622,14.057017959061142,14.710040878814238,14.129801164744348,19.865451719997175,0.0,0.0,2015,2
2015-03-01,18,0.0,0.0,0.0,0.0,0.0,0.0,0.0,0.0,0.0,0.0,0.0,0.0,0.0,0.0,0.0,0.0,0.0,0.0,0.0,0.0,0.0,0.0,0.0,0.0,0.0,0.0,0.0,0.0,0.0,0.0,0.0,0.0,0.0,0.0,0.0,0.0,0.0,0.0,0.0,0.0,0.0,0.0,0.0,0.0,0.0,0.0,0.0,0.0,0.0,0.0,0.0,0.0,0.0,0.0,0.0,0.0,0.0,0.0,0.0,0.0,0.0,0.0,0.0,0.0,0.0,0.0,16.774709208919734,6.833333333333333,0.0,1.9074397465833632,2.028387080214566,0.0,0.7777777777777778,0.0,0.0,7.440476190476192,13.722222222222221,2.0407919087085755,14.685239621489636,14.523402353819023,13.687632899641958,14.65382971605769,14.317786828006936,18.75621265476338,0.0,0.0,2015,3
2015-04-01,11,0.0,0.0,0.0,0.0,0.0,0.0,0.0,0.0,0.0,0.0,0.0,0.0,0.0,0.0,0.0,0.0,0.0,0.0,0.0,0.0,0.0,0.0,0.0,0.0,0.0,0.0,0.0,0.0,0.0,0.0,0.0,0.0,0.0,0.0,0.0,0.0,0.0,0.0,0.0,0.0,0.0,0.0,0.0,0.0,0.0,0.0,0.0,0.0,0.0,0.0,0.0,0.0,0.0,0.0,0.0,0.0,0.0,0.0,0.0,0.0,0.0,0.0,0.0,0.0,0.0,0.0,5.681818181818182,5.636363636363637,0.0,1.786141714421049,1.9489177489177487,0.0064931752175073085,0.36363636363636365,0.0642824346533225,0.0,0.0,10.5,2.0966311001598084,10.763366606655403,14.25362402155183,13.966106953815643,13.598777326148495,14.233876011466252,17.98357026217989,0.0,0.0,2015,4
2015-05-01,12,12.362637362637363,0.0,0.0,0.0,0.0,0.0,0.0,0.0,0.0,0.0,0.0,0.0,0.0,0.0,0.0,0.0,0.0,5.9523809523809526,6.4102564102564115,0.0,0.0,0.0,0.0,0.0,0.0,0.0,0.0,0.0,0.0,0.0,0.0,0.0,0.0,0.0,0.0,0.0,0.0,0.0,0.0,0.0,0.0,0.0,0.0,0.0,0.0,0.0,0.0,0.0,0.0,0.0,0.0,0.0,0.0,0.0,0.0,0.0,0.0,0.0,0.0,0.0,0.0,0.0,0.0,0.0,0.0,0.0,12.784090909090908,5.833333333333333,0.0,1.7589687409687407,2.1146024318818437,0.0,0.3333333333333333,0.0,0.0,0.0,11.583333333333334,2.194205331705332,-1.018956043956024,16.092752340252343,14.76878194953195,14.39759757615027,16.312420329670328,18.926129426129425,0.0,0.0,2015,5
2015-06-01,9,6.944444444444445,0.0,0.0,0.0,0.0,0.0,0.0,0.0,0.0,0.0,0.0,0.0,0.0,0.0,0.0,0.0,0.0,0.0,6.944444444444445,0.0,0.0,0.0,0.0,0.0,0.0,0.0,0.0,0.0,0.0,0.0,0.0,0.0,0.0,0.0,0.0,0.0,0.0,0.0,0.0,0.0,0.0,0.0,0.0,0.0,0.0,0.0,0.0,0.0,0.0,0.0,0.0,0.0,0.0,0.0,0.0,0.0,0.0,0.0,0.0,0.0,0.0,0.0,0.0,0.0,0.0,0.0,27.296777296777297,5.777777777777778,0.0,1.8876045409312754,2.152664100032521,0.0,0.7777777777777778,0.0,0.0,0.0,12.333333333333334,2.1595571095571096,8.635559440559458,15.091180177846846,14.593245802037469,14.635748420539727,15.645045745920747,20.215315548648885,0.0,0.0,2015,6
2015-07-01,7,0.0,0.0,0.0,0.0,0.0,0.0,0.0,0.0,0.0,0.0,0.0,0.0,0.0,0.0,0.0,0.0,0.0,0.0,0.0,0.0,0.0,0.0,0.0,0.0,0.0,0.0,0.0,0.0,0.0,0.0,0.0,0.0,0.0,0.0,0.0,0.0,0.0,0.0,0.0,0.0,0.0,0.0,0.0,0.0,0.0,0.0,0.0,0.0,0.0,0.0,0.0,0.0,0.0,0.0,0.0,0.0,0.0,0.0,0.0,0.0,0.0,0.0,0.0,0.0,0.0,0.0,18.140589569160998,5.714285714285714,0.0,1.8867720169355182,2.015857179578984,0.0,0.42857142857142855,0.0,0.0,0.0,11.714285714285714,2.251266870384517,0.22056586270874487,16.032247990105137,14.806948366712652,15.539004209078692,15.130067765567764,22.586943215514648,0.0,0.0,2015,7
2015-08-01,10,0.0,0.0,0.0,0.0,0.0,0.0,0.0,0.0,0.0,0.0,0.0,0.0,0.0,0.0,0.0,0.0,0.0,0.0,0.0,0.0,0.0,0.0,0.0,0.0,0.0,0.0,0.0,0.0,0.0,0.0,0.0,0.0,0.0,0.0,0.0,0.0,0.0,0.0,0.0,0.0,0.0,0.0,0.0,0.0,0.0,0.0,0.0,0.0,0.0,0.0,0.0,0.0,0.0,0.0,0.0,0.0,0.0,0.0,0.0,0.0,0.0,0.0,0.0,0.0,0.0,0.0,16.783216783216783,4.9,0.0,1.7889891815664072,2.06879329004329,0.0,0.5,0.0,0.0,9.09090909090909,10.4,2.168888888888889,-5.323068931068906,16.386695193695196,15.572915455655457,13.544733492875633,18.08320974025974,18.05203241203241,0.0,0.0,2015,8
2015-09-01,14,0.0,0.0,0.0,0.0,0.0,0.0,0.0,0.0,0.0,0.0,0.0,0.0,0.0,0.0,0.0,0.0,0.0,0.0,0.0,0.0,0.0,0.0,0.0,0.0,0.0,0.0,0.0,0.0,0.0,0.0,0.0,0.0,0.0,0.0,0.0,0.0,0.0,0.0,0.0,0.0,0.0,0.0,0.0,0.0,0.0,0.0,0.0,0.0,0.0,0.0,0.0,0.0,0.0,0.0,0.0,0.0,0.0,0.0,0.0,0.0,0.0,0.0,0.0,0.0,3.1055900621118013,0.0,7.142857142857143,5.428571428571429,0.0,1.876805782877533,1.8691130298273155,0.0,0.42857142857142855,0.0,0.0,0.0,11.071428571428571,2.388904349618635,-8.235632770590732,17.105248677559604,15.313792161549937,15.051417607927652,16.637222729255885,21.957352358192697,0.0,0.0,2015,9
2015-10-01,13,0.0,0.0,0.0,0.0,0.0,0.0,0.0,0.0,0.0,0.0,0.0,0.0,0.0,0.0,0.0,0.0,0.0,0.0,0.0,0.0,0.0,0.0,0.0,0.0,0.0,0.0,0.0,0.0,0.0,0.0,0.0,0.0,0.0,0.0,0.0,0.0,0.0,0.0,0.0,0.0,0.0,0.0,0.0,0.0,0.0,0.0,0.0,0.0,0.0,0.0,0.0,0.0,0.0,0.0,0.0,0.0,0.0,0.0,0.0,0.0,0.0,0.0,0.0,0.0,0.0,0.0,21.356275303643727,6.0,0.0,1.9162694391375124,2.147094572094572,0.0,0.38461538461538464,0.0,0.0,6.41025641025641,11.692307692307692,2.3589843916766995,-5.615592356361565,16.909064254833485,14.894696293023218,15.234631691870346,15.358613314036392,21.23974885513347,0.0024813895781637717,0.0,2015,10
2015-11-01,11,0.0,0.0,0.0,0.0,0.0,0.0,0.0,0.0,0.0,0.0,0.0,0.0,0.0,0.0,0.0,0.0,0.0,0.0,0.0,0.0,0.0,0.0,0.0,0.0,0.0,0.0,0.0,0.0,0.0,0.0,0.0,0.0,0.0,0.0,0.0,0.0,0.0,0.0,0.0,0.0,0.0,0.0,0.0,0.0,0.0,0.0,0.0,0.0,0.0,0.0,0.0,0.0,0.0,0.0,0.0,0.0,0.0,0.0,0.0,0.0,0.0,0.0,0.0,0.0,0.0,0.0,4.329004329004328,6.090909090909091,0.0,1.8712962512374192,1.9109282132009404,0.0,0.2727272727272727,0.0,0.0,0.0,11.272727272727273,1.9273991160354798,21.355976989517675,12.922966029186126,13.445928157408781,13.423014601630074,13.346331833238532,18.299240791106822,0.006493506493506493,0.0,2015,11
2015-12-01,11,0.0,0.0,0.0,0.0,0.0,0.0,0.0,0.0,0.0,0.0,0.0,0.0,0.0,0.0,0.0,0.0,0.0,0.0,0.0,0.0,0.0,0.0,0.0,0.0,0.0,0.0,0.0,0.0,0.0,0.0,0.0,0.0,0.0,0.0,0.0,0.0,0.0,0.0,0.0,0.0,0.0,0.0,0.0,0.0,0.0,0.0,0.0,0.0,0.0,0.0,0.0,0.0,0.0,0.0,0.0,0.0,0.0,0.0,0.0,0.0,0.0,0.0,0.0,0.0,0.0,0.0,6.4935064935064934,5.454545454545454,0.0,1.8477335619353552,1.8016150516150515,0.0,0.18181818181818182,0.0,0.0,0.0,10.090909090909092,2.196094562003653,7.05969757515214,14.713750542386908,14.550217171212626,14.007314180497586,13.640988852057035,19.387731460458735,0.0,0.0,2015,12
2016-01-01,14,0.0,2.976190476190476,0.0,0.0,0.0,0.0,0.0,0.0,0.0,0.0,0.0,0.0,0.0,0.0,0.0,0.0,0.0,0.0,0.0,0.0,0.0,0.0,0.0,2.976190476190476,0.0,0.0,0.0,0.0,0.0,0.0,0.0,0.0,0.0,0.0,0.0,0.0,0.0,0.0,0.0,0.0,0.0,0.0,0.0,0.0,0.0,0.0,0.0,0.0,0.0,0.0,0.0,0.0,0.0,0.0,0.0,0.0,0.0,0.0,0.0,0.0,0.0,0.0,0.0,0.0,0.0,0.0,18.398268398268396,6.214285714285714,0.0,1.8965602076742076,2.244896718188644,0.0,0.5,0.0,0.0,10.416666666666666,14.071428571428571,2.062911260582068,12.734164717270323,14.907922145142644,14.737262524302821,15.523266452860453,15.091102471674288,20.103491022435122,0.0,0.0,2016,1
2016-02-01,13,0.0,0.0,0.0,0.0,0.0,0.0,0.0,0.0,0.0,0.0,0.0,0.0,0.0,0.0,0.0,0.0,0.0,0.0,0.0,0.0,0.0,0.0,0.0,0.0,0.0,0.0,0.0,0.0,0.0,0.0,0.0,0.0,0.0,0.0,0.0,0.0,0.0,0.0,0.0,0.0,0.0,0.0,0.0,0.0,0.0,0.0,0.0,0.0,0.0,0.0,0.0,0.0,0.0,0.0,0.0,0.0,0.0,0.0,0.0,0.0,0.0,0.0,0.0,0.0,0.0,0.0,17.835111242444253,5.6923076923076925,0.0,1.9378659468498678,2.351711749788673,0.0,0.46153846153846156,0.0,0.0,0.0,12.0,2.3263532407763177,-9.038210059171575,17.405560486522027,15.182813447449986,15.618210846283395,17.300689630881937,21.497144735606277,0.0,0.0,2016,2
2016-03-01,18,8.903133903133904,0.0,0.0,0.0,0.0,0.0,0.0,0.0,0.0,4.273504273504274,0.0,0.0,0.0,0.0,0.0,0.0,0.0,4.62962962962963,0.0,0.0,0.0,0.0,0.0,0.0,0.0,0.0,0.0,0.0,0.0,0.0,0.0,0.0,0.0,0.0,0.0,0.0,0.0,0.0,0.0,0.0,0.0,0.0,0.0,0.0,0.0,0.0,0.0,0.0,0.0,0.0,0.0,0.0,0.0,0.0,0.0,0.0,0.0,0.0,0.0,0.0,0.0,0.0,0.0,0.0,0.0,0.0,17.657342657342657,5.5,0.0,1.8133060487959836,2.1703506738832825,0.0,0.3333333333333333,0.0,0.0,8.47953216374269,10.555555555555555,2.134025914172973,12.639134933693777,14.06350915424445,14.400861322700539,14.10807535698186,13.631367159800982,19.50054382799481,0.0,0.0,2016,3
2016-04-01,11,0.0,0.0,0.0,0.0,0.0,0.0,0.0,0.0,0.0,0.0,0.0,0.0,0.0,0.0,0.0,0.0,0.0,0.0,0.0,0.0,0.0,0.0,0.0,0.0,0.0,0.0,0.0,0.0,0.0,0.0,0.0,0.0,0.0,0.0,0.0,0.0,0.0,0.0,0.0,0.0,0.0,0.0,0.0,0.0,0.0,0.0,0.0,0.0,0.0,0.0,0.0,0.0,0.0,0.0,0.0,0.0,0.0,0.0,0.0,0.0,0.0,0.0,0.0,0.0,0.0,0.0,13.612056392805055,5.7272727272727275,0.0,1.8101390940335056,2.120613700025465,0.0,0.45454545454545453,0.0,0.0,0.0,11.0,2.1711274836274836,10.374515484515502,14.499827949827953,14.583895559995561,13.34464416497161,13.246651348651351,18.03789543789544,0.0,0.0,2016,4
2016-05-01,16,0.0,0.0,0.0,0.0,0.0,0.0,0.0,0.0,0.0,0.0,0.0,0.0,0.0,0.0,0.0,0.0,0.0,0.0,0.0,0.0,0.0,0.0,0.0,0.0,0.0,0.0,0.0,0.0,0.0,0.0,0.0,0.0,0.0,0.0,0.0,0.0,0.0,0.0,0.0,0.0,0.0,0.0,0.0,0.0,0.0,0.0,0.0,0.0,0.0,0.0,0.0,0.0,0.0,0.0,0.0,0.0,0.0,0.0,0.0,0.0,0.0,0.0,0.0,0.0,0.0,0.0,18.15678194354665,5.5,0.0,1.9074534722013083,2.1810730068542568,0.0,0.5,0.0,0.0,0.0,12.625,2.114001363220113,13.088319024725294,14.52359069749695,14.596157268772895,14.41484838899917,14.608368495583717,18.53185286935287,0.0,0.0,2016,5
2016-06-01,12,0.0,0.0,0.0,0.0,0.0,0.0,0.0,0.0,0.0,0.0,0.0,0.0,0.0,0.0,0.0,0.0,0.0,0.0,0.0,0.0,0.0,0.0,0.0,0.0,0.0,0.0,0.0,0.0,0.0,0.0,0.0,0.0,0.0,0.0,0.0,0.0,0.0,0.0,0.0,0.0,0.0,0.0,0.0,0.0,0.0,0.0,0.0,0.0,0.0,0.0,0.0,0.0,0.0,0.0,0.0,0.0,0.0,0.0,0.0,0.0,0.0,0.0,0.0,0.0,0.0,0.0,0.0,5.75,0.0,1.8656739484132754,2.082533996504585,0.0,0.5,0.0,0.0,15.985825768434466,12.0,2.059623315138021,16.975819253210577,13.810568354753139,14.317076565071403,14.192234543753726,12.80355546627286,17.948891004325787,0.0,0.0,2016,6
2016-07-01,13,0.0,0.0,2.958579881656805,0.0,0.0,0.0,0.0,0.0,0.0,0.0,0.0,0.0,0.0,0.0,0.0,0.0,0.0,0.0,0.0,0.0,0.0,0.0,0.0,0.0,0.0,0.0,0.0,0.0,0.0,0.0,0.0,0.0,2.958579881656805,0.0,0.0,0.0,0.0,0.0,0.0,0.0,0.0,0.0,0.0,0.0,0.0,0.0,0.0,0.0,0.0,0.0,0.0,0.0,0.0,0.0,0.0,0.0,0.0,0.0,0.0,0.0,0.0,0.0,0.0,0.0,0.0,0.0,29.526029526029525,6.3076923076923075,0.0,1.8766065765359794,1.9700285825285826,0.0,0.3076923076923077,0.0,0.0,5.128205128205129,12.923076923076923,2.0529106514400635,14.88730139829213,14.316860306875789,13.651660502122578,13.479355382011956,14.033443861633723,17.01773286912606,0.002958579881656805,0.0,2016,7
2016-08-01,14,0.0,0.0,0.0,0.0,0.0,0.0,0.0,0.0,0.0,0.0,0.0,0.0,0.0,0.0,0.0,0.0,0.0,0.0,0.0,0.0,0.0,0.0,0.0,0.0,0.0,0.0,0.0,0.0,0.0,0.0,0.0,0.0,0.0,0.0,0.0,0.0,0.0,0.0,0.0,0.0,0.0,0.0,0.0,0.0,0.0,0.0,0.0,0.0,0.0,0.0,0.0,0.0,0.0,0.0,0.0,0.0,0.0,0.0,0.0,0.0,0.0,0.0,0.0,0.0,0.0,5.494505494505495,0.0,6.214285714285714,0.0,1.7182800366316593,2.0428004348592586,0.0,0.21428571428571427,0.0,0.0,0.0,11.142857142857142,2.330854204456689,-14.106670363797672,17.85316104702751,15.002115788317964,14.300148357121234,18.60112747371676,20.05090747761555,0.0,0.0,2016,8
2016-09-01,20,0.0,0.0,2.631578947368421,0.0,0.0,0.0,0.0,0.0,0.0,0.0,0.0,0.0,0.0,0.0,0.0,0.0,0.0,0.0,0.0,0.0,0.0,0.0,0.0,0.0,0.0,0.0,0.0,0.0,0.0,0.0,0.0,0.0,2.631578947368421,0.0,0.0,0.0,0.0,0.0,0.0,0.0,0.0,0.0,0.0,0.0,0.0,0.0,0.0,0.0,0.0,0.0,0.0,0.0,0.0,0.0,0.0,0.0,0.0,0.0,0.0,0.0,0.0,0.0,0.0,0.0,0.0,0.0,8.98078529657477,6.5,0.0,1.8858568658872823,2.0186744932913667,0.0,0.35,0.0,0.0,0.0,12.35,2.266638577906666,-5.198734419991756,16.84136603021162,14.925233175403028,14.886445374454828,16.182597608396506,20.23861759155877,0.0,0.0020833333333333333,2016,9
2016-10-01,9,0.0,0.0,0.0,0.0,0.0,0.0,0.0,0.0,0.0,0.0,0.0,0.0,0.0,0.0,0.0,0.0,0.0,0.0,0.0,0.0,0.0,0.0,0.0,0.0,0.0,0.0,0.0,0.0,0.0,0.0,0.0,0.0,0.0,0.0,0.0,0.0,0.0,0.0,0.0,0.0,0.0,0.0,0.0,0.0,0.0,0.0,0.0,0.0,0.0,0.0,0.0,0.0,0.0,0.0,0.0,0.0,0.0,0.0,0.0,0.0,0.0,0.0,0.0,0.0,0.0,0.0,31.26503126503126,5.666666666666667,0.2357022603955158,1.8776186798502832,2.118046135151398,0.041247895569215265,0.6666666666666666,0.07856742013183862,0.2357022603955158,15.873015873015873,11.0,2.2044853294853293,11.533608642819198,14.43853265318178,14.649002178847793,14.243149790138878,14.546906749196223,19.51258449153186,0.0,0.0,2016,10
2016-11-01,19,0.0,0.0,2.7700831024930745,0.0,0.0,0.0,0.0,0.0,0.0,0.0,0.0,0.0,0.0,0.0,0.0,0.0,0.0,0.0,0.0,0.0,0.0,0.0,0.0,0.0,0.0,0.0,0.0,0.0,0.0,0.0,0.0,0.0,2.7700831024930745,0.0,0.0,0.0,0.0,0.0,0.0,0.0,0.0,0.0,0.0,0.0,0.0,0.0,0.0,0.0,0.0,0.0,0.0,0.0,0.0,0.0,0.0,0.0,0.0,0.0,0.0,0.0,0.0,0.0,0.0,0.0,0.0,0.0,9.674922600619194,5.526315789473684,0.0,1.7708349404597434,1.8484495190866381,0.0,0.3157894736842105,0.0,0.0,0.0,10.105263157894736,2.3084106682790893,0.8029417950470811,15.605460650460653,14.52158510027984,13.583062572497523,14.613294253991622,19.178878431510014,0.0,0.0,2016,11
2016-12-01,13,0.0,0.0,0.0,0.0,0.0,0.0,0.0,0.0,0.0,0.0,0.0,0.0,0.0,0.0,0.0,0.0,0.0,0.0,0.0,0.0,0.0,0.0,0.0,0.0,0.0,0.0,0.0,0.0,0.0,0.0,0.0,0.0,0.0,0.0,0.0,0.0,0.0,0.0,0.0,0.0,0.0,0.0,0.0,0.0,0.0,0.0,0.0,0.0,0.0,0.0,0.0,0.0,0.0,0.0,0.0,0.0,0.0,0.0,0.0,0.0,0.0,0.0,0.0,0.0,0.0,0.0,4.273504273504273,6.153846153846154,0.0,2.0024119263867908,1.923202236360131,0.0,0.46153846153846156,0.0,0.0,0.0,13.461538461538462,2.097011828900374,7.336417287166298,15.446496261273591,14.718183702959209,14.645540312118998,15.187028836716589,18.51844385933455,0.0,0.0,2016,12
2017-01-01,12,0.0,0.0,0.0,0.0,0.0,0.0,0.0,0.0,0.0,0.0,0.0,0.0,0.0,0.0,0.0,0.0,0.0,0.0,0.0,0.0,0.0,0.0,0.0,0.0,0.0,0.0,0.0,0.0,0.0,0.0,0.0,0.0,0.0,0.0,0.0,0.0,0.0,0.0,0.0,0.0,0.0,0.0,0.0,0.0,0.0,0.0,0.0,0.0,0.0,0.0,0.0,0.0,0.0,0.0,0.0,0.0,0.0,0.0,0.0,0.0,0.0,0.0,0.0,0.0,0.0,0.0,8.525149190110826,6.083333333333333,0.17677669529663687,1.864739264763,1.9506460540806516,0.0026784347772217682,0.25,0.05892556509887897,0.17677669529663687,0.0,11.041666666666666,2.1053291615791614,11.277804487179507,14.284440883190888,13.901316819291822,13.282166439775217,14.587772435897435,16.86892551892552,0.0,0.0,2017,1
2017-02-01,11,0.0,0.0,0.0,0.0,0.0,0.0,0.0,0.0,0.0,0.0,0.0,0.0,0.0,0.0,0.0,0.0,0.0,0.0,0.0,0.0,0.0,0.0,0.0,0.0,0.0,0.0,0.0,0.0,0.0,0.0,0.0,0.0,0.0,0.0,0.0,0.0,0.0,0.0,0.0,0.0,0.0,0.0,0.0,0.0,0.0,0.0,0.0,0.0,0.0,0.0,0.0,0.0,0.0,0.0,0.0,0.0,0.0,0.0,0.0,0.0,0.0,0.0,0.0,0.0,0.0,0.0,6.4935064935064934,5.7272727272727275,0.0,1.8389492826240643,2.0774441782242907,0.0,0.2727272727272727,0.0,0.0,0.0,12.454545454545455,2.064936074026983,14.454520025429135,14.224345906618636,14.319881032351487,14.901013040106443,14.406146588260224,19.26627110263474,0.004545454545454546,0.0,2017,2
2017-03-01,14,0.0,0.0,0.0,0.0,0.0,0.0,0.0,0.0,0.0,0.0,0.0,0.0,0.0,0.0,0.0,0.0,0.0,0.0,0.0,0.0,0.0,0.0,0.0,0.0,0.0,0.0,0.0,0.0,0.0,0.0,0.0,0.0,0.0,0.0,0.0,0.0,0.0,0.0,0.0,0.0,0.0,0.0,0.0,0.0,0.0,0.0,0.0,0.0,0.0,0.0,0.0,0.0,0.0,0.0,0.0,0.0,0.0,0.0,0.0,0.0,0.0,0.0,0.0,0.0,0.0,0.0,6.4935064935064934,5.142857142857143,0.0,1.7612682082850155,1.9792233560090704,0.0,0.35714285714285715,0.0,0.0,0.0,8.785714285714286,2.1557228485799915,5.799673183958924,14.544280639994927,14.85494105458034,12.567749805984176,14.404110734503593,16.83945261088118,0.0,0.0,2017,3
2017-04-01,7,0.0,0.0,0.0,0.0,0.0,0.0,0.0,0.0,0.0,0.0,0.0,0.0,0.0,0.0,0.0,0.0,0.0,0.0,0.0,0.0,0.0,0.0,0.0,0.0,0.0,0.0,0.0,0.0,0.0,0.0,0.0,0.0,0.0,0.0,0.0,0.0,0.0,0.0,0.0,0.0,0.0,0.0,0.0,0.0,0.0,0.0,0.0,0.0,0.0,0.0,0.0,0.0,0.0,0.0,0.0,0.0,0.0,0.0,0.0,0.0,0.0,0.0,0.0,0.0,0.0,0.0,10.204081632653061,4.857142857142857,0.0,1.8234917748859174,2.180398173255316,0.0,0.2857142857142857,0.0,0.0,0.0,9.428571428571429,2.3396940361226077,-9.92892250606533,16.880062477205335,16.026042064284923,14.227455462381714,15.483326292754864,20.653359339073624,0.0,0.0,2017,4
2017-05-01,13,4.048582995951417,0.0,0.0,0.0,0.0,0.0,0.0,0.0,0.0,0.0,0.0,0.0,0.0,0.0,0.0,0.0,0.0,4.048582995951417,0.0,0.0,0.0,0.0,0.0,0.0,0.0,0.0,0.0,0.0,0.0,0.0,0.0,0.0,0.0,0.0,0.0,0.0,0.0,0.0,0.0,0.0,0.0,0.0,0.0,0.0,0.0,0.0,0.0,0.0,0.0,0.0,0.0,0.0,0.0,0.0,0.0,0.0,0.0,0.0,0.0,0.0,0.0,0.0,0.0,0.0,0.0,0.0,7.6923076923076925,6.384615384615385,0.0,1.8080098405209617,2.0256262105219416,0.0,0.6923076923076923,0.0,0.0,4.8076923076923075,13.23076923076923,2.2449592074592073,-0.7820379620379404,16.636187146187147,14.295959385059387,15.443224913874015,15.49580729270729,20.93952713952714,0.004048582995951417,0.0,2017,5
2017-06-01,16,0.0,0.0,0.0,0.0,0.0,0.0,0.0,0.0,0.0,0.0,0.0,0.0,0.0,0.0,0.0,0.0,0.0,0.0,0.0,0.0,0.0,0.0,0.0,0.0,0.0,0.0,0.0,0.0,0.0,0.0,0.0,0.0,0.0,0.0,0.0,0.0,0.0,0.0,0.0,0.0,0.0,0.0,0.0,0.0,0.0,0.0,0.0,0.0,0.0,0.0,0.0,0.0,0.0,0.0,0.0,0.0,0.0,0.0,0.0,0.0,0.0,0.0,0.0,0.0,4.166666666666667,0.0,0.0,5.5625,0.0,1.7761545245045232,1.9904539088362618,0.0,0.25,0.0,0.0,0.0,10.5,2.241902697083618,-4.23585291353381,16.34994830827068,15.207882780267978,14.590477149229748,16.531731844635626,21.879600443416233,0.0,0.0,2017,6
2017-07-01,7,0.0,0.0,0.0,0.0,0.0,0.0,0.0,0.0,0.0,0.0,0.0,0.0,0.0,0.0,0.0,0.0,0.0,0.0,0.0,0.0,0.0,0.0,0.0,0.0,0.0,0.0,0.0,0.0,0.0,0.0,0.0,0.0,0.0,0.0,0.0,0.0,0.0,0.0,0.0,0.0,0.0,0.0,0.0,0.0,0.0,0.0,0.0,0.0,0.0,0.0,0.0,0.0,0.0,0.0,0.0,0.0,0.0,0.0,0.0,0.0,0.0,0.0,0.0,0.0,0.0,0.0,32.41057188425609,6.0,0.0,1.8712459687608438,1.908390022675737,0.0,0.42857142857142855,0.0,0.0,14.285714285714286,11.714285714285714,2.2255997135696384,6.65926423200861,15.240648048693162,13.841532629192029,14.64794139851269,13.736415714611203,18.981019648688825,0.0,0.0,2017,7
2017-08-01,13,0.0,0.0,0.0,0.0,0.0,0.0,0.0,0.0,0.0,0.0,0.0,0.0,0.0,0.0,0.0,0.0,0.0,0.0,0.0,0.0,0.0,0.0,0.0,0.0,0.0,0.0,0.0,0.0,0.0,0.0,0.0,0.0,0.0,0.0,0.0,0.0,0.0,0.0,0.0,0.0,0.0,0.0,0.0,0.0,0.0,0.0,0.0,0.0,0.0,0.0,0.0,0.0,0.0,0.0,0.0,0.0,0.0,0.0,0.0,0.0,0.0,0.0,0.0,0.0,0.0,0.0,16.219357565511412,6.461538461538462,0.0,1.9022762356777216,2.0867355934663627,0.0,0.15384615384615385,0.0,0.0,0.0,12.076923076923077,2.1148492533107914,9.653062921241673,14.836723175015031,14.649818613965222,14.313395845986548,14.383416815085367,18.20768025338161,0.0,0.0,2017,8
2017-09-01,10,0.0,0.0,0.0,0.0,0.0,0.0,0.0,0.0,0.0,0.0,0.0,0.0,0.0,0.0,0.0,0.0,0.0,0.0,0.0,0.0,0.0,0.0,0.0,0.0,0.0,0.0,0.0,0.0,0.0,0.0,0.0,0.0,0.0,0.0,0.0,0.0,0.0,0.0,0.0,0.0,0.0,0.0,0.0,0.0,0.0,0.0,0.0,0.0,0.0,0.0,0.0,0.0,0.0,0.0,0.0,0.0,0.0,0.0,0.0,0.0,0.0,0.0,0.0,0.0,0.0,0.0,4.166666666666666,6.4,0.0,1.94760843656517,1.9747899322899323,0.0,0.4,0.0,0.0,4.166666666666666,12.9,2.2460518225735617,2.173470355731246,16.136047870004393,14.854885317146621,16.025024716121727,16.678938796348582,22.02812472551603,0.0,0.0,2017,9
2017-10-01,18,0.0,0.0,0.0,0.0,0.0,0.0,0.0,0.0,0.0,0.0,0.0,0.0,0.0,0.0,0.0,0.0,0.0,0.0,0.0,0.0,0.0,0.0,0.0,0.0,0.0,0.0,0.0,0.0,0.0,0.0,0.0,0.0,0.0,0.0,0.0,0.0,0.0,0.0,0.0,0.0,0.0,0.0,0.0,0.0,0.0,0.0,0.0,0.0,0.0,0.0,0.0,0.0,0.0,0.0,0.0,0.0,0.0,0.0,0.0,0.0,0.0,0.0,0.0,0.0,0.0,0.0,6.117724867724868,5.666666666666667,0.19641855032959654,1.8057362174306784,2.0278626194067373,0.04583099507690585,0.4444444444444444,0.03928371006591931,0.19641855032959654,0.0,10.277777777777779,2.3375074000074,-7.29737449684816,16.74764075593023,15.071476768772165,14.857388193801958,15.640495408830937,22.13244426139163,0.003968253968253968,0.0,2017,10
2017-11-01,13,0.0,0.0,5.128205128205129,0.0,0.0,0.0,0.0,0.0,0.0,0.0,0.0,0.0,0.0,0.0,0.0,0.0,0.0,0.0,0.0,0.0,0.0,0.0,0.0,0.0,0.0,0.0,0.0,0.0,0.0,0.0,5.128205128205129,0.0,0.0,0.0,0.0,0.0,0.0,0.0,0.0,0.0,0.0,0.0,0.0,0.0,0.0,0.0,0.0,0.0,0.0,0.0,0.0,0.0,0.0,0.0,0.0,0.0,0.0,0.0,0.0,0.0,0.0,0.0,0.0,0.0,0.0,0.0,8.547008547008547,5.615384615384615,0.0,1.7252059723048752,1.8395416549262704,0.0,0.23076923076923078,0.0,0.0,0.0,10.384615384615385,2.1063337921637517,7.924430569430589,14.561867021867023,14.904530391830393,13.953331701730963,15.017357475857475,19.622288822288823,0.0,0.005128205128205128,2017,11
2017-12-01,7,0.0,0.0,0.0,0.0,0.0,0.0,0.0,0.0,0.0,0.0,0.0,0.0,0.0,0.0,0.0,0.0,0.0,0.0,0.0,0.0,0.0,0.0,0.0,0.0,0.0,0.0,0.0,0.0,0.0,0.0,0.0,0.0,0.0,0.0,0.0,0.0,0.0,0.0,0.0,0.0,0.0,0.0,0.0,0.0,0.0,0.0,0.0,0.0,0.0,0.0,0.0,0.0,0.0,0.0,0.0,0.0,0.0,0.0,0.0,0.0,0.0,0.0,0.0,0.0,0.0,0.0,9.523809523809524,6.714285714285714,0.0,1.8611498442512757,2.1103163992869876,0.0,0.5714285714285714,0.0,0.0,23.809523809523807,12.285714285714286,2.119890520310688,9.293784744667121,14.87318537671479,14.000245340187359,14.128236748753674,15.11240793240373,18.800734652835494,0.0,0.0,2017,12
2018-01-01,16,5.681818181818182,0.0,0.0,0.0,0.0,0.0,0.0,0.0,0.0,0.0,0.0,0.0,0.0,0.0,0.0,0.0,0.0,0.0,5.681818181818182,0.0,0.0,0.0,0.0,0.0,0.0,0.0,0.0,0.0,0.0,0.0,0.0,0.0,0.0,0.0,0.0,0.0,0.0,0.0,0.0,0.0,0.0,0.0,0.0,0.0,0.0,0.0,0.0,0.0,0.0,0.0,0.0,0.0,0.0,0.0,0.0,0.0,0.0,0.0,0.0,0.0,0.0,0.0,0.0,0.0,0.0,0.0,4.166666666666667,6.25,0.08838834764831845,1.858260884374152,1.9748817155067155,0.011048543456039806,0.3125,0.04419417382415922,0.08838834764831845,3.289473684210526,11.09375,2.303668161151714,-0.8428999125873986,16.086310581779333,15.095950078046954,14.882962735406679,15.300719127226937,20.607317682317685,0.0,0.0,2018,1
2018-02-01,11,9.090909090909092,0.0,0.0,0.0,0.0,0.0,0.0,0.0,0.0,0.0,0.0,0.0,9.090909090909092,0.0,0.0,0.0,0.0,0.0,0.0,0.0,0.0,0.0,0.0,0.0,0.0,0.0,0.0,0.0,0.0,0.0,0.0,0.0,0.0,0.0,0.0,0.0,0.0,0.0,0.0,0.0,0.0,0.0,0.0,0.0,0.0,0.0,0.0,0.0,0.0,0.0,0.0,0.0,0.0,0.0,0.0,0.0,0.0,0.0,0.0,0.0,0.0,0.0,0.0,0.0,0.0,0.0,22.348484848484848,6.0,0.0,1.8208618690079943,1.7936729936729938,0.0,0.18181818181818182,0.0,0.0,0.0,10.090909090909092,2.2179063360881544,1.2050154391063652,15.53036105308833,15.093029790411608,13.207307105560387,17.513150531286893,18.493211838666387,0.0,0.0,2018,2
2018-03-01,12,5.9523809523809526,0.0,0.0,0.0,0.0,0.0,0.0,0.0,0.0,0.0,0.0,0.0,0.0,0.0,0.0,0.0,0.0,5.9523809523809526,0.0,0.0,0.0,0.0,0.0,0.0,0.0,0.0,0.0,0.0,0.0,0.0,0.0,0.0,0.0,0.0,0.0,0.0,0.0,0.0,0.0,0.0,0.0,0.0,0.0,0.0,0.0,0.0,0.0,0.0,0.0,0.0,0.0,0.0,0.0,0.0,0.0,0.0,0.0,0.0,0.0,0.0,0.0,0.0,0.0,0.0,0.0,0.0,0.0,6.166666666666667,0.0,1.7751126603940814,1.8270979020979021,0.0,0.3333333333333333,0.0,0.0,0.0,11.083333333333334,2.3020040145040146,-4.522534965034947,16.540026547526548,14.962812425537427,15.255229157304727,15.429462461149962,22.179513079513082,0.0,0.0,2018,3
2018-04-01,7,0.0,0.0,0.0,0.0,0.0,0.0,0.0,0.0,0.0,0.0,0.0,0.0,0.0,0.0,0.0,0.0,0.0,0.0,0.0,0.0,0.0,0.0,0.0,0.0,0.0,0.0,0.0,0.0,0.0,0.0,0.0,0.0,0.0,0.0,0.0,0.0,0.0,0.0,0.0,0.0,0.0,0.0,0.0,0.0,0.0,0.0,0.0,0.0,0.0,0.0,0.0,0.0,0.0,0.0,0.0,0.0,0.0,0.0,0.0,0.0,0.0,0.0,0.0,0.0,0.0,0.0,0.0,6.285714285714286,0.0,1.790663597482095,1.8552080272668507,0.0,0.2857142857142857,0.0,0.0,0.0,11.428571428571429,2.410805860805861,-9.326363636363615,17.363852813852816,15.348386147186147,15.043562073064411,15.544891774891775,21.853391053391054,0.0,0.0,2018,4
2018-05-01,14,0.0,0.0,0.0,0.0,0.0,0.0,0.0,0.0,0.0,0.0,0.0,0.0,0.0,0.0,0.0,0.0,0.0,0.0,0.0,0.0,0.0,0.0,0.0,0.0,0.0,0.0,0.0,0.0,0.0,0.0,0.0,0.0,0.0,0.0,0.0,0.0,0.0,0.0,0.0,0.0,0.0,0.0,0.0,0.0,0.0,0.0,0.0,0.0,0.0,0.0,0.0,0.0,0.0,0.0,0.0,0.0,0.0,0.0,0.0,0.0,0.0,0.0,0.0,0.0,0.0,0.0,0.0,5.857142857142857,0.0,1.7742491812187977,1.81073569287855,0.0,0.5714285714285714,0.0,0.0,4.761904761904762,11.428571428571429,2.2701289781646925,1.5662507849293783,15.862296834118265,14.522217873792874,14.545949626584887,14.806633721635508,20.823899909614198,0.005494505494505495,0.0,2018,5
2018-06-01,11,0.0,0.0,0.0,0.0,0.0,0.0,0.0,0.0,0.0,0.0,0.0,0.0,0.0,0.0,0.0,0.0,0.0,0.0,0.0,0.0,0.0,0.0,0.0,0.0,0.0,0.0,0.0,0.0,0.0,0.0,0.0,0.0,0.0,0.0,0.0,0.0,0.0,0.0,0.0,0.0,0.0,0.0,0.0,0.0,0.0,0.0,0.0,0.0,0.0,0.0,0.0,0.0,0.0,0.0,0.0,0.0,0.0,0.0,0.0,0.0,0.0,0.0,0.0,0.0,0.0,0.0,23.95302066354698,7.545454545454546,0.0,2.076841756767226,2.279837603108354,0.0,0.7272727272727273,0.0,0.0,4.784688995215311,14.636363636363637,2.254186091686092,-4.27988937533053,17.40202841276371,14.7823703631336,15.66431766199414,17.88646805400482,20.651354527825116,0.0,0.0,2018,6
2018-07-01,5,0.0,0.0,0.0,0.0,0.0,0.0,0.0,0.0,0.0,0.0,0.0,0.0,0.0,0.0,0.0,0.0,0.0,0.0,0.0,0.0,0.0,0.0,0.0,0.0,0.0,0.0,0.0,0.0,0.0,0.0,0.0,0.0,0.0,0.0,0.0,0.0,0.0,0.0,0.0,0.0,0.0,0.0,0.0,0.0,0.0,0.0,0.0,0.0,0.0,0.0,0.0,0.0,0.0,0.0,0.0,0.0,0.0,0.0,0.0,0.0,0.0,0.0,0.0,0.0,0.0,0.0,0.0,5.0,0.0,1.6618285312864665,2.271010101010101,0.0,0.6,0.0,0.0,0.0,10.2,2.399040404040404,-30.762818181818165,19.885343434343433,15.691274965034967,14.725585711739887,18.429674242424245,23.303123543123544,0.0,0.0,2018,7
2018-08-01,15,6.0606060606060606,9.523809523809524,4.761904761904762,0.0,0.0,0.0,0.0,0.0,0.0,0.0,0.0,0.0,0.0,0.0,0.0,0.0,0.0,6.0606060606060606,0.0,0.0,0.0,0.0,0.0,9.523809523809524,0.0,0.0,0.0,0.0,0.0,0.0,0.0,0.0,4.761904761904762,0.0,0.0,0.0,0.0,0.0,0.0,0.0,0.0,0.0,0.0,0.0,0.0,0.0,0.0,0.0,0.0,0.0,0.0,0.0,0.0,0.0,0.0,0.0,0.0,0.0,0.0,0.0,0.0,0.0,0.0,0.0,0.0,0.0,10.317460317460318,5.666666666666667,0.0,1.880408223920903,1.9141621341621342,0.0,0.26666666666666666,0.0,0.0,0.0,11.2,2.1956084656084656,4.065329004329025,15.441563251563254,15.32785482903062,14.253536557724745,15.353087311518891,19.417391341601867,0.0,0.0,2018,8
2018-09-01,13,0.0,0.0,0.0,0.0,0.0,0.0,0.0,0.0,0.0,0.0,0.0,0.0,0.0,0.0,0.0,0.0,0.0,0.0,0.0,0.0,0.0,0.0,0.0,0.0,0.0,0.0,0.0,0.0,0.0,0.0,0.0,0.0,0.0,0.0,0.0,0.0,0.0,0.0,0.0,0.0,0.0,0.0,0.0,0.0,0.0,0.0,0.0,0.0,0.0,0.0,0.0,0.0,0.0,0.0,0.0,0.0,0.0,0.0,0.0,0.0,0.0,0.0,0.0,0.0,0.0,0.0,20.121473967627814,6.6923076923076925,0.0,1.9390013830676667,1.9983138319170708,0.0,0.6923076923076923,0.0,0.0,5.91715976331361,14.538461538461538,2.1587480895173203,9.246944593867685,15.58132269439962,14.212086736767507,15.63172190939706,15.247009493711415,19.696371150217303,0.0,0.0,2018,9
2018-10-01,11,0.0,0.0,0.0,0.0,0.0,0.0,0.0,0.0,0.0,0.0,0.0,0.0,0.0,0.0,0.0,0.0,0.0,0.0,0.0,0.0,0.0,0.0,0.0,0.0,0.0,0.0,0.0,0.0,0.0,0.0,0.0,0.0,0.0,0.0,0.0,0.0,0.0,0.0,0.0,0.0,0.0,0.0,0.0,0.0,0.0,0.0,0.0,0.0,0.0,0.0,0.0,0.0,0.0,0.0,0.0,0.0,0.0,0.0,0.0,0.0,0.0,0.0,0.0,0.0,0.0,0.0,10.1010101010101,6.2727272727272725,0.0642824346533225,1.8838617424232675,1.9716871512326057,0.044997704257325764,0.45454545454545453,0.0642824346533225,0.0642824346533225,10.1010101010101,11.0,2.2124947022674295,-2.9620954045953867,16.247095404595406,14.086173462648464,14.593378432828585,16.644618672993673,19.52069042069042,0.0,0.0,2018,10
2018-11-01,9,9.25925925925926,0.0,0.0,0.0,0.0,0.0,0.0,0.0,0.0,9.25925925925926,0.0,0.0,0.0,0.0,0.0,0.0,0.0,0.0,0.0,0.0,0.0,0.0,0.0,0.0,0.0,0.0,0.0,0.0,0.0,0.0,0.0,0.0,0.0,0.0,0.0,0.0,0.0,0.0,0.0,0.0,0.0,0.0,0.0,0.0,0.0,0.0,0.0,0.0,0.0,0.0,0.0,0.0,0.0,0.0,0.0,0.0,0.0,0.0,0.0,0.0,0.0,0.0,0.0,0.0,0.0,0.0,16.203703703703702,6.111111111111111,0.0,1.7583194148555026,1.9199687506877048,0.0,0.3333333333333333,0.0,0.0,6.5359477124183005,12.88888888888889,2.0349800919245364,12.009826284826302,14.592934657934657,14.53871531061531,13.678919191526612,16.119988206238204,17.43992303992304,0.0,0.0,2018,11
2018-12-01,9,0.0,0.0,0.0,0.0,0.0,0.0,0.0,0.0,0.0,0.0,0.0,0.0,0.0,0.0,0.0,0.0,0.0,0.0,0.0,0.0,0.0,0.0,0.0,0.0,0.0,0.0,0.0,0.0,0.0,0.0,0.0,0.0,0.0,0.0,0.0,0.0,0.0,0.0,0.0,0.0,0.0,0.0,0.0,0.0,0.0,0.0,0.0,0.0,0.0,0.0,0.0,0.0,0.0,0.0,0.0,0.0,0.0,0.0,0.0,0.0,0.0,0.0,0.0,0.0,9.25925925925926,0.0,12.5,6.444444444444445,0.0,1.9702351737027162,2.0430695847362514,0.0,0.4444444444444444,0.0,0.0,0.0,12.444444444444445,2.2105133657765235,3.0426735356147296,15.843672275436981,14.728602278766987,14.62007728285944,14.580670648795648,17.799241281594224,0.0,0.0,2018,12
2019-01-01,16,0.0,0.0,0.0,0.0,0.0,0.0,0.0,0.0,0.0,0.0,0.0,0.0,0.0,0.0,0.0,0.0,0.0,0.0,0.0,0.0,0.0,0.0,0.0,0.0,0.0,0.0,0.0,0.0,0.0,0.0,0.0,0.0,0.0,0.0,0.0,0.0,0.0,0.0,0.0,0.0,0.0,0.0,0.0,0.0,0.0,0.0,0.0,0.0,0.0,0.0,0.0,0.0,0.0,0.0,0.0,0.0,0.0,0.0,0.0,0.0,0.0,0.0,0.0,0.0,0.0,0.0,4.464285714285714,6.1875,0.0,1.8069795301663658,1.9732600732600734,0.0,0.5,0.0,0.0,0.0,11.5,2.2953713820901323,-4.592938155594382,16.6947626505439,14.359793120941559,15.261969065429527,15.056587667540793,20.965489371739373,0.0,0.0,2019,1
2019-02-01,9,0.0,0.0,0.0,0.0,0.0,0.0,0.0,0.0,0.0,0.0,0.0,0.0,0.0,0.0,0.0,0.0,0.0,0.0,0.0,0.0,0.0,0.0,0.0,0.0,0.0,0.0,0.0,0.0,0.0,0.0,0.0,0.0,0.0,0.0,0.0,0.0,0.0,0.0,0.0,0.0,0.0,0.0,0.0,0.0,0.0,0.0,0.0,0.0,0.0,0.0,0.0,0.0,0.0,0.0,0.0,0.0,0.0,0.0,0.0,0.0,0.0,0.0,0.0,0.0,0.0,0.0,0.0,5.666666666666667,0.0,1.874104146158351,2.103367003367003,0.0,0.2222222222222222,0.0,0.0,0.0,11.0,2.2533189033189034,1.245216450216481,15.735541125541127,15.229959163059164,13.715616126163,15.617559884559885,18.130383197049863,0.0,0.0,2019,2
2019-03-01,14,0.0,0.0,0.0,0.0,0.0,0.0,0.0,0.0,0.0,0.0,0.0,0.0,0.0,0.0,0.0,0.0,0.0,0.0,0.0,0.0,0.0,0.0,0.0,0.0,0.0,0.0,0.0,0.0,0.0,0.0,0.0,0.0,0.0,0.0,0.0,0.0,0.0,0.0,0.0,0.0,0.0,0.0,0.0,0.0,0.0,0.0,0.0,0.0,0.0,0.0,0.0,0.0,0.0,0.0,0.0,0.0,0.0,0.0,0.0,0.0,0.0,0.0,0.0,0.0,0.0,0.0,17.998866213151928,5.214285714285714,0.0,1.873578952929657,2.228068022080627,0.011223917161691235,0.42857142857142855,0.0,0.0,0.0,11.642857142857142,2.0982449390012414,12.605510204081655,14.331414399092973,14.940775645386362,14.445087357788385,15.388320447409734,18.60301761730333,0.0047619047619047615,0.0,2019,3
2019-04-01,9,0.0,0.0,0.0,0.0,0.0,4.830917874396135,0.0,0.0,0.0,0.0,0.0,0.0,0.0,0.0,0.0,0.0,0.0,0.0,0.0,0.0,0.0,0.0,0.0,0.0,0.0,0.0,0.0,0.0,0.0,0.0,0.0,0.0,0.0,0.0,0.0,0.0,0.0,0.0,0.0,0.0,0.0,0.0,0.0,0.0,0.0,0.0,0.0,0.0,4.830917874396135,0.0,0.0,0.0,0.0,0.0,0.0,0.0,0.0,0.0,0.0,0.0,0.0,0.0,0.0,0.0,0.0,0.0,35.985719862531454,7.0,0.0,2.10864016920503,2.3374762583095916,0.0,0.4444444444444444,0.0,0.0,0.0,14.777777777777779,2.2485589860202864,1.8214255283760206,16.70408932083855,15.880231519409385,15.818733322075794,17.273726910129778,20.08383628755146,0.0,0.0,2019,4
2019-05-01,11,0.0,0.0,0.0,0.0,0.0,0.0,0.0,0.0,0.0,0.0,0.0,0.0,0.0,0.0,0.0,0.0,0.0,0.0,0.0,0.0,0.0,0.0,0.0,0.0,0.0,0.0,0.0,0.0,0.0,0.0,0.0,0.0,0.0,0.0,0.0,0.0,0.0,0.0,0.0,0.0,0.0,0.0,0.0,0.0,0.0,0.0,0.0,0.0,0.0,0.0,0.0,0.0,0.0,0.0,0.0,0.0,0.0,0.0,0.0,0.0,0.0,0.0,0.0,0.0,0.0,0.0,0.0,6.545454545454546,0.0,1.8719227612175837,1.8907774266731485,0.0,0.36363636363636365,0.0,0.0,0.0,11.363636363636363,2.0331508360920125,20.29059622195988,13.207071362980457,14.344977354211448,13.266767602256772,12.796858573244936,17.29051049960141,0.0,0.0,2019,5
2019-06-01,9,0.0,0.0,0.0,0.0,0.0,0.0,0.0,0.0,0.0,0.0,0.0,0.0,0.0,0.0,0.0,0.0,0.0,0.0,0.0,0.0,0.0,0.0,0.0,0.0,0.0,0.0,0.0,0.0,0.0,0.0,0.0,0.0,0.0,0.0,0.0,0.0,0.0,0.0,0.0,0.0,0.0,0.0,0.0,0.0,0.0,0.0,0.0,0.0,0.0,0.0,0.0,0.0,0.0,0.0,0.0,0.0,0.0,0.0,0.0,0.0,0.0,0.0,0.0,0.0,0.0,0.0,0.0,6.333333333333333,0.0,1.8536475844052687,1.9370000914118561,0.019641855032959656,0.1111111111111111,0.0,0.0,0.0,12.166666666666666,2.2308751615124165,-5.859589169000909,16.961145087664697,14.43473244890549,14.479508111782176,15.948399704326173,19.24974582425563,0.0,0.0,2019,6
2019-07-01,10,0.0,0.0,0.0,0.0,0.0,0.0,0.0,0.0,0.0,0.0,0.0,0.0,0.0,0.0,0.0,0.0,0.0,0.0,0.0,0.0,0.0,0.0,0.0,0.0,0.0,0.0,0.0,0.0,0.0,0.0,0.0,0.0,0.0,0.0,0.0,0.0,0.0,0.0,0.0,0.0,0.0,0.0,0.0,0.0,0.0,0.0,0.0,0.0,0.0,0.0,0.0,0.0,0.0,0.0,0.0,0.0,0.0,0.0,0.0,0.0,0.0,0.0,0.0,0.0,0.0,0.0,13.438735177865613,5.5,0.0,1.7382311974786506,1.6647412008281575,0.0,0.1,0.0,0.0,0.0,9.8,2.3200829725829726,-7.7326428571428405,16.64825396825397,15.818722063492064,14.00505568350988,17.375723809523812,21.123174603174604,0.0,0.0,2019,7
2019-08-01,15,8.270676691729323,0.0,0.0,0.0,0.0,0.0,0.0,0.0,0.0,0.0,0.0,0.0,0.0,0.0,0.0,0.0,0.0,8.270676691729323,0.0,0.0,0.0,0.0,0.0,0.0,0.0,0.0,0.0,0.0,0.0,0.0,0.0,0.0,0.0,0.0,0.0,0.0,0.0,0.0,0.0,0.0,0.0,0.0,0.0,0.0,0.0,0.0,0.0,0.0,0.0,0.0,0.0,0.0,0.0,0.0,0.0,0.0,0.0,0.0,0.0,0.0,0.0,0.0,0.0,0.0,8.333333333333334,0.0,25.350140056022404,5.666666666666667,0.0,1.9396587630748199,2.212601886131298,0.0,0.4666666666666667,0.0,0.0,0.0,12.066666666666666,2.1051525326525327,0.8041038961039144,15.913000481000484,14.83727386909387,13.9258865034244,17.377187129537127,19.004485884485884,0.005128205128205128,0.0,2019,8
2019-09-01,11,0.0,0.0,0.0,0.0,0.0,0.0,0.0,0.0,0.0,0.0,0.0,0.0,0.0,0.0,0.0,0.0,0.0,0.0,0.0,0.0,0.0,0.0,0.0,0.0,0.0,0.0,0.0,0.0,0.0,0.0,0.0,0.0,0.0,0.0,0.0,0.0,0.0,0.0,0.0,0.0,0.0,0.0,0.0,0.0,0.0,0.0,0.0,0.0,0.0,0.0,0.0,0.0,0.0,0.0,0.0,0.0,0.0,0.0,0.0,0.0,0.0,0.0,0.0,0.0,0.0,0.0,15.840220385674932,5.818181818181818,0.0,1.8962148231834726,1.9788534697625606,0.0,0.2727272727272727,0.0,0.0,0.0,11.545454545454545,2.149781279326734,13.037307318350116,14.309096830086135,13.575926363654172,14.604435599285335,13.554585116754902,18.808284051064803,0.0,0.0,2019,9
2019-10-01,19,6.683375104427736,0.0,0.0,0.0,0.0,0.0,0.0,0.0,0.0,0.0,3.7593984962406015,0.0,0.0,0.0,0.0,0.0,0.0,2.923976608187134,0.0,0.0,0.0,0.0,0.0,0.0,0.0,0.0,0.0,0.0,0.0,0.0,0.0,0.0,0.0,0.0,0.0,0.0,0.0,0.0,0.0,0.0,0.0,0.0,0.0,0.0,0.0,0.0,0.0,0.0,0.0,0.0,0.0,0.0,0.0,0.0,0.0,0.0,0.0,0.0,0.0,0.0,0.0,0.0,0.0,0.0,0.0,0.0,12.74018379281537,6.052631578947368,0.0,1.8157006776956177,1.8891337936229577,0.0,0.5789473684210527,0.0,0.0,0.0,11.526315789473685,2.1614072975528082,4.417136547662886,15.389006461374885,14.236602977431927,13.951700597397908,13.754625845645583,18.806702069859966,0.0,0.0,2019,10
2019-11-01,16,3.125,0.0,0.0,0.0,0.0,0.0,0.0,0.0,0.0,0.0,0.0,0.0,3.125,0.0,0.0,0.0,0.0,0.0,0.0,0.0,0.0,0.0,0.0,0.0,0.0,0.0,0.0,0.0,0.0,0.0,0.0,0.0,0.0,0.0,0.0,0.0,0.0,0.0,0.0,0.0,0.0,0.0,0.0,0.0,0.0,0.0,0.0,0.0,0.0,0.0,0.0,0.0,0.0,0.0,0.0,0.0,0.0,0.0,0.0,0.0,0.0,0.0,0.0,0.0,0.0,0.0,7.291666666666667,6.5,0.0,1.9024999252546932,2.114369064780249,0.03893296265461646,0.5,0.0,0.0,4.166666666666667,12.9375,2.184265619625043,6.862078019213774,15.485186665168769,14.745880295838816,15.27981981694335,15.63747964819784,20.145727251764406,0.0,0.0,2019,11
2019-12-01,10,21.907993966817497,0.0,0.0,0.0,0.0,0.0,0.0,0.0,0.0,0.0,7.692307692307693,0.0,0.0,0.0,0.0,0.0,0.0,8.333333333333332,5.88235294117647,0.0,0.0,0.0,0.0,0.0,0.0,0.0,0.0,0.0,0.0,0.0,0.0,0.0,0.0,0.0,0.0,0.0,0.0,0.0,0.0,0.0,0.0,0.0,0.0,0.0,0.0,0.0,0.0,0.0,0.0,0.0,0.0,0.0,0.0,0.0,0.0,0.0,0.0,0.0,0.0,0.0,0.0,0.0,0.0,0.0,0.0,0.0,9.728506787330318,6.3,0.0,1.957676721105755,2.236698897507721,0.07071067811865474,0.4,0.0,0.0,0.0,13.45,2.1461887148798913,-4.428285291434884,16.957488964999197,14.092488179218481,14.395011336310105,17.07797594077917,19.420667848775267,0.0,0.0,2019,12
2020-01-01,16,0.0,0.0,3.125,0.0,0.0,0.0,0.0,0.0,0.0,0.0,0.0,0.0,0.0,0.0,0.0,0.0,0.0,0.0,0.0,0.0,0.0,0.0,0.0,0.0,0.0,0.0,0.0,0.0,3.125,0.0,0.0,0.0,0.0,0.0,0.0,0.0,0.0,0.0,0.0,0.0,0.0,0.0,0.0,0.0,0.0,0.0,0.0,0.0,0.0,0.0,0.0,0.0,0.0,0.0,0.0,0.0,0.0,0.0,0.0,0.0,0.0,0.0,0.0,0.0,0.0,0.0,14.623917748917748,6.4375,0.0,1.9630583902836545,2.3459729663956765,0.0,0.5,0.0,0.0,3.125,13.6875,2.344174767118846,-6.1925477318733755,17.50789229593506,14.549376730469824,16.232950773475157,16.555395924251187,21.332265030291346,0.002976190476190476,0.0,2020,1
2020-02-01,40,4.583333333333333,0.0,6.3316993464052285,0.0,0.0,0.0,0.0,0.0,0.0,0.0,0.0,0.0,2.083333333333333,0.0,0.0,0.0,0.0,0.0,2.5,0.0,0.0,0.0,0.0,0.0,0.0,0.0,0.0,0.0,0.0,0.0,2.7777777777777777,0.0,3.5539215686274503,0.0,0.0,0.0,0.0,0.0,0.0,0.0,0.0,0.0,0.0,0.0,0.0,0.0,0.0,0.0,0.0,0.0,0.0,0.0,0.0,0.0,0.0,0.0,0.0,0.0,0.0,0.0,0.0,0.0,0.0,0.0,0.0,0.0,5.286377708978328,5.875,0.0,1.92844124658795,2.085209315538263,0.0,0.35,0.0,0.0,2.5575447570332477,11.875,2.1983560999186,13.550072191555268,14.362919599759437,14.23929973251333,13.778640075663898,14.958304416824117,17.304496591785597,0.0,0.004340277777777778,2020,2
2020-03-01,160,1.0819327731092436,0.0,2.2581901793858314,0.0,0.0,0.0,0.0,0.0,0.0,0.0,0.0,0.0,0.7142857142857142,0.0,0.0,0.0,0.0,0.3676470588235294,0.0,0.0,0.0,0.0,0.0,0.0,0.0,0.0,0.0,0.0,0.0,0.0,0.48076923076923084,0.0,1.7774209486166008,0.0,0.0,0.0,0.0,0.0,0.0,0.0,0.0,0.0,0.0,0.0,0.0,0.0,0.0,0.0,0.0,0.0,0.0,0.0,0.0,0.0,0.0,0.0,0.0,0.0,0.0,0.0,0.0,0.0,0.0,0.0,0.3125,0.5208333333333333,20.433265339555298,5.925,0.04419417382415922,1.914945895897154,2.099888576640949,0.006810435504697357,0.5125,0.004419417382415922,0.04419417382415922,3.445676566080978,11.55625,2.119330861024014,22.81874393138034,13.080994862407948,13.862385305266894,13.710653993653427,14.051258860730462,17.134643288119953,0.0002717391304347826,0.0004807692307692308,2020,3
2020-04-01,275,1.3413102049465686,0.30303030303030304,1.9655601154040927,0.0,0.25974025974025977,0.0,0.0,0.0,0.21390374331550802,0.0,0.0,0.0,0.22727272727272727,0.0,0.0,0.0,0.27972027972027974,0.0,0.8343171979535616,0.0,0.0,0.0,0.0,0.30303030303030304,0.0,0.0,0.0,0.0,0.0,0.0,0.512396694214876,0.0,1.4531634211892168,0.0,0.0,0.0,0.0,0.0,0.0,0.0,0.0,0.0,0.0,0.25974025974025977,0.0,0.0,0.0,0.0,0.0,0.0,0.0,0.0,0.0,0.0,0.0,0.0,0.0,0.0,0.0,0.21390374331550802,0.0,0.0,0.0,0.0,1.5286380286380286,0.0,19.11724068944578,6.029090909090909,0.0077138921583986995,1.938569565897567,2.145605266019022,0.008619968380178866,0.4618181818181818,0.0025712973861329,0.0077138921583986995,5.121919969513552,12.252727272727272,2.125901192600357,21.05613431026975,13.47700121053835,13.907180851263197,13.888105516252617,14.584408509849922,17.293974272912,0.0007923389741571559,0.0011033057851239669,2020,4
2020-05-01,196,1.344892352545414,0.0,1.2683644886526038,0.0,0.0,0.0,0.0,0.0,0.24295432458697763,0.0,0.31887755102040816,0.0,0.5746804216191972,0.0,0.0,0.0,0.19623233908948198,0.0,0.25510204081632654,0.0,0.0,0.0,0.0,0.0,0.0,0.0,0.0,0.0,0.30012004801920766,0.0,0.0,0.0,0.9682444406333962,0.0,0.0,0.0,0.0,0.0,0.0,0.0,0.0,0.0,0.0,0.0,0.0,0.0,0.0,0.0,0.0,0.0,0.0,0.0,0.0,0.0,0.0,0.0,0.0,0.0,0.0,0.24295432458697763,0.0,0.0,0.0,0.0,0.46382189239332094,0.619533527696793,21.906939270266182,6.030612244897959,0.028861501272920306,1.9245726470969589,2.106411077235786,0.014963314052805708,0.46938775510204084,0.010823062977345116,0.028861501272920306,5.9556556847578515,11.63265306122449,2.2121805812735955,15.501328265622297,14.102419488304434,14.190541457720945,14.198926874732807,15.215582755742252,18.135661601892878,0.00023191094619666049,0.00022182786157941436,2020,5
2020-06-01,163,1.4869528402548973,0.0,0.3834355828220859,0.0,0.0,0.0,0.0,0.0,0.0,0.0,0.40899795501022496,0.0,0.36088054853843377,0.0,0.0,0.0,0.0,0.43821209465381245,0.2788622420524261,0.0,0.0,0.0,0.0,0.0,0.0,0.0,0.0,0.0,0.0,0.0,0.0,0.0,0.3834355828220859,0.0,0.0,0.0,0.0,0.0,0.0,0.0,0.0,0.0,0.0,0.0,0.0,0.0,0.0,0.0,0.0,0.0,0.0,0.0,0.0,0.0,0.0,0.0,0.0,0.0,0.0,0.0,0.0,0.0,0.0,0.0,0.6150345188123683,0.0,18.07452565562881,5.791411042944786,0.021690392060937043,1.9146497372117484,2.135739277761526,0.0030059816068288498,0.4233128834355828,0.008676156824374818,0.021690392060937043,3.8600853098754295,11.269938650306749,2.1442842117130803,17.355858072391644,13.66573370052952,14.023568439598963,13.66245046698907,14.81284151429493,17.400389768744343,0.0010590125620800468,0.0007507829593719165,2020,6
2020-07-01,154,0.0,0.0,0.869666048237477,0.0,0.0,0.0,0.0,0.0,0.0,0.0,0.0,0.0,0.0,0.0,0.0,0.0,0.0,0.0,0.0,0.0,0.0,0.0,0.0,0.0,0.0,0.0,0.0,0.0,0.0,0.0,0.0,0.0,0.869666048237477,0.0,0.0,0.0,0.0,0.0,0.0,0.0,0.0,0.0,0.0,0.0,0.0,0.0,0.0,0.0,0.0,0.0,0.0,0.0,0.0,0.0,0.0,0.0,0.0,0.0,0.0,0.0,0.0,0.0,0.0,0.0,0.7215007215007214,0.5411255411255411,17.86017847319162,5.714285714285714,0.02295801237618661,1.875375390117618,2.077709693551638,0.005176806712277373,0.4090909090909091,0.0,0.02295801237618661,2.77262420119563,10.983766233766234,2.1868054972736717,16.82961441641603,13.722878725130395,14.3036761200731,13.747656360721386,15.005481917512155,17.804276733501535,0.0008241758241758242,0.0006493506493506494,2020,7
2020-08-01,100,0.5882352941176471,0.0,2.197802197802198,0.0,0.0,0.0,0.0,0.0,0.0,0.0,0.0,0.0,0.5882352941176471,0.0,0.0,0.0,0.0,0.0,0.0,0.0,0.0,0.0,0.0,0.0,0.0,0.0,0.0,0.0,0.0,0.0,1.4285714285714286,0.0,0.7692307692307694,0.0,0.0,0.0,0.0,0.0,0.0,0.0,0.0,0.0,0.0,0.0,0.0,0.0,0.0,0.0,0.0,0.0,0.0,0.0,0.0,0.0,0.0,0.0,0.0,0.0,0.0,0.0,0.0,0.0,0.0,0.0,0.9953703703703703,0.0,19.141061827749134,5.8,0.042426406871192854,1.9162434169668532,2.197182467311583,0.012940666309377185,0.47,0.0,0.042426406871192854,3.3434343434343434,11.98,2.1439426825754224,14.869559598734618,14.166456226181229,14.086684711231035,14.31736123197899,15.42251311793212,18.566479152655624,0.0006666666666666666,0.0014285714285714286,2020,8
2020-09-01,70,3.682745825602969,0.0,2.030812324929972,0.0,0.0,0.0,0.0,0.0,0.0,0.0,1.0204081632653061,0.0,0.0,0.0,0.0,0.0,0.0,2.6623376623376624,0.0,0.0,0.0,0.0,0.0,0.0,0.0,0.0,0.0,0.0,0.0,0.0,0.0,0.0,2.030812324929972,0.0,0.0,0.0,0.0,0.0,0.0,0.0,0.0,0.0,0.0,0.0,0.0,0.0,0.0,0.0,0.0,0.0,0.0,0.0,0.0,0.0,0.0,0.0,0.0,0.0,0.0,0.0,0.0,0.0,0.0,0.0,0.0,0.0,24.287035020117724,5.771428571428571,0.0,1.9391612704309868,2.1278728173138113,0.0,0.5285714285714286,0.0,0.0,3.6796536796536796,11.1,2.2170602504282293,11.073054895900226,14.474181721713347,14.54478837990243,13.872874296638141,15.470658637240561,18.306751230894072,0.0,0.0,2020,9
2020-10-01,69,3.0595813204508855,0.0,1.2077294685990339,0.0,0.0,0.0,0.0,0.0,0.0,0.0,0.0,0.0,0.0,0.0,0.0,0.0,0.0,1.4492753623188406,1.610305958132045,0.0,0.0,0.0,0.0,0.0,0.0,0.0,0.0,0.0,0.0,0.0,0.0,0.0,1.2077294685990339,0.0,0.0,0.0,0.0,0.0,0.0,0.0,0.0,0.0,0.0,0.0,0.0,0.0,0.0,0.0,0.0,0.0,0.0,0.0,0.0,0.0,0.0,0.0,0.0,0.0,0.0,0.0,0.0,0.0,0.0,0.0,1.8776037082673238,0.0,24.884695129680996,5.9855072463768115,0.0,1.9221258706355528,2.167078459993783,0.006404952728139018,0.4782608695652174,0.0,0.0,8.620003185220577,11.434782608695652,2.1515918106710945,15.563481758852287,13.977857719522818,14.519834748622102,14.049501128610268,15.481749702747111,18.392539872146816,0.0,0.002576489533011272,2020,10
2020-11-01,64,1.4204545454545454,0.0,1.8640350877192984,0.0,0.0,1.0416666666666667,0.0,0.0,0.0,0.0,0.0,0.0,0.0,0.0,0.0,0.0,0.0,0.0,1.4204545454545454,0.0,0.0,0.0,0.0,0.0,0.0,0.0,0.0,0.0,0.0,0.0,0.0,0.0,1.8640350877192984,0.0,0.0,0.0,0.0,0.0,0.0,0.0,0.0,0.0,0.0,0.0,0.0,0.0,0.0,0.0,1.0416666666666667,0.0,0.0,0.0,0.0,0.0,0.0,0.0,0.0,0.0,0.0,0.0,0.0,0.0,0.0,0.0,1.201923076923077,0.0,20.774731468544356,6.0625,0.0,1.878084688921197,2.088104543791584,0.0,0.390625,0.0,0.0,1.8229166666666667,11.5625,2.229797494185918,8.442998324248206,14.992962039289262,14.231897649651577,14.57792802309767,15.502867545512775,19.23860435879424,0.0,0.0,2020,11
2020-12-01,52,2.504848093083387,0.0,0.0,0.0,0.0,0.0,0.0,0.0,0.0,1.1312217194570136,0.0,0.0,1.3736263736263736,0.0,0.0,0.0,0.0,0.0,0.0,0.0,0.0,0.0,0.0,0.0,0.0,0.0,0.0,0.0,0.0,0.0,0.0,0.0,0.0,0.0,0.0,0.0,0.0,0.0,0.0,0.0,0.0,0.0,0.0,0.0,0.0,0.0,0.0,0.0,0.0,0.0,0.0,0.0,0.0,0.0,0.0,0.0,0.0,0.0,0.0,0.0,0.0,0.0,0.0,0.0,5.54029304029304,0.0,24.74770861365884,6.115384615384615,0.05439282932204212,1.9176713411021415,2.2031897574289268,0.02266367888418421,0.36538461538461536,0.0,0.05439282932204212,0.9615384615384616,12.509615384615385,2.142391504958485,17.1402446863984,14.045617125937888,14.205090471448882,14.333104418346192,15.695687354798094,17.923021598152584,0.002564102564102564,0.0,2020,12
2021-01-01,52,1.6025641025641024,0.0,1.2820512820512822,0.0,0.0,0.0,0.0,0.0,0.0,0.0,1.6025641025641024,0.0,0.0,0.0,0.0,0.0,0.0,0.0,0.0,0.0,0.0,0.0,0.0,0.0,0.0,0.0,0.0,0.0,0.0,0.0,0.0,0.0,1.2820512820512822,0.0,0.0,0.0,0.0,0.0,0.0,0.0,0.0,0.0,0.0,0.0,0.0,0.0,0.0,0.0,0.0,0.0,0.0,0.0,0.0,0.0,0.0,0.0,0.0,0.0,0.0,0.0,0.0,0.0,0.0,0.0,1.9230769230769231,0.0,22.00342249341364,5.923076923076923,0.04079462199153158,1.9743774819931053,2.1392584567069566,0.014278117697036056,0.5384615384615384,0.0,0.04079462199153158,4.5787545787545785,12.028846153846153,2.181189016356616,11.03547196581701,14.67256964943051,14.527648328845617,14.424183320154949,15.48415628022995,19.106496143373974,0.0,0.0,2021,1
2021-02-01,68,0.4901960784313726,0.0,1.4705882352941178,0.0,0.0,0.0,0.0,0.0,0.0,0.0,0.0,0.0,0.0,0.0,0.0,0.0,0.0,0.0,0.4901960784313726,0.0,0.0,0.0,0.0,0.0,0.0,0.0,0.0,0.0,0.0,0.0,0.0,0.0,1.4705882352941178,0.0,0.0,0.0,0.0,0.0,0.0,0.0,0.0,0.0,0.0,0.0,0.0,0.0,0.0,0.0,0.0,0.0,0.0,0.0,0.0,0.0,0.0,0.0,0.0,0.0,0.0,0.0,0.0,0.0,0.0,0.0,2.275910364145658,0.0,17.67672686790334,6.044117647058823,0.09358766221586658,1.9359738017191097,2.3837860745812396,0.024871180074202165,0.5441176470588235,0.020797258270192576,0.09358766221586658,9.020146520146522,11.573529411764707,2.1609566230080963,15.530177643449054,13.995766228427287,14.393694762305989,14.01088830271579,15.400980383159302,17.895706152894515,0.0004901960784313725,0.0,2021,2
2021-03-01,58,2.668308702791461,0.8620689655172413,0.0,0.0,1.149425287356322,0.0,0.0,0.0,0.0,0.0,2.668308702791461,0.0,0.0,0.0,0.0,0.0,0.0,0.0,0.0,0.0,0.0,0.0,0.0,0.8620689655172413,0.0,0.0,0.0,0.0,0.0,0.0,0.0,0.0,0.0,0.0,0.0,0.0,0.0,0.0,0.0,0.0,0.0,0.0,0.0,1.149425287356322,0.0,0.0,0.0,0.0,0.0,0.0,0.0,0.0,0.0,0.0,0.0,0.0,0.0,0.0,0.0,0.0,0.0,0.0,0.0,0.0,1.0141987829614605,0.0,20.59116726803045,6.0,0.0365744886820628,1.9831734959081564,2.234469427484087,0.0005805474393978257,0.46551724137931033,0.0,0.0365744886820628,0.0,12.706896551724139,2.216700065707752,9.834747537276032,15.003633383363558,14.14468104037685,14.829275764304086,16.383218737554547,18.894713211690835,0.0010141987829614604,0.0,2021,3
2021-04-01,45,0.0,0.0,0.0,0.0,0.0,0.0,0.0,0.0,0.0,0.0,0.0,0.0,0.0,0.0,0.0,0.0,0.0,0.0,0.0,0.0,0.0,0.0,0.0,0.0,0.0,0.0,0.0,0.0,0.0,0.0,0.0,0.0,0.0,0.0,0.0,0.0,0.0,0.0,0.0,0.0,0.0,0.0,0.0,0.0,0.0,0.0,0.0,0.0,0.0,0.0,0.0,0.0,0.0,0.0,0.0,0.0,0.0,0.0,0.0,0.0,0.0,0.0,0.0,0.0,2.4691358024691357,0.0,20.55291295487374,5.666666666666667,0.0,1.8714043573913244,2.034214385832033,0.0,0.28888888888888886,0.0,0.0,4.489337822671156,10.8,2.1920468565566607,14.006109504874232,13.994297308356133,14.235129766544278,13.912949230456727,15.36496016140722,18.0452632915378,0.0,0.0,2021,4
2021-05-01,45,3.439153439153439,0.0,0.0,0.0,0.0,0.0,0.0,0.0,0.0,0.0,0.0,0.0,0.0,0.0,0.0,0.0,0.0,1.5873015873015874,1.8518518518518516,0.0,0.0,0.0,0.0,0.0,0.0,0.0,0.0,0.0,0.0,0.0,0.0,0.0,0.0,0.0,0.0,0.0,0.0,0.0,0.0,0.0,0.0,0.0,0.0,0.0,0.0,0.0,0.0,0.0,0.0,0.0,0.0,0.0,0.0,0.0,0.0,0.0,0.0,0.0,0.0,0.0,0.0,0.0,0.0,0.0,0.0,0.0,17.022326276712242,6.377777777777778,0.0628539361054709,1.9423336753436442,2.0664500046259593,0.007856742013183858,0.3333333333333333,0.0,0.0628539361054709,0.8547008547008548,12.244444444444444,2.0952844475212897,20.383458497642728,13.452584328277311,13.756558881453183,13.919583001422357,14.274068139803667,17.194306603078534,0.0,0.0,2021,5
2021-06-01,53,0.0,0.0,1.1098779134295227,0.0,0.0,0.0,0.0,0.0,0.0,0.0,0.0,0.0,0.0,0.0,0.0,0.0,0.0,0.0,0.0,0.0,0.0,0.0,0.0,0.0,0.0,0.0,0.0,0.0,0.0,0.0,0.0,0.0,1.1098779134295227,0.0,0.0,0.0,0.0,0.0,0.0,0.0,0.0,0.0,0.0,0.0,0.0,0.0,0.0,0.0,0.0,0.0,0.0,0.0,0.0,0.0,0.0,0.0,0.0,0.0,0.0,0.0,0.0,0.0,0.0,0.0,4.192872117400419,0.0,12.759690454879602,6.30188679245283,0.04002491214263476,1.9255375139923945,2.0504040574532696,0.009847399019219667,0.3584905660377358,0.013341637380878256,0.04002491214263476,5.364463408157549,11.830188679245284,2.154061501534339,13.93889527669599,14.162676612238359,14.358910350910133,13.895646660084406,14.963306003579339,17.848677829430212,0.0,0.0,2021,6
2021-07-01,43,3.7752944729688913,0.0,5.437756497948016,0.0,0.0,0.0,0.0,0.0,0.0,0.0,0.0,0.0,2.1141649048625792,0.0,0.0,0.0,0.0,0.0,1.6611295681063123,0.0,0.0,0.0,0.0,0.0,0.0,0.0,0.0,0.0,0.0,0.0,0.0,0.0,5.437756497948016,0.0,0.0,0.0,0.0,0.0,0.0,0.0,0.0,0.0,0.0,0.0,0.0,0.0,0.0,0.0,0.0,0.0,0.0,0.0,0.0,0.0,0.0,0.0,0.0,0.0,0.0,0.0,0.0,0.0,0.0,0.0,0.0,0.0,26.107052881838683,5.976744186046512,0.09441778775436478,1.8772971743169968,2.161282455194904,0.011797114164122964,0.4883720930232558,0.01644434374852436,0.09441778775436478,3.3222591362126246,11.507751937984496,2.2939932307714366,5.0440020285232485,15.416561714239556,14.310526221468152,14.397904956990049,15.428348516337744,19.4172586343585,0.0,0.0,2021,7
2021-08-01,37,0.0,0.0,6.094329623741388,0.0,0.0,0.0,0.0,0.0,0.0,0.0,0.0,0.0,0.0,0.0,0.0,0.0,0.0,0.0,0.0,0.0,0.0,0.0,0.0,0.0,0.0,0.0,0.0,0.0,0.0,0.0,0.0,0.0,6.094329623741388,0.0,0.0,0.0,0.0,0.0,0.0,0.0,0.0,0.0,0.0,0.0,0.0,0.0,0.0,0.0,0.0,0.0,0.0,0.0,0.0,0.0,0.0,0.0,0.0,0.0,0.0,0.0,0.0,0.0,0.0,0.0,0.0,0.0,20.350707850707852,5.891891891891892,0.0,1.9418057970761966,2.0799608463501653,0.0,0.5135135135135135,0.0,0.0,0.0,11.64864864864865,2.3464911214911215,-3.428332478332455,16.591073401073402,15.399745834914954,15.271134660260667,17.843247952895013,21.102119749178577,0.0011750881316098707,0.0,2021,8
2021-09-01,46,0.0,0.0,0.0,0.0,0.0,0.0,0.0,0.0,0.0,0.0,0.0,0.0,0.0,0.0,0.0,0.0,0.0,0.0,0.0,0.0,0.0,0.0,0.0,0.0,0.0,0.0,0.0,0.0,0.0,0.0,0.0,0.0,0.0,0.0,0.0,0.0,0.0,0.0,0.0,0.0,0.0,0.0,0.0,0.0,0.0,0.0,0.0,0.0,0.0,0.0,0.0,0.0,0.0,0.0,0.0,0.0,0.0,0.0,0.0,0.0,0.0,0.0,0.0,0.0,1.976284584980237,0.0,16.135191689094725,5.695652173913044,0.04611565964260092,1.9641384375085704,2.077038466399417,0.015371886547533643,0.5,0.030743773095067286,0.04611565964260092,0.945179584120983,11.826086956521738,2.2001457713178674,12.72490517602604,14.53580030590325,14.450586647126672,14.17894814871291,15.176831863583875,18.04017725592635,0.0014492753623188406,0.0,2021,9
2021-10-01,42,0.0,0.0,0.0,0.0,0.0,0.0,0.0,0.0,0.0,0.0,0.0,0.0,0.0,0.0,0.0,0.0,0.0,0.0,0.0,0.0,0.0,0.0,0.0,0.0,0.0,0.0,0.0,0.0,0.0,0.0,0.0,0.0,0.0,0.0,0.0,0.0,0.0,0.0,0.0,0.0,0.0,0.0,0.0,0.0,0.0,0.0,0.0,0.0,0.0,0.0,0.0,0.0,0.0,0.0,0.0,0.0,0.0,0.0,0.0,0.0,0.0,0.0,0.0,0.0,0.0,0.0,19.938217588593528,5.904761904761905,0.0,1.9036464115740965,2.0752432966193473,0.0,0.3333333333333333,0.0,0.0,0.0,11.452380952380953,2.2409494275565702,3.9596891833656773,15.510715422921308,14.568490235208303,14.340521805098387,16.556700763871984,18.754502857864203,0.0,0.0,2021,10
2021-11-01,40,1.6666666666666667,0.0,0.0,0.0,0.0,0.0,0.0,0.0,0.0,0.0,0.0,0.0,0.0,0.0,0.0,0.0,1.6666666666666667,0.0,0.0,0.0,0.0,0.0,0.0,0.0,0.0,0.0,0.0,0.0,0.0,0.0,0.0,0.0,0.0,0.0,0.0,0.0,0.0,0.0,0.0,0.0,0.0,0.0,0.0,0.0,0.0,0.0,0.0,0.0,0.0,0.0,0.0,0.0,0.0,0.0,0.0,0.0,0.0,0.0,0.0,0.0,0.0,0.0,0.0,0.0,0.0,0.0,11.471048301543657,5.7,0.017677669529663688,1.9456889056417463,2.129461607471476,0.008838834764831844,0.275,0.0,0.017677669529663688,0.0,11.45,2.1681796511237303,5.328248040465747,15.323377932890125,14.568418609294474,14.092806966617795,16.147511242923745,18.497976809052663,0.0,0.0,2021,11
2021-12-01,42,5.140692640692641,0.0,0.0,0.0,0.0,0.0,0.0,0.0,0.0,0.0,2.9761904761904763,0.0,2.1645021645021645,0.0,0.0,0.0,0.0,0.0,0.0,0.0,0.0,0.0,0.0,0.0,0.0,0.0,0.0,0.0,0.0,0.0,0.0,0.0,0.0,0.0,0.0,0.0,0.0,0.0,0.0,0.0,0.0,0.0,0.0,0.0,0.0,0.0,0.0,0.0,0.0,0.0,0.0,0.0,0.0,0.0,0.0,0.0,0.0,0.0,0.0,0.0,0.0,0.0,0.0,0.0,1.5873015873015874,0.0,12.373307909022195,6.261904761904762,0.10101525445522108,1.8815214587559514,2.0519213277813,0.004208968935634212,0.40476190476190477,0.0,0.10101525445522108,13.0041011619959,11.642857142857142,2.1293140720348447,16.044541674171835,13.881313364370275,14.604456383409703,13.627521193194685,15.069969306285676,17.652493395291568,0.003084634663582032,0.0,2021,12
2022-01-01,39,1.4245014245014243,0.0,0.0,0.0,0.0,0.0,0.0,0.0,0.0,0.0,0.0,0.0,1.4245014245014243,0.0,0.0,0.0,0.0,0.0,0.0,0.0,0.0,0.0,0.0,0.0,0.0,0.0,0.0,0.0,0.0,0.0,0.0,0.0,0.0,0.0,0.0,0.0,0.0,0.0,0.0,0.0,0.0,0.0,0.0,0.0,0.0,0.0,0.0,0.0,0.0,0.0,0.0,0.0,0.0,0.0,0.0,0.0,0.0,0.0,0.0,0.0,0.0,0.0,0.0,0.0,0.8012820512820513,0.0,32.56063472484049,6.0,0.0,1.9524281666534875,2.1818068046812984,0.0,0.46153846153846156,0.0,0.0,3.0270655270655267,12.307692307692308,2.179776407391277,11.171089853823261,14.758757789073938,14.735719210930066,14.930148631006054,16.58880199489639,19.360163942326363,0.0,0.0,2022,1
2022-02-01,34,1.633986928104575,0.0,0.0,0.0,0.0,0.0,0.0,0.0,1.633986928104575,0.0,0.0,0.0,1.633986928104575,0.0,0.0,0.0,0.0,0.0,0.0,0.0,0.0,0.0,0.0,0.0,0.0,0.0,0.0,0.0,0.0,0.0,0.0,0.0,0.0,0.0,0.0,0.0,0.0,0.0,0.0,0.0,0.0,0.0,0.0,0.0,0.0,0.0,0.0,0.0,0.0,0.0,0.0,0.0,0.0,0.0,0.0,0.0,0.0,0.0,0.0,1.633986928104575,0.0,0.0,0.0,0.0,2.6737967914438503,0.0,15.064102564102564,6.029411764705882,0.0,1.8465866216340814,1.981305162087351,0.0,0.35294117647058826,0.0,0.0,2.2624434389140275,11.323529411764707,2.176037984203619,11.252416013916905,14.539454420531413,14.128874476878371,13.83265939916417,14.53296936519363,17.917960931801765,0.0,0.0,2022,2
2022-03-01,21,0.0,0.0,2.8011204481792715,0.0,0.0,0.0,0.0,0.0,0.0,0.0,0.0,0.0,0.0,0.0,0.0,0.0,0.0,0.0,0.0,0.0,0.0,0.0,0.0,0.0,0.0,0.0,0.0,0.0,0.0,0.0,0.0,0.0,2.8011204481792715,0.0,0.0,0.0,0.0,0.0,0.0,0.0,0.0,0.0,0.0,0.0,0.0,0.0,0.0,0.0,0.0,0.0,0.0,0.0,0.0,0.0,0.0,0.0,0.0,0.0,0.0,0.0,0.0,0.0,0.0,0.0,0.0,0.0,21.403241703993586,5.9523809523809526,0.0,1.966947454212408,2.3522959263450196,0.0,0.42857142857142855,0.0,0.0,3.6630036630036633,12.428571428571429,2.2022069861355575,6.241928407726745,15.428986907894474,14.657728740789247,14.778934117458622,16.722608119005177,19.224577911972872,0.006802721088435374,0.0,2022,3
2022-04-01,26,1.6722408026755853,0.0,0.0,0.0,0.0,0.0,0.0,0.0,0.0,0.0,0.0,0.0,1.6722408026755853,0.0,0.0,0.0,0.0,0.0,0.0,0.0,0.0,0.0,0.0,0.0,0.0,0.0,0.0,0.0,0.0,0.0,0.0,0.0,0.0,0.0,0.0,0.0,0.0,0.0,0.0,0.0,0.0,0.0,0.0,0.0,0.0,0.0,0.0,0.0,0.0,0.0,0.0,0.0,0.0,0.0,0.0,0.0,0.0,0.0,0.0,0.0,0.0,0.0,0.0,0.0,1.6722408026755853,0.0,19.40426037789121,6.1923076923076925,0.0,1.9732283374517696,2.335486308563232,0.0,0.5,0.0,0.0,4.073512694202349,13.923076923076923,2.2679610987303294,0.24506569427643782,16.69358012593017,14.623107528866992,16.17072440706559,17.46996719374205,22.032780740741355,0.0,0.0,2022,4
2022-05-01,33,0.0,0.0,0.0,0.0,0.0,0.0,0.0,0.0,0.0,0.0,0.0,0.0,0.0,0.0,0.0,0.0,0.0,0.0,0.0,0.0,0.0,0.0,0.0,0.0,0.0,0.0,0.0,0.0,0.0,0.0,0.0,0.0,0.0,0.0,0.0,0.0,0.0,0.0,0.0,0.0,0.0,0.0,0.0,0.0,0.0,0.0,0.0,0.0,0.0,0.0,0.0,0.0,0.0,0.0,0.0,0.0,0.0,0.0,0.0,0.0,0.0,0.0,0.0,0.0,0.0,0.0,23.475652887417592,6.636363636363637,0.0,1.8749707829930717,1.9947202464551552,0.0,0.48484848484848486,0.0,0.0,5.303030303030303,12.575757575757576,2.184702801243783,8.343998399105368,15.166978301951564,14.598026785898218,14.256464118396874,15.684093471536126,18.31397043085757,0.0,0.0,2022,5
2022-06-01,29,0.0,0.0,0.0,0.0,0.0,0.0,0.0,0.0,0.0,0.0,0.0,0.0,0.0,0.0,0.0,0.0,0.0,0.0,0.0,0.0,0.0,0.0,0.0,0.0,0.0,0.0,0.0,0.0,0.0,0.0,0.0,0.0,0.0,0.0,0.0,0.0,0.0,0.0,0.0,0.0,0.0,0.0,0.0,0.0,0.0,0.0,0.0,0.0,0.0,0.0,0.0,0.0,0.0,0.0,0.0,0.0,0.0,0.0,0.0,0.0,0.0,0.0,0.0,0.0,0.0,0.0,18.396512209899633,5.793103448275862,0.10534656770013424,1.962302687650673,2.089583797932255,0.011404100478726684,0.5517241379310345,0.019908629972056065,0.10534656770013424,0.0,10.862068965517242,2.3307981240376887,-2.132888445005897,16.238129300513993,15.143717961384727,14.478011778397384,16.81865416814129,19.68349442119616,0.0,0.0,2022,6
2022-07-01,34,0.0,0.0,0.0,0.0,0.0,0.0,0.0,0.0,0.0,0.0,0.0,0.0,0.0,0.0,0.0,0.0,0.0,0.0,0.0,0.0,0.0,0.0,0.0,0.0,0.0,0.0,0.0,0.0,0.0,0.0,0.0,0.0,0.0,0.0,0.0,0.0,0.0,0.0,0.0,0.0,0.0,0.0,0.0,0.0,0.0,0.0,0.0,0.0,0.0,0.0,0.0,0.0,0.0,0.0,0.0,0.0,0.0,0.0,0.0,0.0,0.0,0.0,0.0,0.0,0.0,0.0,17.87082582930334,5.794117647058823,0.0,1.906860557863956,2.1473550101479897,0.0,0.47058823529411764,0.0,0.0,5.669179436480475,11.352941176470589,2.2455390023683592,1.967172451251196,15.706692015212779,14.331136089784879,14.389365508848377,16.295380084448425,19.62299705292785,0.001838235294117647,0.0,2022,7
2022-08-01,33,2.1645021645021645,0.0,0.0,0.0,0.0,0.0,0.0,0.0,0.0,0.0,0.0,0.0,0.0,0.0,0.0,0.0,0.0,2.1645021645021645,0.0,0.0,0.0,0.0,0.0,0.0,0.0,0.0,0.0,0.0,0.0,0.0,0.0,0.0,0.0,0.0,0.0,0.0,0.0,0.0,0.0,0.0,0.0,0.0,0.0,0.0,0.0,0.0,0.0,0.0,0.0,0.0,0.0,0.0,0.0,0.0,0.0,0.0,0.0,0.0,0.0,0.0,0.0,0.0,0.0,0.0,0.0,0.0,18.187227426357865,5.9393939393939394,0.0,1.978530887321006,2.1264376555355398,0.0,0.42424242424242425,0.0,0.0,1.893939393939394,12.272727272727273,2.249193320048935,6.011859237019684,15.428275848235744,14.681885876794034,14.667142102225727,16.096773635900643,18.825917477254375,0.0,0.002525252525252525,2022,8
2022-09-01,20,0.0,0.0,0.0,0.0,0.0,0.0,0.0,0.0,0.0,0.0,0.0,0.0,0.0,0.0,0.0,0.0,0.0,0.0,0.0,0.0,0.0,0.0,0.0,0.0,0.0,0.0,0.0,0.0,0.0,0.0,0.0,0.0,0.0,0.0,0.0,0.0,0.0,0.0,0.0,0.0,0.0,0.0,0.0,0.0,0.0,0.0,0.0,0.0,0.0,0.0,0.0,0.0,0.0,0.0,0.0,0.0,0.0,0.0,0.0,0.0,0.0,0.0,0.0,0.0,0.0,0.0,19.35340022296544,6.0,0.0,1.8908011275324685,1.9946803490627019,0.0,0.25,0.0,0.0,0.0,11.2,2.2506069624819625,-2.40095256948932,16.289653549881493,15.357075086098542,14.44638613075411,16.548260524402068,19.96647956618545,0.0,0.0,2022,9
2022-10-01,33,1.7825311942959001,0.0,2.0202020202020203,0.0,0.0,0.0,0.0,0.0,0.0,0.0,0.0,0.0,0.0,0.0,0.0,0.0,0.0,0.0,1.7825311942959001,0.0,0.0,0.0,0.0,0.0,0.0,0.0,0.0,0.0,0.0,0.0,0.0,0.0,2.0202020202020203,0.0,0.0,0.0,0.0,0.0,0.0,0.0,0.0,0.0,0.0,0.0,0.0,0.0,0.0,0.0,0.0,0.0,0.0,0.0,0.0,0.0,0.0,0.0,0.0,0.0,0.0,0.0,0.0,0.0,0.0,0.0,0.0,0.0,13.942733679575785,6.424242424242424,0.0,1.874084153876366,2.2595500351236395,0.0,0.36363636363636365,0.0,0.0,1.893939393939394,12.727272727272727,2.2464715716052615,-1.6630273469845487,16.449835535824842,14.152342357860006,15.02612352153423,16.626994348640068,20.30296146713259,0.0,0.0,2022,10
2022-11-01,33,5.076921552894093,0.0,1.5948963317384368,0.0,0.0,0.0,0.0,0.0,0.0,0.0,0.0,0.0,3.759398496240601,0.0,0.0,0.0,0.0,0.0,1.3175230566534915,0.0,0.0,0.0,0.0,0.0,0.0,0.0,0.0,0.0,0.0,0.0,0.0,0.0,1.5948963317384368,0.0,0.0,0.0,0.0,0.0,0.0,0.0,0.0,0.0,0.0,0.0,0.0,0.0,0.0,0.0,0.0,0.0,0.0,0.0,0.0,0.0,0.0,0.0,0.0,0.0,0.0,0.0,0.0,0.0,0.0,0.0,6.572215663124754,0.0,14.905067445633287,6.393939393939394,0.06428243465332249,1.919921378640139,2.2387091575383162,0.012244273267299523,0.3333333333333333,0.02142747821777417,0.06428243465332249,0.0,12.606060606060606,2.1636475897839538,10.20593392206819,14.982556891878595,14.7096318083489,14.85009013525169,15.363178893963092,19.010774314967954,0.0017825311942959,0.0,2022,11
2022-12-01,22,0.0,0.0,0.0,0.0,0.0,0.0,0.0,0.0,0.0,0.0,0.0,0.0,0.0,0.0,0.0,0.0,0.0,0.0,0.0,0.0,0.0,0.0,0.0,0.0,0.0,0.0,0.0,0.0,0.0,0.0,0.0,0.0,0.0,0.0,0.0,0.0,0.0,0.0,0.0,0.0,0.0,0.0,0.0,0.0,0.0,0.0,0.0,0.0,0.0,0.0,0.0,0.0,0.0,0.0,0.0,0.0,0.0,0.0,0.0,0.0,0.0,0.0,0.0,0.0,0.0,0.0,13.252399475309693,6.318181818181818,0.0,1.8396720760931344,2.176322090253673,0.0,0.4090909090909091,0.0,0.0,0.0,12.909090909090908,2.0401162154838626,14.577360887775347,14.320133845655239,15.033226450933201,14.414625939536535,15.815115778606419,18.39497276342196,0.0,0.0,2022,12
2023-01-01,23,0.0,2.898550724637681,0.0,0.0,0.0,0.0,0.0,0.0,0.0,0.0,0.0,0.0,0.0,0.0,0.0,0.0,0.0,0.0,0.0,0.0,0.0,0.0,0.0,0.0,0.0,0.0,0.0,2.898550724637681,0.0,0.0,0.0,0.0,0.0,0.0,0.0,0.0,0.0,0.0,0.0,0.0,0.0,0.0,0.0,0.0,0.0,0.0,0.0,0.0,0.0,0.0,0.0,0.0,0.0,0.0,0.0,0.0,0.0,0.0,0.0,0.0,0.0,0.0,0.0,0.0,0.0,0.0,18.982665529980107,6.130434782608695,0.0,1.8738441424302577,2.2221131230385502,0.0,0.5217391304347826,0.0,0.0,2.557544757033248,12.217391304347826,2.2151598747119676,3.7514879517440627,15.738806233886665,14.446327996801662,14.45265034614539,16.884047793571348,18.532564807352802,0.0,0.0,2023,1
2023-02-01,23,8.380526123492876,6.211180124223603,0.0,0.0,0.0,0.0,0.0,0.0,0.0,0.0,0.0,0.0,2.557544757033248,0.0,0.0,0.0,0.0,3.1055900621118013,2.717391304347826,0.0,0.0,0.0,0.0,6.211180124223603,0.0,0.0,0.0,0.0,0.0,0.0,0.0,0.0,0.0,0.0,0.0,0.0,0.0,0.0,0.0,0.0,0.0,0.0,0.0,0.0,0.0,0.0,0.0,0.0,0.0,0.0,0.0,0.0,0.0,0.0,0.0,0.0,0.0,0.0,0.0,0.0,0.0,0.0,0.0,0.0,0.0,0.0,14.541514893177295,5.913043478260869,0.0,1.8879122027518023,2.2593002268143607,0.0,0.4782608695652174,0.0,0.0,4.973003694231315,11.347826086956522,2.322481997258212,-5.546112583069083,16.727800110517503,14.837838305052435,14.984867678873961,17.027766677163417,21.389107028237465,0.0,0.0,2023,2
2023-03-01,29,0.0,0.0,0.0,0.0,0.0,0.0,0.0,0.0,0.0,0.0,0.0,0.0,0.0,0.0,0.0,0.0,0.0,0.0,0.0,0.0,0.0,0.0,0.0,0.0,0.0,0.0,0.0,0.0,0.0,0.0,0.0,0.0,0.0,0.0,0.0,0.0,0.0,0.0,0.0,0.0,0.0,0.0,0.0,0.0,0.0,0.0,0.0,0.0,0.0,0.0,0.0,0.0,0.0,0.0,0.0,0.0,0.0,0.0,0.0,0.0,0.0,0.0,0.0,0.0,0.0,0.0,18.757021865007346,6.931034482758621,0.0,1.93222657332282,2.0904658248668615,0.0,0.41379310344827586,0.0,0.0,2.1551724137931036,13.379310344827585,2.1792267598302084,0.721450155747974,16.191232068436886,14.16554349471478,14.93718881740992,16.5047332322183,19.748225348545624,0.0,0.0,2023,3
2023-04-01,16,0.0,0.0,0.0,0.0,0.0,0.0,0.0,0.0,0.0,0.0,0.0,0.0,0.0,0.0,0.0,0.0,0.0,0.0,0.0,0.0,0.0,0.0,0.0,0.0,0.0,0.0,0.0,0.0,0.0,0.0,0.0,0.0,0.0,0.0,0.0,0.0,0.0,0.0,0.0,0.0,0.0,0.0,0.0,0.0,0.0,0.0,0.0,0.0,0.0,0.0,0.0,0.0,0.0,0.0,0.0,0.0,0.0,0.0,0.0,0.0,0.0,0.0,0.0,0.0,0.0,0.0,24.149863294600138,5.5,0.0,1.922301954041828,1.9492212648462648,0.0,0.375,0.0,0.0,0.0,10.75,2.438049884143634,-8.522956722553737,17.11870732063989,15.12344928922503,14.57838643626434,17.250668023999026,20.64854217420007,0.0,0.0,2023,4
2023-05-01,28,0.0,0.0,0.0,0.0,0.0,0.0,0.0,0.0,0.0,0.0,0.0,0.0,0.0,0.0,0.0,0.0,0.0,0.0,0.0,0.0,0.0,0.0,0.0,0.0,0.0,0.0,0.0,0.0,0.0,0.0,0.0,0.0,0.0,0.0,0.0,0.0,0.0,0.0,0.0,0.0,0.0,0.0,0.0,0.0,0.0,0.0,0.0,0.0,0.0,0.0,0.0,0.0,0.0,0.0,0.0,0.0,0.0,0.0,0.0,0.0,0.0,0.0,0.0,0.0,0.0,0.0,21.215986394557824,5.821428571428571,0.0757614408414158,1.8623907247728686,2.00728807333877,0.016414978848973423,0.4642857142857143,0.02525381361380527,0.0757614408414158,0.0,10.946428571428571,2.2465147451754595,0.8731583594976635,15.790393227803944,14.847650652323868,14.051791032365886,17.284531788152325,19.25612641326927,0.0,0.0,2023,5
2023-06-01,27,9.20314253647587,0.0,0.0,0.0,0.0,0.0,0.0,0.0,0.0,0.0,0.0,0.0,0.0,0.0,0.0,0.0,0.0,3.3670033670033668,5.836139169472502,0.0,0.0,0.0,0.0,0.0,0.0,0.0,0.0,0.0,0.0,0.0,0.0,0.0,0.0,0.0,0.0,0.0,0.0,0.0,0.0,0.0,0.0,0.0,0.0,0.0,0.0,0.0,0.0,0.0,0.0,0.0,0.0,0.0,0.0,0.0,0.0,0.0,0.0,0.0,0.0,0.0,0.0,0.0,0.0,0.0,0.0,0.0,30.240196210829318,5.555555555555555,0.0,1.9255474407509476,2.2492657034323704,0.0,0.3333333333333333,0.0,0.0,2.314814814814815,12.555555555555555,2.2224080960192074,-0.9586023236023051,16.355764687986913,14.846067067397623,15.350937858402348,16.51550137027098,21.106935040268375,0.0,0.0,2023,6
2023-07-01,21,2.645502645502645,0.0,4.761904761904762,0.0,0.0,0.0,0.0,0.0,0.0,0.0,0.0,0.0,2.645502645502645,0.0,0.0,0.0,0.0,0.0,0.0,0.0,0.0,0.0,0.0,0.0,0.0,0.0,0.0,0.0,0.0,0.0,4.761904761904762,0.0,0.0,0.0,0.0,0.0,0.0,0.0,0.0,0.0,0.0,0.0,0.0,0.0,0.0,0.0,0.0,0.0,0.0,0.0,0.0,0.0,0.0,0.0,0.0,0.0,0.0,0.0,0.0,0.0,0.0,0.0,0.0,0.0,5.9523809523809526,0.0,10.637510637510637,5.476190476190476,0.0,1.8109180878389184,2.0309776827862325,0.0,0.42857142857142855,0.0,0.0,0.0,10.952380952380953,2.2093223147844996,9.58429208046858,14.619727244433127,14.036477236551187,13.539987525649238,15.210778785756728,17.987258337678504,0.002976190476190476,0.004761904761904762,2023,7
2023-08-01,16,0.0,0.0,0.0,0.0,0.0,0.0,0.0,0.0,0.0,0.0,0.0,0.0,0.0,0.0,0.0,0.0,0.0,0.0,0.0,0.0,0.0,0.0,0.0,0.0,0.0,0.0,0.0,0.0,0.0,0.0,0.0,0.0,0.0,0.0,0.0,0.0,0.0,0.0,0.0,0.0,0.0,0.0,0.0,0.0,0.0,0.0,0.0,0.0,0.0,0.0,0.0,0.0,0.0,0.0,0.0,0.0,0.0,0.0,0.0,0.0,0.0,0.0,0.0,0.0,0.0,0.0,29.43410755910756,5.9375,0.0,1.871819365346306,1.943111922799423,0.0,0.4375,0.0,0.0,0.0,10.4375,2.274980237233527,-0.1439246608654292,15.841313516527332,14.471216197088731,14.538538895966882,16.185074161036333,20.789279434016276,0.0,0.0,2023,8
2023-09-01,18,0.0,0.0,0.0,0.0,0.0,0.0,0.0,0.0,0.0,0.0,0.0,0.0,0.0,0.0,0.0,0.0,0.0,0.0,0.0,0.0,0.0,0.0,0.0,0.0,0.0,0.0,0.0,0.0,0.0,0.0,0.0,0.0,0.0,0.0,0.0,0.0,0.0,0.0,0.0,0.0,0.0,0.0,0.0,0.0,0.0,0.0,0.0,0.0,0.0,0.0,0.0,0.0,0.0,0.0,0.0,0.0,0.0,0.0,0.0,0.0,0.0,0.0,0.0,0.0,0.0,0.0,35.29741863075196,5.5,0.0,1.8311807941363627,2.2774231124721322,0.0,0.4444444444444444,0.0,0.0,6.1728395061728385,11.277777777777779,2.204544157730432,6.4006436210848205,15.12687502947307,14.430708862669649,14.887924538052188,15.3215156360524,20.339555687594906,0.0,0.0,2023,9
2023-10-01,19,0.0,0.0,0.0,0.0,0.0,0.0,0.0,0.0,0.0,0.0,0.0,0.0,0.0,0.0,0.0,0.0,0.0,0.0,0.0,0.0,0.0,0.0,0.0,0.0,0.0,0.0,0.0,0.0,0.0,0.0,0.0,0.0,0.0,0.0,0.0,0.0,0.0,0.0,0.0,0.0,0.0,0.0,0.0,0.0,0.0,0.0,0.0,0.0,0.0,0.0,0.0,0.0,0.0,0.0,0.0,0.0,0.0,0.0,0.0,0.0,0.0,0.0,0.0,0.0,0.0,0.0,18.107769423558896,6.2631578947368425,0.0,1.8770423275734722,2.1129075679629694,0.03308101900287943,0.5263157894736842,0.03721614637823935,0.0,3.289473684210526,12.342105263157896,2.1142547488163177,3.8785851406211798,15.594875084902787,14.244345274531563,14.503630560642407,15.979958884605699,19.478990077328028,0.0,0.0,2023,10
2023-11-01,29,1.6420361247947453,2.1551724137931036,2.298850574712644,0.0,0.0,0.0,0.0,0.0,0.0,0.0,0.0,0.0,1.6420361247947453,0.0,0.0,0.0,0.0,0.0,0.0,0.0,0.0,0.0,0.0,2.1551724137931036,0.0,0.0,0.0,0.0,0.0,0.0,0.0,0.0,2.298850574712644,0.0,0.0,0.0,0.0,0.0,0.0,0.0,0.0,0.0,0.0,0.0,0.0,0.0,0.0,0.0,0.0,0.0,0.0,0.0,0.0,0.0,0.0,0.0,0.0,0.0,0.0,0.0,0.0,0.0,0.0,0.0,2.4630541871921183,2.6525198938992047,14.70009875182289,6.0344827586206895,0.0,1.9422226775501772,2.113184024479112,0.0,0.3448275862068966,0.0,0.0,0.0,11.172413793103448,2.156859137031551,10.460594147232099,14.550123372795788,14.443041139990278,13.678505421957468,14.83937042268077,17.175516437585404,0.0026525198938992045,0.0,2023,11
2023-12-01,20,4.545454545454545,0.0,0.0,0.0,0.0,0.0,0.0,0.0,0.0,0.0,0.0,0.0,0.0,0.0,0.0,0.0,0.0,4.545454545454545,0.0,0.0,0.0,0.0,0.0,0.0,0.0,0.0,0.0,0.0,0.0,0.0,0.0,0.0,0.0,0.0,0.0,0.0,0.0,0.0,0.0,0.0,0.0,0.0,0.0,0.0,0.0,0.0,0.0,0.0,0.0,0.0,0.0,0.0,0.0,0.0,0.0,0.0,0.0,0.0,0.0,0.0,0.0,0.0,0.0,0.0,2.0,0.0,6.944444444444445,6.5,0.0,1.8170196461369046,1.9885183288933288,0.0,0.2,0.0,0.0,0.0,11.65,2.193824639412875,3.8772873376623544,15.513336399711402,14.814385768398271,14.218507447188227,17.144175448193113,19.34534632034632,0.0,0.0,2023,12
2024-01-01,19,0.0,0.0,9.674922600619194,0.0,0.0,0.0,0.0,0.0,0.0,0.0,0.0,0.0,0.0,0.0,0.0,0.0,0.0,0.0,0.0,0.0,0.0,0.0,0.0,0.0,0.0,0.0,0.0,0.0,0.0,0.0,6.578947368421052,0.0,3.095975232198142,0.0,0.0,0.0,0.0,0.0,0.0,0.0,0.0,0.0,0.0,0.0,0.0,0.0,0.0,0.0,0.0,0.0,0.0,0.0,0.0,0.0,0.0,0.0,0.0,0.0,0.0,0.0,0.0,0.0,0.0,0.0,0.0,0.0,10.307017543859649,5.947368421052632,0.0,1.9365630467162769,2.0578263841421736,0.0,0.3684210526315789,0.0,0.0,0.0,11.526315789473685,2.2646419177928876,3.180441712027609,15.67917691188467,14.80900581448407,14.778594152046493,16.314119810129853,19.772750518179883,0.0,0.006578947368421052,2024,1
2024-02-01,19,4.385964912280701,0.0,0.0,0.0,0.0,0.0,0.0,0.0,0.0,0.0,0.0,0.0,0.0,0.0,0.0,0.0,4.385964912280701,0.0,0.0,0.0,0.0,0.0,0.0,0.0,0.0,0.0,0.0,0.0,0.0,0.0,0.0,0.0,0.0,0.0,0.0,0.0,0.0,0.0,0.0,0.0,0.0,0.0,0.0,0.0,0.0,0.0,0.0,0.0,0.0,0.0,0.0,0.0,0.0,0.0,0.0,0.0,0.0,0.0,0.0,0.0,0.0,0.0,0.0,0.0,0.0,0.0,13.296398891966758,5.7894736842105265,0.0,1.9850838660875776,2.100914858094669,0.0,0.42105263157894735,0.0,0.0,0.0,11.947368421052632,2.275463794438864,-1.6149729840796088,16.37419120507071,14.332327607595543,15.077252468644193,15.511437700342132,20.81509576911239,0.0,0.0,2024,2
2024-03-01,24,2.9761904761904763,0.0,0.0,0.0,0.0,0.0,0.0,0.0,0.0,0.0,0.0,0.0,2.9761904761904763,0.0,0.0,0.0,0.0,0.0,0.0,0.0,0.0,0.0,0.0,0.0,0.0,0.0,0.0,0.0,0.0,0.0,0.0,0.0,0.0,0.0,0.0,0.0,0.0,0.0,0.0,0.0,0.0,0.0,0.0,0.0,0.0,0.0,0.0,0.0,0.0,0.0,0.0,0.0,0.0,0.0,0.0,0.0,0.0,0.0,0.0,0.0,0.0,0.0,0.0,0.0,0.0,0.0,18.874007936507937,6.0,0.0,1.893772626763491,2.2132546542732077,0.0,0.3333333333333333,0.0,0.0,0.0,12.625,2.21615860990861,0.27047348317319236,16.28554467571186,14.531319447748531,14.576247549076173,17.06438715776183,18.560346908566725,0.0,0.0,2024,3
2024-04-01,23,3.690854063630324,0.0,0.0,0.0,0.0,0.0,0.0,0.0,0.0,0.0,0.0,0.0,3.690854063630324,0.0,0.0,0.0,0.0,0.0,0.0,0.0,0.0,0.0,0.0,0.0,0.0,0.0,0.0,0.0,0.0,0.0,0.0,0.0,0.0,0.0,0.0,0.0,0.0,0.0,0.0,0.0,0.0,0.0,0.0,0.0,0.0,0.0,0.0,0.0,0.0,0.0,0.0,0.0,0.0,0.0,0.0,0.0,0.0,0.0,0.0,0.0,0.0,0.0,0.0,0.0,0.0,0.0,27.572324741439676,6.217391304347826,0.0,1.9404082182232274,2.3656776739339516,0.0,0.5652173913043478,0.0,0.0,6.967670011148273,14.043478260869565,2.2399620733060632,-2.9761923022739487,17.033622464198356,15.022681069597473,15.770232337418497,17.469667051504658,21.157623072853692,0.0,0.0,2024,4
2024-05-01,28,5.1020408163265305,0.0,0.0,0.0,0.0,0.0,0.0,0.0,0.0,0.0,0.0,0.0,0.0,0.0,0.0,0.0,0.0,0.0,5.1020408163265305,0.0,0.0,0.0,0.0,0.0,0.0,0.0,0.0,0.0,0.0,0.0,0.0,0.0,0.0,0.0,0.0,0.0,0.0,0.0,0.0,0.0,0.0,0.0,0.0,0.0,0.0,0.0,0.0,0.0,0.0,0.0,0.0,0.0,0.0,0.0,0.0,0.0,0.0,0.0,0.0,0.0,0.0,0.0,0.0,0.0,0.0,0.0,21.18851328410152,6.035714285714286,0.0,1.901936300954043,2.1769439635441956,0.0,0.4642857142857143,0.0,0.0,3.968253968253968,12.25,2.1783778782645435,8.298529968207403,15.07854660524497,14.164301444922836,14.15745509401494,14.977604669177202,18.482523127027772,0.0,0.0,2024,5
2024-06-01,16,0.0,0.0,0.0,0.0,0.0,0.0,0.0,0.0,0.0,0.0,0.0,0.0,0.0,0.0,0.0,0.0,0.0,0.0,0.0,0.0,0.0,0.0,0.0,0.0,0.0,0.0,0.0,0.0,0.0,0.0,0.0,0.0,0.0,0.0,0.0,0.0,0.0,0.0,0.0,0.0,0.0,0.0,0.0,0.0,0.0,0.0,0.0,0.0,0.0,0.0,0.0,0.0,0.0,0.0,0.0,0.0,0.0,0.0,0.0,0.0,0.0,0.0,0.0,0.0,0.0,0.0,14.583333333333332,6.0625,0.0,1.7908359551655118,1.723103805916306,0.0,0.5,0.0,0.0,5.208333333333333,11.125,2.208326691690662,0.47149875859437174,15.864161520668876,15.097541699558612,14.243886375665799,16.789403373281132,19.42209277650454,0.0,0.0,2024,6
2024-07-01,21,3.6630036630036633,0.0,0.0,0.0,0.0,0.0,0.0,0.0,0.0,0.0,3.6630036630036633,0.0,0.0,0.0,0.0,0.0,0.0,0.0,0.0,0.0,0.0,0.0,0.0,0.0,0.0,0.0,0.0,0.0,0.0,0.0,0.0,0.0,0.0,0.0,0.0,0.0,0.0,0.0,0.0,0.0,0.0,0.0,0.0,0.0,0.0,0.0,0.0,0.0,0.0,0.0,0.0,0.0,0.0,0.0,0.0,0.0,0.0,0.0,0.0,0.0,0.0,0.0,0.0,0.0,0.0,0.0,24.893162393162395,6.0476190476190474,0.0,1.9022065116923594,2.2140733877078413,0.0,0.14285714285714285,0.0,0.0,0.0,11.761904761904763,2.0853629835772693,12.241630631273509,14.367380912738057,14.484407124357125,13.92570725019843,14.85674819823034,17.92026914884058,0.003968253968253968,0.0,2024,7
2024-08-01,20,4.7727272727272725,0.0,5.555555555555555,0.0,0.0,0.0,0.0,0.0,0.0,0.0,0.0,0.0,0.0,0.0,0.0,0.0,0.0,4.7727272727272725,0.0,0.0,0.0,0.0,0.0,0.0,0.0,0.0,0.0,0.0,0.0,0.0,0.0,0.0,5.555555555555555,0.0,0.0,0.0,0.0,0.0,0.0,0.0,0.0,0.0,0.0,0.0,0.0,0.0,0.0,0.0,0.0,0.0,0.0,0.0,0.0,0.0,0.0,0.0,0.0,0.0,0.0,0.0,0.0,0.0,0.0,0.0,3.3333333333333335,0.0,17.359117490696438,6.1,0.24748737341529164,2.002323631146546,2.173706571206571,0.025194392875890426,0.4,0.035355339059327376,0.24748737341529164,2.5,12.425,1.979781556163135,19.028375085440892,13.561542245765931,13.692895666628695,14.365318345927282,14.784408921451355,18.431626034783932,0.0,0.0,2024,8
2024-09-01,28,0.0,0.0,4.081632653061225,0.0,0.0,0.0,0.0,0.0,0.0,0.0,0.0,0.0,0.0,0.0,0.0,0.0,0.0,0.0,0.0,0.0,0.0,0.0,0.0,0.0,0.0,0.0,0.0,0.0,0.0,0.0,0.0,0.0,4.081632653061225,0.0,0.0,0.0,0.0,0.0,0.0,0.0,0.0,0.0,0.0,0.0,0.0,0.0,0.0,0.0,0.0,0.0,0.0,0.0,0.0,0.0,0.0,0.0,0.0,0.0,0.0,0.0,0.0,0.0,0.0,0.0,2.232142857142857,0.0,5.994005994005994,6.25,0.05050762722761054,1.904084156806423,2.117006176013529,0.01554080837772632,0.5,0.05050762722761054,0.05050762722761054,3.2467532467532467,12.178571428571429,2.1348327005627423,6.832008873479483,15.216553642435997,14.538476357536023,14.814717999873228,15.750848793538394,19.733491438533456,0.0,0.0,2024,9
2024-10-01,33,0.0,2.7548209366391183,0.0,0.0,0.0,0.0,0.0,0.0,0.0,0.0,0.0,0.0,0.0,0.0,0.0,0.0,0.0,0.0,0.0,0.0,0.0,0.0,0.0,2.7548209366391183,0.0,0.0,0.0,0.0,0.0,0.0,0.0,0.0,0.0,0.0,0.0,0.0,0.0,0.0,0.0,0.0,0.0,0.0,0.0,0.0,0.0,0.0,0.0,0.0,0.0,0.0,0.0,0.0,0.0,0.0,0.0,0.0,0.0,0.0,0.0,0.0,0.0,0.0,0.0,0.0,1.2626262626262625,0.0,13.064554124925642,6.393939393939394,0.0,1.9418799203118302,2.080919306584941,0.0,0.3939393939393939,0.0,0.0,1.7825311942959001,13.393939393939394,2.1737755375953043,0.04138126500862685,16.437948325598413,14.773895244023162,15.075568190296714,17.481538788024146,19.936258654174928,0.0,0.0,2024,10
2024-11-01,32,1.953125,1.488095238095238,2.6041666666666665,0.0,0.0,0.0,0.0,0.0,0.0,0.0,0.0,0.0,0.0,0.0,0.0,0.0,0.0,1.953125,0.0,0.0,0.0,0.0,0.0,1.488095238095238,0.0,0.0,0.0,0.0,0.0,0.0,2.6041666666666665,0.0,0.0,0.0,0.0,0.0,0.0,0.0,0.0,0.0,0.0,0.0,0.0,0.0,0.0,0.0,0.0,0.0,0.0,0.0,0.0,0.0,0.0,0.0,0.0,0.0,0.0,0.0,0.0,0.0,0.0,0.0,0.0,0.0,0.0,0.0,18.01215277777778,6.28125,0.0,1.9103278053706976,2.1205221438079893,0.0,0.34375,0.0,0.0,0.0,12.78125,2.1887368835208907,0.6086388060469154,16.22543845553956,14.146042292455567,15.315950720893953,15.66750457217765,20.742447722556083,0.0,0.0026041666666666665,2024,11
2024-12-01,26,0.0,0.0,2.262443438914027,0.0,0.0,0.0,0.0,0.0,0.0,0.0,0.0,0.0,0.0,0.0,0.0,0.0,0.0,0.0,0.0,0.0,0.0,0.0,0.0,0.0,0.0,0.0,0.0,0.0,0.0,0.0,0.0,0.0,2.262443438914027,0.0,0.0,0.0,0.0,0.0,0.0,0.0,0.0,0.0,0.0,0.0,0.0,0.0,0.0,0.0,0.0,0.0,0.0,0.0,0.0,0.0,0.0,0.0,0.0,0.0,0.0,0.0,0.0,0.0,0.0,0.0,5.4945054945054945,0.0,10.524338459561132,5.769230769230769,0.10878565864408424,1.8172309580730295,2.241821423046992,0.03626188621469475,0.3076923076923077,0.0,0.10878565864408424,0.0,12.346153846153847,2.199054471169856,4.816416852378415,15.530447949486414,14.439707263676496,14.506724829201538,16.36758628871129,19.34634510788357,0.0,0.0,2024,12
2025-01-01,29,8.471413643827436,0.0,0.0,0.0,0.0,0.0,0.0,0.0,0.0,0.0,0.0,0.0,6.008359456635319,0.0,0.0,0.0,0.0,0.0,2.4630541871921183,0.0,0.0,0.0,0.0,0.0,0.0,0.0,0.0,0.0,0.0,0.0,0.0,0.0,0.0,0.0,0.0,0.0,0.0,0.0,0.0,0.0,0.0,0.0,0.0,0.0,0.0,0.0,0.0,0.0,0.0,0.0,0.0,0.0,0.0,0.0,0.0,0.0,0.0,0.0,0.0,0.0,0.0,0.0,0.0,0.0,0.0,0.0,6.8176695965742615,5.689655172413793,0.024382992454708537,1.7926584479772782,2.146844235662984,0.020319160378923784,0.27586206896551724,0.024382992454708537,0.024382992454708537,0.0,10.741379310344827,2.3359203913650375,-9.617380894967079,17.14500193293297,15.220278559754423,14.40058773305461,17.424278536119054,20.303672189879087,0.0,0.0,2025,1
2025-02-01,26,0.0,0.0,0.0,0.0,0.0,0.0,0.0,0.0,0.0,0.0,0.0,0.0,0.0,0.0,0.0,0.0,0.0,0.0,0.0,0.0,0.0,0.0,0.0,0.0,0.0,0.0,0.0,0.0,0.0,0.0,0.0,0.0,0.0,0.0,0.0,0.0,0.0,0.0,0.0,0.0,0.0,0.0,0.0,0.0,0.0,0.0,0.0,0.0,0.0,0.0,0.0,0.0,0.0,0.0,0.0,0.0,0.0,0.0,0.0,0.0,0.0,0.0,0.0,0.0,0.0,0.0,23.071217997688585,6.615384615384615,0.0,1.9283375863819523,2.305952081632303,0.0,0.4230769230769231,0.0,0.0,1.5384615384615385,13.653846153846153,2.098272734912411,6.111176864633361,15.626947598622703,14.469182838293062,15.54828219866772,17.51224062939422,20.22177222237951,0.0,0.0,2025,2
2025-03-01,30,4.945054945054945,2.7777777777777777,0.0,0.0,0.0,0.0,0.0,0.0,0.0,0.0,0.0,0.0,4.945054945054945,0.0,0.0,0.0,0.0,0.0,0.0,0.0,0.0,0.0,0.0,0.0,2.7777777777777777,0.0,0.0,0.0,0.0,0.0,0.0,0.0,0.0,0.0,0.0,0.0,0.0,0.0,0.0,0.0,0.0,0.0,0.0,0.0,0.0,0.0,0.0,0.0,0.0,0.0,0.0,0.0,0.0,0.0,0.0,0.0,0.0,0.0,0.0,0.0,0.0,0.0,0.0,0.0,3.0303030303030303,0.0,22.315184815184814,6.233333333333333,0.0,1.901460496280569,2.079344005381157,0.0,0.43333333333333335,0.0,0.0,2.7777777777777777,12.166666666666666,2.326203613637824,-7.2312996389575135,17.16213221914538,15.075374091176855,15.270278788381068,17.418971106086893,20.782607704186653,0.0027777777777777775,0.0,2025,3
2025-04-01,25,0.0,2.5,2.857142857142857,0.0,0.0,0.0,0.0,0.0,0.0,0.0,0.0,0.0,0.0,0.0,0.0,0.0,0.0,0.0,0.0,0.0,0.0,0.0,0.0,2.5,0.0,0.0,0.0,0.0,0.0,0.0,0.0,0.0,2.857142857142857,0.0,0.0,0.0,0.0,0.0,0.0,0.0,0.0,0.0,0.0,0.0,0.0,0.0,0.0,0.0,0.0,0.0,0.0,0.0,0.0,0.0,0.0,0.0,0.0,0.0,0.0,0.0,0.0,0.0,0.0,0.0,0.0,0.0,20.37499044680361,6.08,0.0,1.8617285771647811,2.136787099560824,0.0,0.44,0.0,0.0,0.0,11.84,2.1560394605394606,6.101351184110029,15.260262600797896,14.506623728781024,14.59431475264888,15.810794993339993,19.541788381553086,0.0,0.0,2025,4
2025-05-01,25,0.0,0.0,3.0769230769230775,0.0,0.0,0.0,0.0,0.0,0.0,0.0,0.0,0.0,0.0,0.0,0.0,0.0,0.0,0.0,0.0,0.0,0.0,0.0,0.0,0.0,0.0,0.0,0.0,0.0,0.0,0.0,0.0,0.0,3.0769230769230775,0.0,0.0,0.0,0.0,0.0,0.0,0.0,0.0,0.0,0.0,0.0,0.0,0.0,0.0,0.0,0.0,0.0,0.0,0.0,0.0,0.0,0.0,0.0,0.0,0.0,0.0,0.0,0.0,0.0,0.0,0.0,0.0,0.0,26.697855750487328,6.08,0.0,1.934833370932832,2.25494799868767,0.0,0.44,0.0,0.0,0.0,12.52,2.3060661921497836,-5.7314841715559774,17.04982497901136,15.098750576830463,15.41346446527149,17.1621657707102,21.332419782487896,0.002105263157894737,0.0,2025,5
2025-06-01,25,4.962406015037594,0.0,0.0,0.0,0.0,0.0,0.0,0.0,0.0,0.0,0.0,0.0,4.962406015037594,0.0,0.0,0.0,0.0,0.0,0.0,0.0,0.0,0.0,0.0,0.0,0.0,0.0,0.0,0.0,0.0,0.0,0.0,0.0,0.0,0.0,0.0,0.0,0.0,0.0,0.0,0.0,0.0,0.0,0.0,0.0,0.0,0.0,0.0,0.0,0.0,0.0,0.0,0.0,0.0,0.0,0.0,0.0,0.0,0.0,0.0,0.0,0.0,0.0,0.0,0.0,0.0,0.0,27.200945253576833,6.24,0.0,1.9448840967559908,2.099369796869797,0.0,0.44,0.0,0.0,0.0,12.64,2.3008350046925896,-5.952125550610361,17.130285596893646,15.06350895487313,15.447433080573667,17.135700541955465,21.238075894521717,0.0,0.0,2025,6
2025-07-01,20,3.5714285714285716,0.0,0.0,0.0,0.0,0.0,0.0,0.0,0.0,0.0,0.0,0.0,0.0,0.0,0.0,0.0,0.0,3.5714285714285716,0.0,0.0,0.0,0.0,0.0,0.0,0.0,0.0,0.0,0.0,0.0,0.0,0.0,0.0,0.0,0.0,0.0,0.0,0.0,0.0,0.0,0.0,0.0,0.0,0.0,0.0,0.0,0.0,0.0,0.0,0.0,0.0,0.0,0.0,0.0,0.0,0.0,0.0,0.0,0.0,0.0,0.0,0.0,0.0,0.0,0.0,0.0,0.0,28.17640692640693,5.9,0.0,1.9694167860498024,2.2188321433038927,0.0,0.55,0.0,0.0,3.125,12.05,2.203597644185879,1.0607673368830917,16.00555550147494,15.339428279027027,14.862385120862811,16.985028743017427,20.18939292875354,0.0,0.0,2025,7
2025-08-01,23,2.717391304347826,0.0,0.0,0.0,0.0,0.0,0.0,0.0,0.0,0.0,0.0,0.0,0.0,0.0,0.0,0.0,0.0,2.717391304347826,0.0,0.0,0.0,0.0,0.0,0.0,0.0,0.0,0.0,0.0,0.0,0.0,0.0,0.0,0.0,0.0,0.0,0.0,0.0,0.0,0.0,0.0,0.0,0.0,0.0,0.0,0.0,0.0,0.0,0.0,0.0,0.0,0.0,0.0,0.0,0.0,0.0,0.0,0.0,0.0,0.0,0.0,0.0,0.0,0.0,0.0,0.0,0.0,29.388787540961452,5.6521739130434785,0.0,1.8367918498381648,2.143949968758153,0.0,0.5217391304347826,0.0,0.0,3.344481605351171,10.956521739130435,2.199650193512086,4.429446423142105,15.29860583860584,14.433060991665341,14.222568130868966,16.314520591727113,19.20142948838601,0.0,0.0,2025,8
2025-09-01,31,3.2416192283364955,0.0,0.0,0.0,0.0,0.0,0.0,0.0,0.0,0.0,0.0,0.0,1.8975332068311195,0.0,0.0,0.0,0.0,0.0,1.3440860215053763,0.0,0.0,0.0,0.0,0.0,0.0,0.0,0.0,0.0,0.0,0.0,0.0,0.0,0.0,0.0,0.0,0.0,0.0,0.0,0.0,0.0,0.0,0.0,0.0,0.0,0.0,0.0,0.0,0.0,0.0,0.0,0.0,0.0,0.0,0.0,0.0,0.0,0.0,0.0,0.0,0.0,0.0,0.0,0.0,0.0,0.0,0.0,23.365923784618612,6.225806451612903,0.022809896167307987,1.9286476865990945,2.2164874210479173,0.008121705453511178,0.6451612903225806,0.022809896167307987,0.022809896167307987,4.398826979472141,13.14516129032258,2.2578670971827477,-7.239153630902804,17.490591549677518,14.571016730386036,15.689119871765255,17.47717809462856,21.629451761437572,0.0,0.0,2025,9
2025-10-01,24,4.629629629629629,0.0,0.0,0.0,0.0,0.0,0.0,0.0,0.0,0.0,0.0,0.0,0.0,0.0,0.0,0.0,0.0,0.0,4.629629629629629,0.0,0.0,0.0,0.0,0.0,0.0,0.0,0.0,0.0,0.0,0.0,0.0,0.0,0.0,0.0,0.0,0.0,0.0,0.0,0.0,0.0,0.0,0.0,0.0,0.0,0.0,0.0,0.0,0.0,0.0,0.0,0.0,0.0,0.0,0.0,0.0,0.0,0.0,0.0,0.0,0.0,0.0,0.0,0.0,0.0,0.0,0.0,11.937830687830688,6.458333333333333,0.0,1.9076232580850225,2.1473635093120387,0.0,0.5833333333333334,0.0,0.0,3.2051282051282057,13.083333333333334,2.1754118031449687,-0.482004704853954,16.421553749219193,14.307582776108696,15.32228595005459,17.31778196007424,20.438668847492377,0.0020833333333333333,0.0,2025,10
2025-11-01,30,1.5151515151515151,0.0,0.0,0.0,0.0,0.0,0.0,0.0,0.0,0.0,0.0,0.0,0.0,0.0,0.0,0.0,0.0,0.0,1.5151515151515151,0.0,0.0,0.0,0.0,0.0,0.0,0.0,0.0,0.0,0.0,0.0,0.0,0.0,0.0,0.0,0.0,0.0,0.0,0.0,0.0,0.0,0.0,0.0,0.0,0.0,0.0,0.0,0.0,0.0,0.0,0.0,0.0,0.0,0.0,0.0,0.0,0.0,0.0,0.0,0.0,0.0,0.0,0.0,0.0,0.0,0.0,0.0,25.314583564583565,6.266666666666667,0.0,1.9423254104967234,2.165658830109631,0.0,0.43333333333333335,0.0,0.0,6.926406926406926,13.2,2.230372802578685,-0.15982223168986043,16.395247860527274,14.828056113260379,15.40365696136009,17.526671659794452,20.30747372453255,0.0,0.0,2025,11
2025-12-01,22,6.3374125874125875,0.0,0.0,0.0,0.0,0.0,0.0,0.0,0.0,0.0,0.0,0.0,0.0,0.0,0.0,0.0,0.0,6.3374125874125875,0.0,0.0,0.0,0.0,0.0,0.0,0.0,0.0,0.0,0.0,0.0,0.0,0.0,0.0,0.0,0.0,0.0,0.0,0.0,0.0,0.0,0.0,0.0,0.0,0.0,0.0,0.0,0.0,0.0,0.0,0.0,0.0,0.0,0.0,0.0,0.0,0.0,0.0,0.0,0.0,0.0,0.0,0.0,0.0,0.0,0.0,0.0,0.0,20.95025847205573,6.7272727272727275,0.0,1.9269856630914546,2.1116626375897476,0.0,0.45454545454545453,0.0,0.0,0.0,13.681818181818182,2.3144534127488674,-9.124332954900412,17.795426517887467,15.152630284016498,15.90843511438414,17.955741725063564,21.650259061700098,0.0,0.0,2025,12
2026-01-01,32,1.488095238095238,0.0,0.0,0.0,0.0,0.0,0.0,0.0,0.0,0.0,0.0,0.0,1.488095238095238,0.0,0.0,0.0,0.0,0.0,0.0,0.0,0.0,0.0,0.0,0.0,0.0,0.0,0.0,0.0,0.0,0.0,0.0,0.0,0.0,0.0,0.0,0.0,0.0,0.0,0.0,0.0,0.0,0.0,0.0,0.0,0.0,0.0,0.0,0.0,0.0,0.0,0.0,0.0,0.0,0.0,0.0,0.0,0.0,0.0,0.0,0.0,0.0,0.0,0.0,0.0,0.0,0.0,16.28057699529087,6.5,0.0,1.9464702269142689,2.2448615759107686,0.0,0.5,0.0,0.0,2.0833333333333335,14.40625,2.240407947852801,-7.568442187408161,17.69980192448483,15.488231834199299,16.084294685456335,18.4029757582338,21.02203519519696,0.0,0.0,2026,1
2026-02-01,20,3.8461538461538467,6.25,0.0,0.0,0.0,0.0,0.0,0.0,0.0,0.0,0.0,0.0,0.0,0.0,0.0,0.0,0.0,0.0,3.8461538461538467,0.0,0.0,0.0,0.0,6.25,0.0,0.0,0.0,0.0,0.0,0.0,0.0,0.0,0.0,0.0,0.0,0.0,0.0,0.0,0.0,0.0,0.0,0.0,0.0,0.0,0.0,0.0,0.0,0.0,0.0,0.0,0.0,0.0,0.0,0.0,0.0,0.0,0.0,0.0,0.0,0.0,0.0,0.0,0.0,0.0,2.631578947368421,0.0,20.970389904213434,5.7,0.0,1.848333375575638,2.143443062785168,0.0,0.3,0.0,0.0,0.0,11.7,2.205979922854923,-2.6786851604277855,16.41534142899584,15.322348244631186,14.707017638517922,18.147047104978355,20.38189712248536,0.0,0.0,2026,2
2026-03-01,17,11.554621848739497,0.0,2.100840336134454,0.0,0.0,0.0,0.0,0.0,0.0,0.0,4.201680672268908,0.0,0.0,0.0,0.0,0.0,0.0,0.0,7.352941176470588,0.0,0.0,0.0,0.0,0.0,0.0,0.0,0.0,0.0,0.0,0.0,0.0,0.0,2.100840336134454,0.0,0.0,0.0,0.0,0.0,0.0,0.0,0.0,0.0,0.0,0.0,0.0,0.0,0.0,0.0,0.0,0.0,0.0,0.0,0.0,0.0,0.0,0.0,0.0,0.0,0.0,0.0,0.0,0.0,0.0,0.0,0.0,0.0,16.621882538837557,6.117647058823529,0.0,1.9173711643375753,2.058331813261214,0.0,0.4117647058823529,0.0,0.0,0.0,12.117647058823529,2.2469457829751946,1.9130787862656693,15.929784727767428,14.837083778428415,14.161443708144763,16.411782832046843,18.75196522047733,0.0,0.0,2026,3
2026-04-01,25,0.0,0.0,0.0,0.0,0.0,0.0,0.0,0.0,0.0,0.0,0.0,0.0,0.0,0.0,0.0,0.0,0.0,0.0,0.0,0.0,0.0,0.0,0.0,0.0,0.0,0.0,0.0,0.0,0.0,0.0,0.0,0.0,0.0,0.0,0.0,0.0,0.0,0.0,0.0,0.0,0.0,0.0,0.0,0.0,0.0,0.0,0.0,0.0,0.0,0.0,0.0,0.0,0.0,0.0,0.0,0.0,0.0,0.0,0.0,0.0,0.0,0.0,0.0,0.0,0.0,0.0,28.325282844464432,5.76,0.0,1.8351886225831457,2.1580363325222662,0.0,0.4,0.0,0.0,2.5,12.72,2.255347784654286,-6.652681882823037,17.0888795061148,15.534359254040078,15.487105899717857,19.12207513378778,21.857942423589485,0.0,0.0,2026,4
