domain,topic_id,topic_label,topic_count,topic_share,pre_end_year,post_start_year,colon_per_1k_words_pre_mean,colon_per_1k_words_post_mean,colon_per_1k_words_absolute_change,colon_per_1k_words_pct_change,clause_depth_pre_mean,clause_depth_post_mean,clause_depth_absolute_change,clause_depth_pct_change,verb_align_per_1k_words_pre_mean,verb_align_per_1k_words_post_mean,verb_align_per_1k_words_absolute_change,verb_align_per_1k_words_pct_change,marker_words_total_per_1k_words_pre_mean,marker_words_total_per_1k_words_post_mean,marker_words_total_per_1k_words_absolute_change,marker_words_total_per_1k_words_pct_change,avg_words_per_sentence_pre_mean,avg_words_per_sentence_post_mean,avg_words_per_sentence_absolute_change,avg_words_per_sentence_pct_change,dependency_length_pre_mean,dependency_length_post_mean,dependency_length_absolute_change,dependency_length_pct_change,coordination_count_pre_mean,coordination_count_post_mean,coordination_count_absolute_change,coordination_count_pct_change,word_across_per_1k_words_pre_mean,word_across_per_1k_words_post_mean,word_across_per_1k_words_absolute_change,word_across_per_1k_words_pct_change,smog_index_pre_mean,smog_index_post_mean,smog_index_absolute_change,smog_index_pct_change,semicolon_per_1k_words_pre_mean,semicolon_per_1k_words_post_mean,semicolon_per_1k_words_absolute_change,semicolon_per_1k_words_pct_change,word_insight_per_1k_words_pre_mean,word_insight_per_1k_words_post_mean,word_insight_per_1k_words_absolute_change,word_insight_per_1k_words_pct_change,sentence_depth_std_pre_mean,sentence_depth_std_post_mean,sentence_depth_std_absolute_change,sentence_depth_std_pct_change,clause_depth_std_pre_mean,clause_depth_std_post_mean,clause_depth_std_absolute_change,clause_depth_std_pct_change,certainty_ratio_pre_mean,certainty_ratio_post_mean,certainty_ratio_absolute_change,certainty_ratio_pct_change,dependency_entropy_pre_mean,dependency_entropy_post_mean,dependency_entropy_absolute_change,dependency_entropy_pct_change
arxiv_titles,0,"learning, neural, deep, networks, based, neural networks, models",174804,0.4334911357059073,2022,2023,23.420244291529222,36.53311426696357,13.11286997543435,55.98946711318931,5.295918883382219,5.5747586408659675,0.27883975748374823,5.265181805535288,0.12392222633574912,0.3844714025276782,0.2605491761919291,210.2521750101626,0.45969719972503276,0.7409459070206412,0.28124870729560847,61.181296615214755,9.693823539327736,10.625637355289003,0.9318138159612666,9.612448712119713,1.9914735540684292,2.111629426815314,0.12015587274688477,6.0335158607261175,0.2194801254172145,0.24351151418899153,0.024031388771777018,10.949232294311493,0.20144470554312682,0.3525348917572309,0.15109018621410408,75.00330465709735,13.216832859357206,13.962780660623537,0.7459478012663308,5.643922482822481,0.029772448207865555,0.01477098496771075,-0.015001463240154805,-50.38706637565527,0.11671200678108766,0.23560412231655684,0.11889211553546918,101.8679387104282,0.01121976042752612,0.01635729604926292,0.005137535621736801,45.790065259616185,0.01121976042752612,0.01635729604926292,0.005137535621736801,45.790065259616185,0.0001945404697176471,0.0005249909495715523,0.0003304504798539052,169.86207565629698,1.7351121269463778,1.8000242953881938,0.06491216844181591,3.741093583159653
arxiv_titles,1,"language, models, language models, large, large language, text, generation",105531,0.2617031248837561,2022,2023,29.707375173183294,47.53205733582222,17.82468216263893,60.00086530273191,5.360468400914203,5.6786003904490165,0.31813198953481336,5.934779682323235,0.21548102921185944,0.7817138005197929,0.5662327713079335,262.7761587082533,0.663317102386273,1.2253308307948287,0.5620137284085558,84.72776088340254,9.553925596843087,10.711892426290236,1.1579668294471492,12.12032496704577,1.9947220241677388,2.1222436354628886,0.12752161129514983,6.392951486478718,0.23866875529647416,0.2617510136657155,0.023082258369241354,9.671252670073462,0.37902779969189393,0.6634050768670081,0.2843772771751142,75.02807905021221,13.234854976231198,13.52181407353139,0.2869590973001923,2.1682073420188526,0.025457427534266632,0.01914353170271155,-0.006313895831555082,-24.801782595890124,0.09692407563526072,0.34471922993416476,0.24779515429890403,255.65903277880403,0.035454763277390854,0.050275291722164356,0.014820528444773502,41.80123367012975,0.035454763277390854,0.050275291722164356,0.014820528444773502,41.80123367012975,0.0003365293492323173,0.0008515583242601787,0.0005150289750278615,153.04132498479947,1.7905721960675944,1.8740508588270137,0.08347866275941929,4.662122138540565
arxiv_titles,3,"learning, reinforcement, reinforcement learning, policy, multi, bandits, control",43732,0.1084496598858764,2022,2023,20.597964753176868,34.721633916478055,14.123669163301187,68.56827522788564,5.3120459279581365,5.532246663062913,0.22020073510477634,4.145309323208693,0.05231172996837724,0.385149364592071,0.33283763462369376,636.258129534038,0.427531955469581,0.5556093653485626,0.12807740987898164,29.957388737949994,9.701392064217853,10.606414681137124,0.9050226169192719,9.328791279937173,1.9758413989563914,2.103335053237096,0.12749365428070458,6.452625921698206,0.20687903266778435,0.22770177554160254,0.02082274287381819,10.065177995711283,0.117124135947486,0.21125735281605382,0.09413321686856782,80.37046856915434,13.409796351231112,13.929858330177979,0.5200619789468668,3.878224287120673,0.020066993470438048,0.006435274013967507,-0.01363171945647054,-67.93105044137423,0.06927661226234791,0.1423946912321589,0.07311807896981098,105.54511339687856,0.011367701673045315,0.01529125316484891,0.003923551491803595,34.514905516099,0.011367701673045315,0.01529125316484891,0.003923551491803595,34.514905516099,0.00013113119753325298,0.0003792480758062063,0.00024811687827295333,189.21269914433174,1.7357015280166739,1.7849892220431731,0.04928769402649924,2.8396411036647864
arxiv_titles,2,"graph, learning, federated, federated learning, networks, privacy, graph neural",39804,0.0987087318690529,2022,2023,27.850738535421574,38.23451663043157,10.383778095009998,37.283672322741225,5.177268271430127,5.450937412554799,0.2736691411246719,5.285975668575423,0.12325201574738659,0.2925221446934424,0.1692701289460558,137.3366008820387,0.5497266759652263,0.879920756314934,0.33019408034970776,60.0651368736915,9.1161456631449,10.154649752821566,1.0385040896766657,11.39192075303458,1.923412892875714,2.049406069049676,0.1259931761739621,6.55050076042635,0.21375667138655918,0.24022945620744335,0.026472784820884165,12.384542035186625,0.2313028962134852,0.31149860466285534,0.08019570844937013,34.6712945502213,12.796674905950926,13.531074577454103,0.7343996715031764,5.73898826766048,0.006051144271381711,0.015665696400506055,0.009614552129124345,158.8881655754833,0.1009379900888579,0.3193375544426677,0.2183995643538098,216.37003487145716,0.014716703086948,0.019570569839045666,0.0048538667520976655,32.982025413032076,0.014716703086948,0.019570569839045666,0.0048538667520976655,32.982025413032076,0.0002723402641306888,0.0006326568984854038,0.000360316634354715,132.3038425863495,1.724037925921605,1.7867178553255194,0.06267992940391443,3.635646783721891
arxiv_titles,4,"causal, learning, clinical, data, medical, models, prediction",16560,0.0410666415373208,2022,2023,23.82346424779729,35.892558744682354,12.069094496885064,50.660535224221086,5.7313212013611485,5.860830527497194,0.12950932613604582,2.2596766362577667,0.07086911214740771,0.3183249300162506,0.2474558178688429,349.17301821721003,0.6591055052549118,1.5998973639034493,0.9407918586485374,142.73767267118822,10.696232184248164,11.481515491616502,0.7852833073683385,7.341681573861011,2.0112995730673324,2.1297850587703557,0.11848548570302331,5.890991441037648,0.2818464269862406,0.29313335373941435,0.011286926753173776,4.004637161401656,0.2675778939006915,0.6335380148760998,0.36596012097540837,136.76769618017485,13.832311416900938,14.400948787124111,0.5686373702231737,4.11093528105785,0.057745415328493366,0.03509169889172178,-0.02265371643677159,-39.23032903634437,0.15580333341722005,0.612455364132119,0.4566520307148989,293.0951608667108,0.02837131466377042,0.02743481864953439,-0.0009364960142360275,-3.3008551959416725,0.02837131466377042,0.02743481864953439,-0.0009364960142360275,-3.3008551959416725,0.00040344505151658586,0.0009009201221098238,0.0004974750705932379,123.30677219194655,1.8134215733252954,1.8521475255753843,0.0387259522500889,2.135518448646037
arxiv_titles,5,"ai, intelligence, artificial, human, artificial intelligence, agents, agent",13964,0.0346288999050209,2022,2023,30.219932255624418,47.68411795571416,17.46418570008974,57.79028739165811,5.326788218793829,5.674007116068853,0.34721889727502386,6.5183537060845715,0.26543996426627264,0.5219550947743733,0.25651513050810065,96.63772040399344,0.6874471662421242,1.8439133170667628,1.1564661508246386,168.22618633317956,9.613020102851799,11.062858608199505,1.4498385053477065,15.082029266927231,1.979719756513309,2.1428568484452724,0.16313709193196346,8.240413391604537,0.3520336605890603,0.38436388114241754,0.032330220553357214,9.183843527706651,0.28036946690523123,0.6198881698639505,0.3395187029587192,121.0968892962518,12.777376164107723,13.621206421439506,0.8438302573317831,6.604096541370861,0.09679544392026858,0.010589388173771233,-0.08620605574649734,-89.06003449656801,0.2563790914152834,0.8032259367913787,0.5468468453760953,213.2961944585066,0.0631117177924126,0.07828013233902088,0.015168414546608278,24.034228630094187,0.0631117177924126,0.07828013233902088,0.015168414546608278,24.034228630094187,0.0003424093667863287,0.0007674398135993816,0.00042503044681305293,124.1293282371804,1.82871838246261,1.9199998264808897,0.09128144401827964,4.99155282156442
arxiv_titles,6,"foundation, knowledge, ontology, models, foundation models, model, data",4489,0.0111321348949899,2022,2023,27.163146719658233,43.61053451785087,16.44738779819264,60.550377200184634,5.221665623043206,5.483402489626556,0.26173686658334994,5.012516799779468,0.06261740763932373,0.5577401600887977,0.49512275244947396,790.7110356618099,1.1634897886645068,1.224152096380492,0.06066230771598513,5.21382381753564,9.184303903151743,10.131339326878745,0.9470354237270016,10.31145564991606,1.9305784821813368,2.0636548754297714,0.13307639324843468,6.893083833508458,0.27927363807138383,0.3125864453665283,0.033312807295144464,11.928375168238949,0.5597604854435095,0.5621690997623964,0.002408614318886837,0.4302937383974939,12.900623589232678,13.408514698406915,0.5078911091742366,3.936950068042763,0.0,0.024698676150958294,0.024698676150958294,,0.2661239824671259,0.5070714469359819,0.24094746446885607,90.53955311923839,0.01984348693888394,0.029984308804270887,0.010140821865386947,51.10403174915637,0.01984348693888394,0.029984308804270887,0.010140821865386947,51.10403174915637,0.000661978041439482,0.0007879554171047539,0.00012597737566527188,19.030446295670476,1.7756340993236641,1.8329436193911008,0.057309520067436726,3.2275523481592194
arxiv_titles,7,"rag, fashion, 3d, generation, human, based, image",2463,0.006107918967779,2022,2023,33.13077323382196,54.66809753964727,21.537324305825308,65.00700769591053,5.280397022332506,5.500905250452625,0.22050822812011894,4.175978192312403,0.12406947890818859,1.1969912259237403,1.0729217470155517,864.7749280945346,0.6863346193371008,0.7495549563070596,0.06322033696995877,9.211299443268707,9.435483870967742,10.20519010259505,0.7697062316273087,8.157570318101392,1.9659112420416978,2.1025107262015443,0.13659948415984657,6.948405464021923,0.31389578163771714,0.3053711526855763,-0.008524628952140845,-2.7157513578756998,0.48750532621500364,0.30611721655067176,-0.1813881096643319,-37.20741085489897,12.628332335673678,13.274863006206612,0.6465306705329343,5.119683687026154,0.0,0.08953026454535201,0.08953026454535201,,0.0954380606986066,0.35003888353315027,0.25460082283454366,266.7707421660349,0.02544180726353578,0.0383282159292651,0.01288640866572932,50.650523888680816,0.02544180726353578,0.0383282159292651,0.01288640866572932,50.650523888680816,0.0004493542024558864,0.0012452214783631452,0.0007958672759072589,177.11357133360514,1.7574058154242473,1.8397792893179812,0.08237347389373384,4.687219831115013
arxiv_titles,8,"fuzzy, based, algorithm, decision, optimization, data, classification",1892,0.004691913393032,2022,2023,10.220860570555912,14.797127045290427,4.576266474734515,44.773788304262254,5.700539568345324,5.7987179487179485,0.09817838037262483,1.7222646943423066,0.0,0.0,0.0,,0.33869008689152574,0.2642176199868508,-0.07447246690467496,-21.988381056020305,10.979766187050359,11.212179487179487,0.23241330012912798,2.116741797318402,2.0265834150069924,2.066203142285105,0.03961972727811247,1.9550010616254732,0.3273381294964029,0.33974358974358976,0.012405460247186861,3.789799943646096,0.0,0.08547008547008547,0.08547008547008547,,13.688949025465782,13.966612512376557,0.27766348691077525,2.0283769513220715,0.08406318423522052,0.0,-0.08406318423522052,-100.0,0.0,0.0,0.0,,0.013353635256220733,0.009972018709041,-0.0033816165471797326,-25.323565323565518,0.013353635256220733,0.009972018709041,-0.0033816165471797326,-25.323565323565518,0.00018167284354333283,0.0006875649841236331,0.0005058921405803002,278.46326986104236,1.7915636884091601,1.8096605353843829,0.018096846975222736,1.010114632949055
arxiv_titles,-1,-1 (outliers),8,1.9838957264406183e-05,2022,2023,20.83333333333333,0.0,-20.83333333333333,-100.00000000000001,5.75,5.5,-0.25,-4.3478260869565215,0.0,0.0,0.0,,0.0,0.0,0.0,,15.0,9.25,-5.75,-38.333333333333336,3.094805194805195,1.6405303030303031,-1.454274891774892,-46.9908378794237,0.5,0.0,-0.5,-100.0,0.0,0.0,0.0,,14.594701253436348,13.289766466534164,-1.3049347869021837,-8.941154493278404,0.0,0.0,0.0,,0.0,0.0,0.0,,0.0,0.0,0.0,,0.0,0.0,0.0,,0.0,0.0,0.0,,1.9257709978633715,1.7807197473961918,-0.1450512504671797,-7.532113144715181
medarxiv_titles,0,"19, covid 19, covid, sars, cov, sars cov, vaccination",35632,0.4344783016912365,2022,2023,21.135710792090737,22.73417772720322,1.5984669351124836,7.562872859287283,6.626687234863093,6.927856852379016,0.30116961751592264,4.544799035202161,0.005891732222936041,0.02882308505047743,0.022931352827541388,389.2124074864005,1.9280460703735613,2.8050071504788767,0.8769610801053154,45.484446330444946,14.606554684263902,16.348136098685103,1.7415814144212014,11.923286853521054,2.4922133510652777,2.592681341020386,0.1004679899551082,4.031275649501032,0.6426704375026782,0.7259861732411549,0.08331573573847673,12.963990698285313,0.7074914583490214,0.9316566076919519,0.22416514934293053,31.684502575626123,15.096371594085475,16.218952143594368,1.1225805495088927,7.4360951074409325,0.3560126364037622,0.24135709679971618,-0.11465553960404601,-32.205469098577865,0.34185612609704596,0.8845672711404963,0.5427111450434503,158.75425467419757,0.043072582945800554,0.03633686288718182,-0.0067357200586187355,-15.638068576232081,0.043072582945800554,0.03633686288718182,-0.0067357200586187355,-15.638068576232081,0.0005999689026196252,0.00044828598661876665,-0.00015168291600085854,-25.28179632953812,2.0110874316351746,2.021207047458854,0.010119615823679595,0.5031912419367834
medarxiv_titles,1,"disease, alzheimer, parkinson disease, alzheimer disease, parkinson, brain, disorder",11283,0.1375791052419797,2022,2023,15.853887145796978,19.366034265603634,3.512147119806656,22.153223922360016,6.5294895530282995,6.505198613703013,-0.024290939325286587,-0.3720189630140497,0.0,0.00952127051833795,0.00952127051833795,,3.0356574814090975,4.5717779363386235,1.536120454929526,50.60256186137596,14.465749801639777,14.786745756687106,0.32099595504732825,2.2190066844025016,2.317015710195339,2.357507172618686,0.040491462423347,1.7475696105631202,0.6440095212906638,0.6528925619834711,0.00888304069280732,1.3793337519303688,1.5753321290313658,2.2548446400840763,0.6795125110527105,43.134555471202546,16.040620236570167,16.243491201471087,0.20287096490092082,1.264732671860194,0.22478235020078277,0.09613215032946236,-0.12865019987132043,-57.23323016972016,0.6910370262610311,1.4062818207118453,0.7152447944508141,103.50310725327745,0.029922529751348154,0.024489203758531735,-0.005433325992816419,-18.157976741828193,0.029922529751348154,0.024489203758531735,-0.005433325992816419,-18.157976741828193,0.0005216371330180987,0.0005781793222903999,5.65421892723012e-05,10.83937198741168,1.9866983226217385,2.0004928065319443,0.013794483910205768,0.6943421531660596
medarxiv_titles,2,"health, study, care, review, clinical, data, language",9798,0.1194717781760983,2022,2023,30.073898639599737,33.37684916502895,3.302950525429214,10.982781331450195,6.811534825086669,6.90188679245283,0.09035196736616058,1.3264553391608176,0.018538773845497854,0.04211596883538452,0.02357719498988667,127.17774749494771,2.291280192809783,2.9960404386143837,0.704760245804601,30.758361548980083,15.597468221451832,16.022955974842766,0.42548775339093403,2.7279283236861698,2.562900070047388,2.5959278371187438,0.03302776707135591,1.288687274909834,0.6835802080050426,0.6736603773584906,-0.009919830646551997,-1.4511582591751722,0.7778058617010252,1.1300459220230559,0.3522400603220307,45.28637255981822,15.71856740308508,16.09896482272929,0.3803974196442095,2.420051458185362,0.10866053227790728,0.2670016749359732,0.15834114265806593,145.72093412270135,0.3451545513218159,0.9521746833406788,0.6070201320188628,175.86907942954755,0.1037489990145523,0.07612908916516332,-0.027619909849388974,-26.621856703904086,0.1037489990145523,0.07612908916516332,-0.027619909849388974,-26.621856703904086,0.0003429266509882249,0.0005100130261130734,0.00016708637512484855,48.723648233040315,2.0239059130813577,2.031210150604876,0.0073042375235181645,0.36089807714418914
medarxiv_titles,3,"cancer, learning, cell, breast, deep, breast cancer, based",7220,0.0880369706502786,2022,2023,14.944309424279801,19.65379312302767,4.709483698747867,31.513558539522997,6.6628861947594835,6.664593609264422,0.0017074145049384981,0.02562574918781323,0.0,0.010722710701265275,0.010722710701265275,,1.3853661516255096,2.507363021707808,1.1219968700822982,80.98919327325927,15.233085647242863,15.582779326613768,0.3496936793709047,2.2956194658709745,2.385782255991094,2.4510510095188187,0.06526875352772477,2.735738073490325,0.5541650371529135,0.5794552862963758,0.02529024914346223,4.5636674001293525,0.5013993858055144,0.9840714101185487,0.48267202431303435,96.26498116618275,15.762401044518613,16.128966184235516,0.3665651397169025,2.3255666359559846,0.14737736207409244,0.07871071079119636,-0.06866665128289608,-46.59240083858648,0.39745148047361156,1.019889155042174,0.6224376745685625,156.60720997361807,0.024545597446035256,0.020016747826854784,-0.004528849619180472,-18.45076140084746,0.024545597446035256,0.020016747826854784,-0.004528849619180472,-18.45076140084746,0.0007155738746520843,0.000939489220594583,0.0002239153459424987,31.29171618393244,1.9475660594648523,1.964286221178961,0.016720161714108617,0.8585157680711968
medarxiv_titles,4,"stroke, study, pain, patients, injury, review, brain",6189,0.0754654863371986,2022,2023,22.12459854994822,26.26513253115096,4.14053398120274,18.714617451047175,6.780655391120507,6.735164067954388,-0.045491323166118924,-0.670898615872609,0.02402460119162022,0.023272050267628564,-0.0007525509239916552,-3.1324179660228655,1.2636007267916216,2.1519557159275853,0.8883549891359637,70.30345664580018,15.703576462297391,15.86056163214646,0.15698516984906874,0.9996778136876867,2.5001645350329365,2.548173628866876,0.0480090938339397,1.9202373748297026,0.6363636363636364,0.6439376309052828,0.007573994541646423,1.1901991422587237,0.2755363071980539,0.7091839344587809,0.43364762726072703,157.3831164649469,16.07688760366986,16.182937857691627,0.10605025402176693,0.659644183850355,0.23994371372347287,0.29378510104450717,0.0538413873210343,22.43917395689087,0.29038354481869505,0.7266847333300016,0.43630118851130656,150.24996984030798,0.09264089821394801,0.05553148410417143,-0.037109414109776584,-40.05726933268161,0.09264089821394801,0.05553148410417143,-0.037109414109776584,-40.05726933268161,0.00033771324292250943,0.0004897606830024714,0.000152047440079962,45.022646658499646,1.9713785175367688,1.9776421810389107,0.006263663502141803,0.31773012876128076
medarxiv_titles,5,"diabetes, study, health, type, type diabetes, risk, women",5849,0.0713197010157174,2022,2023,26.649867341505562,28.5714582503882,1.9215909088826386,7.210508346095503,6.866238630283574,6.982160804020101,0.1159221737365268,1.6882922365274573,0.0,0.041569262674790254,0.041569262674790254,,1.4658662784303909,3.2797482018147086,1.8138819233843178,123.74129551070459,16.516943106830745,16.939468174204357,0.42252506737361273,2.55813115441969,2.6203992409726884,2.674616363321085,0.05421712234839671,2.0690405301854455,0.8164794007490637,0.8756281407035176,0.05914873995445391,7.244364021944585,0.5500148726895369,1.3077559984963472,0.7577411258068103,137.76738838015518,15.986809246845304,16.379894672379844,0.3930854255345402,2.4588110076568794,0.4678800387458034,0.19656633939678117,-0.2713136993490223,-57.98787656688758,0.26543613787500103,0.9775880316292704,0.7121518937542695,268.29500287923696,0.06353894322913127,0.05037157998169126,-0.013167363247440007,-20.723295947740986,0.06353894322913127,0.05037157998169126,-0.013167363247440007,-20.723295947740986,0.00038637273789757654,0.0005809317781626162,0.00019455904026503964,50.35527126570076,2.0398589908469056,2.049807195459718,0.009948204612812539,0.48769079909206164
medarxiv_titles,6,"heart, cardiovascular, patients, risk, disease, coronary, heart failure",4467,0.05446830303252,2022,2023,21.48423159114237,22.071332582433932,0.5871009912915639,2.7327064912743584,6.743305632502309,6.883274231678487,0.13996859917617854,2.0756674367766856,0.0,0.021107733873691314,0.021107733873691314,,1.8702660855127649,3.1710598354761146,1.3007937499633497,69.55126653043678,15.834256694367498,16.221040189125297,0.3867834947577986,2.442700672494363,2.4891412832667785,2.5191142623473852,0.0299729790806067,1.2041493699895494,0.6648199445983379,0.6510047281323877,-0.013815216465950186,-2.078038810086674,0.4687054512241723,0.7434881150357693,0.274782663811597,58.62587326303018,16.3480057826452,16.548097942914882,0.20009216026968346,1.2239545479124943,0.40586309626669176,0.26434195331344845,-0.1415211429532433,-34.86918230679689,0.8236420229390431,1.6884751860160974,0.8648331630770543,105.00109744170491,0.03395157213453407,0.017761251891506014,-0.016190320243028057,-47.68651118385167,0.03395157213453407,0.017761251891506014,-0.016190320243028057,-47.68651118385167,0.0005081586106516035,0.0005588835865726088,5.072497592100529e-05,9.982114807808035,1.9766074849040547,1.9575758284842226,-0.019031656419832066,-0.9628444982214499
medarxiv_titles,7,"dental, caries, hygiene, oral, cleft, sanitation, study",860,0.0104863981660996,2022,2023,23.878857250987146,28.190991151053144,4.312133900065998,18.05837630646138,6.9188311688311686,7.0271739130434785,0.10834274421230994,1.5659110848142404,0.0,0.0,0.0,,0.8100684209058594,3.066111933024258,2.256043512118399,278.500365388343,15.970779220779221,16.545289855072465,0.5745106342932438,3.5972611376767447,2.5858733217866257,2.675263305648633,0.08938998386200714,3.4568585827029614,0.8116883116883117,0.8351449275362319,0.023456615847920248,2.8898550724637744,0.5781574747091989,0.7716290495348915,0.19347157482569266,33.46347375738847,15.363724494211613,15.839933130342404,0.47620863613079045,3.0995650586562213,0.3455927825675725,0.17769225435129327,-0.1679005282162792,-48.583343369866306,0.0,1.4322331375153647,1.4322331375153647,,0.057395030940466475,0.08582636655706283,0.028431335616596352,49.536231884058076,0.057395030940466475,0.08582636655706283,0.028431335616596352,49.536231884058076,0.0008094178548723311,0.0009041053207348791,9.468746586254796e-05,11.69821808260987,2.002817602779026,2.0180325353547057,0.01521493257567963,0.7596763956222485
medarxiv_titles,8,"gastric, study, patients, urinary, surgery, laparoscopic, review",712,0.0086817622026313,2022,2023,20.605816120535835,26.890725973911273,6.284909853375439,30.500659700208978,6.66,6.766233766233766,0.10623376623376579,1.5951015951015883,0.0,0.0,0.0,,1.2055555555555555,1.18064319744992,-0.024912358105635413,-2.0664628843384216,15.14,15.866883116883116,0.7268831168831156,4.801077390245149,2.518645319599006,2.554852378087725,0.03620705848871886,1.4375608271228673,0.548,0.6341991341991342,0.08619913419913416,15.72976901444054,0.3333333333333333,0.28675028675028674,-0.04658304658304657,-13.974913974913973,16.026883212084545,16.435020374019164,0.4081371619346186,2.5465784989739997,0.5166666666666667,0.12732365673542143,-0.38934300993124527,-75.35671159959584,0.0,0.24757377698554167,0.24757377698554167,,0.12445079348883233,0.04591602475237316,-0.07853476873645918,-63.10507674144042,0.12445079348883233,0.04591602475237316,-0.07853476873645918,-63.10507674144042,0.0013746031746031393,0.0005134810841332484,-0.0008611220904698909,-62.64514053072115,1.9331567392717535,1.9559064192921254,0.02274968002037192,1.1768150796164638
medarxiv_titles,-1,-1 (outliers),1,1.219348623965078e-05,2022,2023,,0.0,,,,5.0,,,,0.0,,,,0.0,,,,7.0,,,,1.1666666666666667,,,,0.0,,,,0.0,,,,11.20814326018867,,,,0.0,,,,0.0,,,,0.0,,,,0.0,,,,0.0,,,,1.5498260458782016,,
