topic_id,topic_label
-1,-1 (outliers)
0,"data, model, learning, models, training, based, performance"
1,"models, language, model, llms, based, data, large"
2,"learning, policy, based, algorithm, model, reinforcement, reinforcement learning"
3,"code, models, language, llms, reasoning, knowledge, model"
4,"data, model, learning, models, time, based, forecasting"
5,"quantum, classical, learning, machine, quantum machine, machine learning, neural"
6,"ai, human, systems, intelligence, agents, artificial, research"
7,"fuzzy, based, decision, paper, data, set, proposed"
8,"privacy, data, learning, federated, fl, model, federated learning"
