month_ts,paper_count,em_dash_per_1k_words_monthly_mean,semicolon_per_1k_words_monthly_mean,colon_per_1k_words_monthly_mean,clause_depth_monthly_mean,clause_depth_std_monthly_mean,dependency_entropy_monthly_mean,dependency_length_monthly_mean,dependency_length_std_monthly_mean,coordination_count_monthly_mean,coordination_per_sentence_std_monthly_mean,sentence_depth_std_monthly_mean,list_of_three_monthly_mean,list_of_three_per_1k_words_monthly_mean,word_finding_per_1k_words_monthly_mean,word_interplay_per_1k_words_monthly_mean,word_realm_per_1k_words_monthly_mean,word_insight_per_1k_words_monthly_mean,word_notably_per_1k_words_monthly_mean,word_particularly_per_1k_words_monthly_mean,word_meticulously_per_1k_words_monthly_mean,word_while_per_1k_words_monthly_mean,word_within_per_1k_words_monthly_mean,word_across_per_1k_words_monthly_mean,word_additionally_per_1k_words_monthly_mean,marker_words_total_per_1k_words_monthly_mean,verb_delve_per_1k_words_monthly_mean,verb_underscore_per_1k_words_monthly_mean,verb_showcase_per_1k_words_monthly_mean,verb_enhance_per_1k_words_monthly_mean,verb_exhibit_per_1k_words_monthly_mean,verb_garner_per_1k_words_monthly_mean,verb_align_per_1k_words_monthly_mean,verb_foster_per_1k_words_monthly_mean,marker_verbs_total_per_1k_words_monthly_mean,adjective_crucial_per_1k_words_monthly_mean,adjective_pivotal_per_1k_words_monthly_mean,adjective_comprehensive_per_1k_words_monthly_mean,adjective_intricate_per_1k_words_monthly_mean,adjective_potential_per_1k_words_monthly_mean,marker_adjectives_total_per_1k_words_monthly_mean,phrase_meticulously_delve_per_1k_words_monthly_mean,phrase_intricate_web_per_1k_words_monthly_mean,phrase_comprehensive_chapter_per_1k_words_monthly_mean,phrase_deep_dive_per_1k_words_monthly_mean,phrase_intricate_interplay_per_1k_words_monthly_mean,phrase_essential_insight_per_1k_words_monthly_mean,marker_phrases_total_per_1k_words_monthly_mean,sequential_marker_additionally_per_1k_words_monthly_mean,sequential_marker_furthermore_per_1k_words_monthly_mean,sequential_marker_moreover_per_1k_words_monthly_mean,sequential_marker_subsequently_per_1k_words_monthly_mean,sequential_marker_further_per_1k_words_monthly_mean,sequential_markers_total_per_1k_words_monthly_mean,causal_marker_hence_per_1k_words_monthly_mean,causal_marker_thus_per_1k_words_monthly_mean,causal_marker_consequently_per_1k_words_monthly_mean,causal_marker_accordingly_per_1k_words_monthly_mean,causal_marker_thereby_per_1k_words_monthly_mean,causal_markers_total_per_1k_words_monthly_mean,contrast_marker_however_per_1k_words_monthly_mean,contrast_marker_nonetheless_per_1k_words_monthly_mean,contrast_marker_nevertheless_per_1k_words_monthly_mean,contrast_marker_conversely_per_1k_words_monthly_mean,contrast_marker_alternatively_per_1k_words_monthly_mean,contrast_markers_total_per_1k_words_monthly_mean,emphasis_marker_notably_per_1k_words_monthly_mean,emphasis_marker_crucially_per_1k_words_monthly_mean,emphasis_marker_remarkably_per_1k_words_monthly_mean,emphasis_marker_particularly_per_1k_words_monthly_mean,emphasis_marker_importantly_per_1k_words_monthly_mean,emphasis_markers_total_per_1k_words_monthly_mean,summary_marker_overall_per_1k_words_monthly_mean,summary_marker_collectively_per_1k_words_monthly_mean,summary_marker_ultimately_per_1k_words_monthly_mean,summary_marker_in_summary_per_1k_words_monthly_mean,summary_marker_taken_together_per_1k_words_monthly_mean,summary_markers_total_per_1k_words_monthly_mean,hedge_ratio_monthly_mean,certainty_ratio_monthly_mean,avg_words_per_sentence_monthly_mean,avg_syllables_per_word_monthly_mean,flesch_reading_ease_monthly_mean,flesch_kincaid_grade_monthly_mean,dale_chall_monthly_mean,year,month
2015-01-01,1,0.0,0.0,0.0,13.0,1.3801311186847085,2.5309275514468634,2.6875,0.40001223318530965,8.0,1.2149857925879117,1.3801311186847085,1.0,6.41025641025641,0.0,0.0,0.0,0.0,0.0,0.0,0.0,0.0,0.0,6.41025641025641,0.0,6.41025641025641,0.0,0.0,0.0,0.0,0.0,0.0,0.0,0.0,0.0,0.0,0.0,0.0,0.0,0.0,0.0,0.0,0.0,0.0,0.0,0.0,0.0,0.0,0.0,0.0,0.0,0.0,0.0,0.0,0.0,0.0,0.0,0.0,0.0,0.0,0.0,0.0,0.0,0.0,0.0,0.0,0.0,0.0,0.0,0.0,0.0,0.0,0.0,0.0,0.0,0.0,0.0,0.0,0.00641025641025641,0.0,22.142857142857142,2.0709677419354837,7.155882352941177,17.691148459383758,13.389633893557424,2015,1
2015-02-01,4,0.0,0.0,1.0638297872340425,10.25,1.3719876087507998,2.6250644222523456,3.403381060868516,0.6229190744761406,4.25,0.5576881460629174,1.3719876087507998,0.75,12.400728182955968,0.0,0.0,0.0,0.0,0.0,0.0,0.0,1.3368983957219251,0.0,0.0,0.0,1.3368983957219251,0.0,0.0,0.0,0.0,0.0,0.0,0.0,0.0,0.0,0.0,0.0,0.0,0.0,0.0,0.0,0.0,0.0,0.0,0.0,0.0,0.0,0.0,0.0,2.5,0.0,0.0,0.0,2.5,0.0,0.0,0.0,0.0,0.0,0.0,2.4007281829559677,0.0,0.0,0.0,0.0,2.4007281829559677,0.0,0.0,0.0,0.0,0.0,0.0,0.0,0.0,0.0,0.0,0.0,0.0,0.0,0.0025,27.75,1.9952447865754317,2.4647325545831222,19.50406040215823,13.396133697808834,2015,2
2015-03-01,5,0.0,0.0,1.0582010582010581,17.4,4.68944822106923,2.7222874255791853,3.215800564403453,0.5181425680245899,3.8,0.5082211597614339,4.68944822106923,0.6,4.077186430127607,0.0,0.0,0.0,0.0,0.0,0.0,0.0,0.0,0.0,0.0,0.0,0.0,0.0,0.0,0.0,0.0,0.0,0.0,0.0,0.0,0.0,1.0582010582010581,0.0,0.0,0.0,0.0,1.0582010582010581,0.0,0.0,0.0,0.0,0.0,0.0,0.0,0.0,0.0,0.0,0.0,0.0,0.0,0.0,0.0,0.0,0.0,0.0,0.0,1.0582010582010581,0.0,0.0,0.0,0.0,1.0582010582010581,0.0,0.0,0.0,0.0,0.0,0.0,0.0,0.0,0.0,0.0,0.0,0.0,0.0036036036036036037,0.00196078431372549,27.889999999999997,1.9074002677051738,14.445795946879462,18.01781457242107,12.700515179872953,2015,3
2015-06-01,1,0.0,0.0,0.0,9.0,1.9023794624226837,2.725729737201404,2.8652482269503547,0.7038837664518175,3.0,0.5345224838248487,1.9023794624226837,0.0,0.0,0.0,0.0,0.0,0.0,0.0,0.0,0.0,0.0,0.0,0.0,0.0,0.0,0.0,0.0,0.0,0.0,0.0,0.0,0.0,0.0,0.0,0.0,0.0,0.0,0.0,0.0,0.0,0.0,0.0,0.0,0.0,0.0,0.0,0.0,0.0,0.0,0.0,0.0,0.0,0.0,0.0,0.0,0.0,0.0,0.0,0.0,0.0,0.0,0.0,0.0,0.0,0.0,0.0,0.0,0.0,0.0,0.0,0.0,0.0,0.0,0.0,0.0,0.0,0.0,0.0,0.007518796992481203,18.857142857142858,1.7575757575757576,32.793571428571454,13.156984126984128,12.298982539682541,2015,6
2015-07-01,3,0.0,0.0,2.178649237472767,13.0,2.0257728829906347,2.769275625898535,3.2312510164360995,0.5398886655745371,8.333333333333334,1.0773139523751458,2.0257728829906347,0.6666666666666666,3.374128845826959,0.0,0.0,0.0,0.0,0.0,0.0,0.0,1.8018018018018018,0.0,0.0,0.0,1.8018018018018018,0.0,0.0,0.0,1.0893246187363834,1.572327044025157,0.0,0.0,0.0,2.6616516627615403,0.0,0.0,0.0,0.0,0.0,0.0,0.0,0.0,0.0,0.0,0.0,0.0,0.0,0.0,0.0,0.0,1.0893246187363834,0.0,1.0893246187363834,0.0,0.0,0.0,0.0,0.0,0.0,0.0,0.0,0.0,0.0,0.0,0.0,0.0,0.0,0.0,0.0,0.0,0.0,0.0,0.0,0.0,0.0,0.0,0.0,0.0,0.003144654088050314,30.134798534798534,1.8816145497292531,13.878073396282531,18.60646419527427,13.21053617363178,2015,7
2015-08-01,1,0.0,0.0,0.0,11.0,2.118699810942761,2.7754037313215734,3.185185185185185,0.8294925328360532,9.0,1.1972189997378648,2.118699810942761,0.0,0.0,0.0,0.0,0.0,0.0,0.0,0.0,0.0,0.0,0.0,0.0,0.0,0.0,0.0,0.0,0.0,0.0,0.0,0.0,0.0,0.0,0.0,0.0,0.0,0.0,0.0,0.0,0.0,0.0,0.0,0.0,0.0,0.0,0.0,0.0,0.0,0.0,0.0,0.0,0.0,0.0,0.0,0.0,0.0,0.0,0.0,0.0,4.329004329004329,0.0,0.0,0.0,0.0,4.329004329004329,0.0,0.0,0.0,0.0,0.0,0.0,0.0,0.0,0.0,0.0,0.0,0.0,0.0,0.004329004329004329,23.0,1.9391304347826086,17.575997797356848,16.447140969162998,13.039997092511015,2015,8
2015-09-01,3,1.8832391713747647,0.0,3.2362459546925564,12.0,2.298485556271013,2.648579129319014,3.537091826625748,0.5828208367908798,4.333333333333333,0.8222378710648887,2.298485556271013,0.0,0.0,0.0,0.0,0.0,0.0,0.0,2.1367521367521367,0.0,0.0,0.0,0.0,0.0,2.1367521367521367,0.0,0.0,0.0,0.0,0.0,0.0,0.0,0.0,0.0,0.0,0.0,0.0,0.0,0.0,0.0,0.0,0.0,0.0,0.0,0.0,0.0,0.0,0.0,0.0,0.0,0.0,0.0,0.0,0.0,0.0,0.0,0.0,0.0,0.0,0.0,0.0,0.0,0.0,0.0,0.0,0.0,0.0,0.0,2.1367521367521367,0.0,2.1367521367521367,0.0,0.0,0.0,0.0,0.0,0.0,0.0,0.0,30.566666666666666,1.9976326356544574,8.532189390296773,18.592559773772635,13.363536651000258,2015,9
2015-10-01,1,0.0,0.0,0.0,13.0,2.157439559882375,2.7137022684821637,3.3665594855305465,0.5794346936508478,10.0,0.7006490497453706,2.157439559882375,0.0,0.0,0.0,0.0,0.0,0.0,0.0,0.0,0.0,0.0,0.0,0.0,0.0,0.0,0.0,0.0,0.0,0.0,0.0,0.0,0.0,0.0,0.0,0.0,0.0,0.0,0.0,6.557377049180328,6.557377049180328,0.0,0.0,0.0,0.0,0.0,0.0,0.0,0.0,0.0,0.0,0.0,0.0,0.0,0.0,3.278688524590164,0.0,0.0,0.0,3.278688524590164,0.0,0.0,0.0,0.0,0.0,0.0,0.0,0.0,0.0,0.0,0.0,0.0,0.0,0.0,0.0,0.0,0.0,0.0,0.0,0.0,27.636363636363637,1.8157894736842106,23.914065237088494,16.721685291452733,12.600214768951979,2015,10
2015-11-01,5,2.3952095808383236,0.0,0.904977375565611,10.6,2.2222229693569857,2.8083083594970595,3.1811625199609397,0.4747699383325039,4.8,0.48717260305281956,2.2222229693569857,1.4,7.778334733248435,0.0,0.0,0.0,0.0,0.0,0.0,0.0,0.0,0.0,0.0,0.0,0.0,0.0,0.0,0.0,0.0,0.0,0.0,0.0,0.0,0.0,0.0,0.0,0.0,0.0,0.0,0.0,0.0,0.0,0.0,0.0,0.0,0.0,0.0,0.0,0.0,0.0,0.0,0.0,0.0,0.0,0.0,0.0,0.0,0.0,0.0,0.904977375565611,0.0,0.0,0.0,0.0,0.904977375565611,0.0,0.0,0.0,0.0,0.0,0.0,0.0,0.0,0.0,0.0,0.0,0.0,0.0,0.008250910983862571,23.04714285714286,1.7896591416169731,28.47479408673281,14.710426200115839,11.932920893777169,2015,11
2015-12-01,1,0.0,0.0,0.0,6.0,0.0,1.8413903748459726,2.2,0.0,0.0,0.0,0.0,0.0,0.0,0.0,0.0,0.0,0.0,0.0,0.0,0.0,0.0,0.0,0.0,0.0,0.0,0.0,0.0,0.0,0.0,0.0,0.0,0.0,0.0,0.0,0.0,0.0,0.0,0.0,0.0,0.0,0.0,0.0,0.0,0.0,0.0,0.0,0.0,0.0,0.0,0.0,0.0,0.0,0.0,0.0,0.0,0.0,0.0,0.0,0.0,0.0,0.0,0.0,0.0,0.0,0.0,0.0,0.0,0.0,0.0,0.0,0.0,0.0,0.0,0.0,0.0,0.0,0.0,0.0,0.0,15.0,2.0,22.410000000000025,13.860000000000003,13.8545,2015,12
2016-01-01,4,0.0,0.0,1.8656716417910448,11.75,2.37653943408336,2.819248792119831,3.3022654496984973,0.6355047231053105,5.0,0.9978030769246911,2.37653943408336,0.25,1.2820512820512822,0.0,0.0,0.0,0.0,0.0,0.0,0.0,1.4204545454545454,0.0,0.0,0.0,1.4204545454545454,0.0,0.0,0.0,3.826530612244898,0.0,0.0,0.0,0.0,3.826530612244898,0.0,0.0,0.0,0.0,0.0,0.0,0.0,0.0,0.0,0.0,0.0,0.0,0.0,0.0,0.0,0.0,1.4204545454545454,1.8656716417910448,3.28612618724559,0.0,1.2755102040816326,1.2755102040816326,0.0,0.0,2.5510204081632653,0.0,0.0,0.0,0.0,0.0,0.0,0.0,0.0,0.0,0.0,1.8656716417910448,1.8656716417910448,0.0,0.0,0.0,0.0,0.0,0.0,0.0,0.0,26.900000000000002,1.7656868082180073,28.203516296231705,15.892279838902283,13.028868252475355,2016,1
2016-02-01,3,2.0703933747412004,4.140786749482401,5.698005698005699,10.666666666666666,2.1851204569307234,2.7898665498986808,3.539516794039541,0.5632750739320748,5.666666666666667,0.8938744441626237,2.1851204569307234,0.3333333333333333,2.8490028490028494,0.0,0.0,0.0,0.0,0.0,0.0,0.0,0.0,1.3831258644536655,0.0,0.0,1.3831258644536655,0.0,0.0,0.0,0.0,0.0,0.0,0.0,0.0,0.0,0.0,0.0,0.0,0.0,0.0,0.0,0.0,0.0,0.0,0.0,0.0,0.0,0.0,0.0,0.0,0.0,0.0,0.0,0.0,0.0,1.3831258644536655,0.0,0.0,0.0,1.3831258644536655,3.453519239194866,0.0,0.0,0.0,0.0,3.453519239194866,0.0,0.0,0.0,0.0,0.0,0.0,0.0,0.0,0.0,0.0,0.0,0.0,0.0020703933747412005,0.0,29.066666666666666,1.9495450191570882,7.042487072586795,19.253724222342115,13.006557027506906,2016,2
2016-03-01,1,0.0,0.0,5.681818181818182,18.0,4.415880433163924,2.832960351532416,3.092896174863388,0.46555613204732665,10.0,1.3662601021279464,4.415880433163924,0.0,0.0,0.0,0.0,0.0,0.0,0.0,0.0,0.0,0.0,0.0,0.0,0.0,0.0,0.0,0.0,0.0,0.0,0.0,0.0,0.0,0.0,0.0,0.0,0.0,0.0,0.0,5.681818181818182,5.681818181818182,0.0,0.0,0.0,0.0,0.0,0.0,0.0,0.0,0.0,0.0,0.0,0.0,0.0,0.0,0.0,0.0,0.0,0.0,0.0,0.0,0.0,0.0,0.0,0.0,0.0,0.0,0.0,0.0,0.0,0.0,0.0,0.0,0.0,0.0,0.0,0.0,0.0,0.0,0.0,29.166666666666668,1.8457142857142856,18.107500000000016,17.813888888888894,12.252556140350878,2016,3
2016-04-01,2,0.0,0.0,2.840909090909091,13.0,2.395250068630216,2.783061427943811,3.4643989176652497,0.5966160784410078,4.5,0.5477225575051661,2.395250068630216,2.0,10.92896174863388,0.0,0.0,0.0,0.0,0.0,0.0,0.0,0.0,0.0,8.30538996522603,0.0,8.30538996522603,0.0,0.0,0.0,0.0,0.0,0.0,0.0,0.0,0.0,0.0,0.0,0.0,0.0,0.0,0.0,0.0,0.0,0.0,0.0,0.0,0.0,0.0,0.0,0.0,0.0,0.0,0.0,0.0,0.0,0.0,0.0,0.0,0.0,0.0,2.73224043715847,0.0,0.0,0.0,0.0,2.73224043715847,0.0,0.0,0.0,0.0,0.0,0.0,0.0,0.0,0.0,0.0,0.0,0.0,0.002840909090909091,0.002840909090909091,35.7,1.896923076923077,5.423658479650896,21.048754491017963,13.225720818024968,2016,4
2016-05-01,3,0.0,0.0,2.150537634408602,11.0,2.316091215883521,2.8385998468962015,3.0578218694885364,0.49206687569719615,3.0,0.5648203513123178,2.316091215883521,0.0,0.0,0.0,0.0,0.0,0.0,0.0,0.0,0.0,5.551898178626288,0.0,2.150537634408602,0.0,7.702435813034891,0.0,0.0,0.0,0.0,0.0,0.0,0.0,0.0,0.0,0.0,0.0,0.0,0.0,0.0,0.0,0.0,0.0,0.0,0.0,0.0,0.0,0.0,0.0,0.0,0.0,0.0,0.0,0.0,0.0,0.0,0.0,0.0,0.0,0.0,3.2051282051282057,0.0,0.0,0.0,0.0,3.2051282051282057,0.0,0.0,0.0,0.0,0.0,0.0,0.0,0.0,0.0,0.0,0.0,0.0,0.0032051282051282055,0.0055518981786262895,21.13888888888889,2.0550668762059012,10.026104400352361,17.063084588310645,13.29631086334445,2016,5
2016-07-01,1,0.0,0.0,7.246376811594203,11.0,2.345207879911715,2.6977767027535995,3.891156462585034,0.860672991174161,2.0,0.5163977794943223,2.345207879911715,0.0,0.0,0.0,0.0,0.0,0.0,0.0,0.0,0.0,0.0,0.0,0.0,0.0,0.0,0.0,0.0,0.0,0.0,0.0,0.0,0.0,0.0,0.0,0.0,0.0,0.0,0.0,0.0,0.0,0.0,0.0,0.0,0.0,0.0,0.0,0.0,0.0,0.0,0.0,0.0,0.0,0.0,0.0,0.0,0.0,0.0,0.0,0.0,0.0,0.0,0.0,0.0,0.0,0.0,0.0,0.0,0.0,0.0,0.0,0.0,0.0,0.0,0.0,0.0,0.0,0.0,0.0,0.0,22.833333333333332,1.8832116788321167,20.224555137844618,15.945225563909776,11.977996741854637,2016,7
2016-08-01,4,0.0,0.0,1.8248175182481752,11.0,2.0192060392025906,2.6600141919267264,3.5241949486437885,0.673326393852484,8.25,0.6953819476583836,2.0192060392025906,1.0,5.126394518029499,0.0,0.0,0.0,0.0,0.0,0.0,0.0,0.0,0.0,0.0,0.0,0.0,0.0,0.0,0.0,0.0,1.3736263736263736,0.0,0.0,0.0,1.3736263736263736,0.0,0.0,0.0,0.0,0.0,0.0,0.0,0.0,0.0,0.0,0.0,0.0,0.0,0.0,0.0,0.0,0.0,0.0,0.0,0.0,1.8248175182481752,0.0,0.0,1.4285714285714286,3.2533889468196038,1.8248175182481752,0.0,0.0,0.0,0.0,1.8248175182481752,0.0,0.0,0.0,0.0,0.0,0.0,0.0,0.0,0.0,0.0,0.0,0.0,0.0,0.002775387860453498,28.835714285714285,1.895186267972611,12.316728634326786,18.15874030136994,13.150450258881758,2016,8
2016-09-01,3,1.6750418760469012,0.0,3.6830740045609573,10.0,1.7374236487958044,2.7514829367035136,3.6529518138592265,0.644258109036191,5.0,0.7760057098144141,1.7374236487958044,0.6666666666666666,4.459012520670918,0.0,0.0,0.0,0.0,0.0,0.0,0.0,0.0,0.0,0.0,0.0,0.0,0.0,0.0,0.0,0.0,0.0,0.0,0.0,0.0,0.0,0.0,0.0,0.0,0.0,1.6750418760469012,1.6750418760469012,0.0,0.0,0.0,0.0,0.0,0.0,0.0,0.0,0.0,0.0,0.0,0.0,0.0,0.0,0.0,0.0,0.0,0.0,0.0,1.6750418760469012,0.0,0.0,0.0,0.0,1.6750418760469012,0.0,0.0,0.0,0.0,0.0,0.0,0.0,0.0,0.0,0.0,0.0,0.0,0.0,0.008142086525231877,25.833333333333332,1.8847362514029182,17.69462665044865,17.053504574541225,13.006810750201256,2016,9
2016-10-01,2,0.0,0.0,0.0,10.0,1.6181832689226923,2.601492036577044,3.6603260869565215,0.7213158439028174,2.0,0.5773502691896258,1.6181832689226923,0.0,0.0,0.0,0.0,0.0,0.0,0.0,0.0,0.0,0.0,4.854368932038835,0.0,0.0,4.854368932038835,0.0,0.0,0.0,4.854368932038835,0.0,0.0,0.0,0.0,4.854368932038835,0.0,0.0,0.0,0.0,0.0,0.0,0.0,0.0,0.0,0.0,0.0,0.0,0.0,0.0,0.0,0.0,0.0,0.0,0.0,0.0,0.0,0.0,0.0,0.0,0.0,0.0,0.0,0.0,0.0,0.0,0.0,0.0,0.0,0.0,0.0,0.0,0.0,0.0,0.0,0.0,0.0,0.0,0.0,0.0,0.0,29.166666666666664,1.9793849046467904,2.515922619047643,19.781577380952385,13.601628273809524,2016,10
2016-11-01,2,0.0,0.0,0.0,8.5,1.2071067811865475,2.568449453595994,3.583,0.6712362267298091,3.0,0.4183300132670378,1.2071067811865475,0.0,0.0,0.0,0.0,0.0,0.0,0.0,0.0,0.0,0.0,0.0,0.0,0.0,0.0,0.0,0.0,0.0,0.0,0.0,0.0,0.0,0.0,0.0,0.0,0.0,0.0,0.0,0.0,0.0,0.0,0.0,0.0,0.0,0.0,0.0,0.0,0.0,0.0,0.0,0.0,0.0,0.0,0.0,0.0,0.0,0.0,0.0,0.0,0.0,0.0,0.0,0.0,0.0,0.0,0.0,0.0,0.0,0.0,0.0,0.0,0.0,0.0,0.0,0.0,0.0,0.0,0.0,0.0,30.65,1.939621781727045,7.897801158301178,19.536050193050194,13.570453735521236,2016,11
2016-12-01,2,0.0,0.0,0.0,11.5,1.7908964024169807,2.9094954063154916,3.235876288659794,0.5138303007784412,4.5,0.7104638721263835,1.7908964024169807,0.5,2.1186440677966103,0.0,0.0,0.0,0.0,0.0,0.0,0.0,3.1847133757961785,4.237288135593221,2.1186440677966103,0.0,9.540645579186009,0.0,0.0,0.0,0.0,0.0,0.0,0.0,0.0,0.0,0.0,0.0,0.0,0.0,0.0,0.0,0.0,0.0,0.0,0.0,0.0,0.0,0.0,0.0,0.0,0.0,0.0,0.0,0.0,0.0,0.0,0.0,0.0,0.0,0.0,3.1847133757961785,0.0,0.0,0.0,0.0,3.1847133757961785,0.0,0.0,0.0,0.0,0.0,0.0,0.0,0.0,0.0,0.0,0.0,0.0,0.0031847133757961785,0.0031847133757961785,25.830357142857142,1.8933987997817785,16.304439412821722,17.206972504223113,13.311884932595806,2016,12
2017-01-01,4,0.0,0.0,3.0871044069801834,13.0,2.7381764520396397,2.778241869591608,3.4143618056627396,0.7368685527861105,4.75,0.6429776344517784,2.7381764520396397,0.75,4.137568841196843,0.0,0.0,0.0,0.0,0.0,0.0,0.0,1.461988304093567,0.0,0.0,0.0,1.461988304093567,0.0,0.0,0.0,0.0,0.0,0.0,0.0,0.0,0.0,0.0,0.0,0.0,0.0,0.0,0.0,0.0,0.0,0.0,0.0,0.0,0.0,0.0,0.0,0.0,0.0,1.2135922330097086,0.0,1.2135922330097086,0.0,0.0,0.0,0.0,0.0,0.0,0.0,0.0,0.0,0.0,0.0,0.0,0.0,0.0,0.0,0.0,0.0,0.0,0.0,0.0,0.0,0.0,0.0,0.0,0.0,0.0030871044069801833,27.552083333333332,1.8666957880233754,19.951898468739778,17.217631798489414,12.626974720254594,2017,1
2017-02-01,5,0.0,0.7874015748031497,2.6503302050747304,11.8,2.3038496371521098,2.7558711280656394,3.60104018058349,0.5487220385021241,5.2,0.9867458984229615,2.3038496371521098,0.6,3.9613746958637472,0.0,0.0,0.0,0.0,0.0,0.0,0.0,0.0,0.0,1.183431952662722,0.0,1.183431952662722,0.0,0.0,0.0,0.0,1.4598540145985401,0.0,0.0,0.0,1.4598540145985401,0.0,0.0,1.0416666666666665,0.0,0.7874015748031497,1.829068241469816,0.0,0.0,0.0,0.0,0.0,0.0,0.0,0.0,0.0,0.0,1.183431952662722,0.0,1.183431952662722,0.0,1.0416666666666665,0.0,0.0,0.0,1.0416666666666665,1.1904761904761902,0.0,0.0,0.0,0.0,1.1904761904761902,0.0,0.0,0.0,0.0,0.0,0.0,0.0,0.0,0.0,0.0,0.0,0.0,0.00224725558940169,0.005917095491070785,28.55,1.9188639488791543,13.050939719544271,17.685245334828277,13.515454987825743,2017,2
2017-03-01,6,0.0,0.0,4.286956335129933,13.166666666666666,2.956181003012803,2.8029740396070757,3.105676088074923,0.560336515512048,7.166666666666667,0.7950802560342884,2.956181003012803,1.3333333333333333,6.958696679469637,0.0,0.8680555555555555,0.0,0.0,0.0,0.0,0.0,0.0,0.0,0.0,0.0,0.8680555555555555,0.0,0.0,0.0,0.0,0.0,0.0,0.0,0.0,0.0,0.0,0.0,0.0,0.8680555555555555,0.0,0.8680555555555555,0.0,0.0,0.0,0.0,0.0,0.0,0.0,0.0,0.0,0.0,0.0,0.0,0.0,0.0,1.0482180293501049,0.0,0.0,0.601684717208183,1.6499027465582878,0.0,0.0,0.0,0.0,0.0,0.0,0.0,0.0,0.0,0.0,0.0,0.0,0.0,0.0,0.0,0.0,0.0,0.0,0.001736111111111111,0.002681013180619691,23.962500000000002,1.8918027779777147,20.980358283000545,16.22003890904301,12.203340236199496,2017,3
2017-04-01,2,0.0,0.0,9.904601571268238,14.5,3.293417802216831,2.8318332789031713,3.3600701800847457,0.43745118256553917,7.0,0.8490689950758312,3.293417802216831,0.5,3.0864197530864197,0.0,0.0,0.0,0.0,0.0,0.0,0.0,3.0864197530864197,0.0,0.0,0.0,3.0864197530864197,0.0,0.0,0.0,0.0,0.0,0.0,0.0,0.0,0.0,0.0,0.0,0.0,0.0,0.0,0.0,0.0,0.0,0.0,0.0,0.0,0.0,0.0,0.0,0.0,0.0,0.0,0.0,0.0,0.0,0.0,0.0,0.0,0.0,0.0,0.0,0.0,0.0,0.0,0.0,0.0,0.0,0.0,0.0,0.0,0.0,0.0,0.0,0.0,0.0,0.0,0.0,0.0,0.0,0.0,29.7875,1.8733231231742251,19.104111635220136,17.24013277428372,13.073467714884696,2017,4
2017-05-01,5,1.3071895424836601,0.0,1.1976047904191618,10.6,2.265823173920919,2.6914394430631416,3.208015244561513,0.6923410780947693,4.8,0.8438763135958018,2.265823173920919,0.6,3.811983875386482,0.0,0.0,0.0,0.0,0.0,0.0,0.0,0.0,0.0,0.0,0.0,0.0,0.0,0.0,0.0,0.9478672985781991,0.0,0.0,0.0,0.0,0.9478672985781991,1.1976047904191618,0.0,0.0,0.0,0.0,1.1976047904191618,0.0,0.0,0.0,0.0,0.0,0.0,0.0,0.0,0.0,0.0,0.0,0.0,0.0,0.0,0.0,0.0,0.0,0.0,0.0,1.3071895424836601,0.0,0.0,0.0,0.0,1.3071895424836601,0.0,0.0,0.0,0.0,0.0,0.0,0.0,0.0,0.0,0.0,0.0,0.0,0.0,0.0031583891041446514,18.801904761904762,1.8523826647996802,28.221692522569754,13.817783168705736,12.416881874718003,2017,5
2017-06-01,6,0.0,2.077347208200668,8.033205695704725,10.833333333333334,2.175247764939005,2.7357313658199147,3.16669889895399,0.4764798535501351,3.6666666666666665,0.658208465013067,2.175247764939005,0.5,2.7050173371767556,1.0224948875255624,0.0,0.0,0.0,0.0,0.0,0.0,2.109704641350211,0.0,0.0,0.0,3.1321995288757734,0.0,0.0,0.0,0.0,0.0,0.0,0.0,0.0,0.0,0.0,0.0,0.0,0.0,0.0,0.0,0.0,0.0,0.0,0.0,0.0,0.0,0.0,0.0,0.0,1.0548523206751055,0.0,0.0,1.0548523206751055,0.0,0.0,0.0,0.0,0.0,0.0,1.1820330969267139,0.0,0.0,0.0,0.0,1.1820330969267139,0.0,0.0,0.0,0.0,0.0,0.0,0.0,0.0,0.0,0.0,0.0,0.0,0.0010548523206751054,0.0,23.703373015873016,1.9163670283683523,17.379883520198486,16.463913781833803,12.881775935732682,2017,6
2017-07-01,3,0.0,0.0,1.594896331738437,11.333333333333334,1.9917598842784223,2.7551658321251207,3.3662391013692505,0.825808462644158,6.333333333333333,0.8797253845157812,1.9917598842784223,1.3333333333333333,8.194757557150323,0.0,0.0,0.0,0.0,0.0,0.0,0.0,1.4684287812041117,0.0,2.9368575624082234,0.0,4.405286343612334,0.0,0.0,0.0,1.594896331738437,0.0,0.0,0.0,0.0,1.594896331738437,0.0,0.0,0.0,0.0,0.0,0.0,0.0,0.0,0.0,0.0,0.0,0.0,0.0,0.0,0.0,0.0,0.0,0.0,0.0,0.0,0.0,0.0,0.0,0.0,0.0,0.0,0.0,0.0,0.0,0.0,0.0,0.0,0.0,0.0,0.0,0.0,0.0,0.0,0.0,0.0,0.0,0.0,0.0,0.0014684287812041117,0.0014684287812041117,25.583333333333332,1.9424003479313214,15.209951416861031,17.806949672915596,13.045719769930443,2017,7
2017-08-01,1,0.0,3.802281368821293,3.802281368821293,11.0,2.145358735168574,2.771586996363574,3.1943462897526502,0.6086182163193345,8.0,0.7679476477883045,2.145358735168574,1.0,3.802281368821293,0.0,0.0,0.0,0.0,0.0,0.0,0.0,0.0,0.0,0.0,0.0,0.0,0.0,0.0,0.0,0.0,0.0,0.0,0.0,0.0,0.0,0.0,0.0,0.0,0.0,0.0,0.0,0.0,0.0,0.0,0.0,0.0,0.0,0.0,0.0,0.0,0.0,0.0,0.0,0.0,0.0,0.0,0.0,0.0,0.0,0.0,0.0,0.0,0.0,0.0,0.0,0.0,0.0,0.0,0.0,0.0,0.0,0.0,0.0,0.0,0.0,0.0,0.0,0.0,0.0,0.0038022813688212928,20.153846153846153,2.072519083969466,9.247053757053777,16.91899613899614,13.15981975051975,2017,8
2017-09-01,4,0.0,0.0,0.0,11.5,1.9063175483896078,2.7795487652085913,3.312280889696841,0.6771575927690332,7.5,0.8525778354252991,1.9063175483896078,0.5,2.170433145009416,0.0,0.0,0.0,0.0,0.0,0.0,0.0,0.0,0.0,0.0,0.0,0.0,0.0,0.0,0.0,0.0,0.0,0.0,0.0,0.0,0.0,0.0,0.0,0.0,0.0,0.0,0.0,0.0,0.0,0.0,0.0,0.0,0.0,0.0,0.0,1.3227513227513228,0.0,0.0,0.0,1.3227513227513228,0.0,0.0,0.0,0.0,0.0,0.0,2.835249042145594,0.0,0.0,0.0,0.0,2.835249042145594,0.0,0.0,0.0,0.0,0.0,0.0,0.0,0.0,0.0,0.0,0.0,0.0,0.0017241379310344827,0.0,27.78333333333333,1.876234802431611,15.751616600902892,17.75673396635686,12.806448565575721,2017,9
2017-10-01,7,0.0,0.0,5.61062923979152,12.428571428571429,2.5182255176626107,2.7955800473977623,3.348000228010675,0.6587148021898724,5.571428571428571,0.9382412820330879,2.5182255176626107,0.5714285714285714,3.365083820848425,0.0,0.0,0.0,0.999000999000999,0.0,0.0,0.0,0.999000999000999,0.0,2.445163610212154,0.0,4.443165608214152,0.0,0.0,0.0,0.0,0.0,0.0,1.0582010582010581,0.0,1.0582010582010581,0.0,0.0,0.0,0.0,0.0,0.0,0.0,0.0,0.0,0.0,0.0,0.0,0.0,0.0,0.6131207847946045,0.0,0.0,0.0,0.6131207847946045,0.0,1.0582010582010581,0.0,0.0,0.0,1.0582010582010581,1.5983424596714517,0.0,0.0,0.0,0.725163161711385,2.3235056213828367,0.0,0.0,0.0,0.0,0.0,0.0,0.999000999000999,0.0,0.0,0.0,0.0,0.999000999000999,0.0021164021164021165,0.0022114632444660562,28.20634920634921,1.8116007477414864,22.557163573915634,16.87325144454785,12.9687801094194,2017,10
2017-11-01,6,4.761904761904762,1.3440860215053763,1.2820512820512822,10.666666666666666,2.5199720624910804,2.708022756300677,3.4811110509588588,0.7005859408972833,2.6666666666666665,0.42524109795386256,2.5199720624910804,0.6666666666666666,6.105990783410138,0.0,0.0,0.0,0.0,0.0,0.0,0.0,0.0,0.0,0.0,0.0,0.0,0.0,0.0,0.0,0.0,0.0,0.0,0.0,0.0,0.0,0.0,0.0,0.0,0.0,0.0,0.0,0.0,0.0,0.0,0.0,0.0,0.0,0.0,0.0,1.4880952380952381,1.3440860215053763,0.0,0.0,2.8321812596006146,0.0,0.0,0.0,0.0,0.0,0.0,2.77014652014652,0.0,0.0,0.0,0.0,2.77014652014652,0.0,0.0,0.0,0.0,0.0,0.0,1.4880952380952381,0.0,0.0,0.0,0.0,1.4880952380952381,0.002564102564102564,0.0,22.78333333333333,1.8907738427484597,22.130691217238354,15.436450607734814,12.803141716066122,2017,11
2017-12-01,6,0.0,0.0,1.9267822736030826,10.5,1.9676991729724493,2.6828987291761925,3.5068241768978616,0.6905578031410678,5.333333333333333,0.8850293902870355,1.9676991729724493,0.16666666666666666,1.0482180293501049,0.0,0.0,0.0,0.0,0.0,0.0,0.0,2.811743640960582,1.9590886767877354,0.0,0.0,4.770832317748317,0.0,0.0,0.0,0.0,0.0,0.0,0.0,0.0,0.0,0.0,0.0,0.0,0.0,0.0,0.0,0.0,0.0,0.0,0.0,0.0,0.0,0.0,0.0,0.0,0.0,0.0,0.0,0.0,0.0,0.9633911368015413,0.0,0.0,0.0,0.9633911368015413,3.614750446628791,0.0,0.0,0.0,0.0,3.614750446628791,0.0,0.0,0.0,0.0,0.0,0.0,0.0,0.0,0.0,0.0,0.0,0.0,0.005281417113295457,0.00300730670613784,25.833333333333332,1.9969538503041093,9.222459340325841,18.1273195557185,13.856739789280057,2017,12
2018-01-01,2,0.0,0.0,0.0,11.0,1.5629054039371,2.8339241911262523,3.3973166755389936,0.6354951293457481,5.5,0.8587571831109468,1.5629054039371,1.5,7.007904376325429,0.0,0.0,0.0,0.0,0.0,0.0,0.0,0.0,0.0,0.0,0.0,0.0,0.0,0.0,0.0,0.0,0.0,0.0,0.0,0.0,0.0,0.0,0.0,0.0,0.0,0.0,0.0,0.0,0.0,0.0,0.0,0.0,0.0,0.0,0.0,0.0,0.0,0.0,0.0,0.0,0.0,0.0,0.0,0.0,0.0,0.0,2.5641025641025643,0.0,0.0,0.0,0.0,2.5641025641025643,0.0,0.0,0.0,0.0,0.0,0.0,0.0,0.0,0.0,0.0,0.0,0.0,0.0,0.004443801812222864,26.84722222222222,1.9176716592102703,16.882183961871476,16.775121383246386,12.515766291116291,2018,1
2018-02-01,7,0.0,0.0,4.272175783937739,11.857142857142858,2.20531339394946,2.7200915998106874,3.1627051359030367,0.6316471994261603,4.428571428571429,0.5248861921967657,2.20531339394946,0.0,0.0,0.0,0.0,0.0,0.0,0.0,0.0,0.0,0.0,1.1904761904761905,0.0,0.0,1.1904761904761905,0.0,0.0,0.0,0.0,0.0,0.0,0.0,0.5878894767783657,0.5878894767783657,0.0,0.0,0.0,0.0,0.0,0.0,0.0,0.0,0.0,0.0,0.0,0.0,0.0,0.0,0.0,0.0,0.0,0.0,0.0,0.0,0.0,0.0,0.0,0.0,0.0,0.7142857142857143,0.0,0.0,0.0,0.7142857142857143,1.4285714285714286,0.0,0.0,0.0,0.0,0.0,0.0,0.0,0.0,0.0,0.0,0.0,0.0,0.0,0.0028496468586585383,23.19270253555968,1.9909499329015148,10.387468825553984,17.405196051754594,13.148913414521095,2018,2
2018-03-01,4,0.0,0.0,3.4720659073515505,13.25,3.1580427879259916,2.778633948078938,3.4094813954424534,0.7719496779065045,7.5,1.1673582244623057,3.1580427879259916,1.0,5.9703791576345635,0.0,0.0,0.0,0.0,0.0,0.0,0.0,1.0917030567685588,0.0,0.0,0.0,1.0917030567685588,0.0,0.0,0.0,0.0,0.0,0.0,0.0,0.0,0.0,0.0,0.0,0.0,0.0,0.0,0.0,0.0,0.0,0.0,0.0,0.0,0.0,0.0,0.0,0.0,0.0,0.0,1.0917030567685588,1.0917030567685588,0.0,1.0917030567685588,0.0,0.0,0.0,1.0917030567685588,0.0,0.0,0.0,0.0,0.0,0.0,0.0,0.0,0.0,0.0,0.0,0.0,0.0,0.0,0.0,0.0,0.0,0.0,0.002684059744666648,0.0023803628505829916,28.764285714285712,1.9241975980109314,15.331205953006553,17.98463895353202,13.120434311276124,2018,3
2018-04-01,1,0.0,0.0,0.0,11.0,1.8348478592697182,2.8337010472362776,3.4468085106382977,0.7643832194399299,4.0,0.5163977794943223,1.8348478592697182,1.0,5.88235294117647,0.0,0.0,0.0,0.0,0.0,0.0,0.0,0.0,0.0,0.0,0.0,0.0,0.0,0.0,0.0,0.0,0.0,0.0,0.0,0.0,0.0,0.0,0.0,0.0,0.0,0.0,0.0,0.0,0.0,0.0,0.0,0.0,0.0,0.0,0.0,0.0,0.0,5.88235294117647,0.0,5.88235294117647,0.0,0.0,0.0,0.0,0.0,0.0,0.0,0.0,0.0,0.0,0.0,0.0,0.0,0.0,0.0,0.0,0.0,0.0,0.0,0.0,0.0,0.0,0.0,0.0,0.0,0.0,28.166666666666668,2.059171597633136,2.2919510978044,19.854221556886234,14.377572255489023,2018,4
2018-05-01,3,3.6832412523020257,3.472222222222222,7.155463474524248,13.0,2.6832524263709767,2.734289337920609,3.5083657935748143,0.8334934013022676,5.0,0.8543442085719987,2.6832524263709767,0.3333333333333333,1.9157088122605364,0.0,0.0,0.0,0.0,0.0,0.0,0.0,1.9157088122605364,1.9157088122605364,0.0,0.0,3.8314176245210727,0.0,0.0,0.0,0.0,0.0,0.0,0.0,0.0,0.0,0.0,0.0,0.0,0.0,0.0,0.0,0.0,0.0,0.0,0.0,0.0,0.0,0.0,0.0,0.0,0.0,0.0,0.0,0.0,0.0,0.0,0.0,0.0,0.0,0.0,1.736111111111111,0.0,0.0,0.0,0.0,1.736111111111111,0.0,0.0,0.0,0.0,0.0,0.0,0.0,0.0,0.0,0.0,0.0,0.0,0.0,0.0036832412523020255,28.706349206349206,1.8856363369391846,21.950257575757593,16.050818181818183,12.888537950937952,2018,5
2018-06-01,1,0.0,0.0,9.25925925925926,10.0,1.7677669529663689,2.549836622336556,3.4444444444444446,0.9766801708565044,4.0,0.5345224838248488,1.7677669529663689,1.0,4.62962962962963,0.0,0.0,0.0,0.0,0.0,0.0,0.0,0.0,0.0,0.0,0.0,0.0,0.0,0.0,0.0,0.0,0.0,0.0,0.0,0.0,0.0,0.0,0.0,0.0,0.0,0.0,0.0,0.0,0.0,0.0,0.0,0.0,0.0,0.0,0.0,0.0,0.0,0.0,0.0,0.0,0.0,0.0,0.0,0.0,0.0,0.0,0.0,0.0,0.0,0.0,0.0,0.0,0.0,0.0,0.0,0.0,0.0,0.0,0.0,0.0,0.0,0.0,0.0,0.0,0.004629629629629629,0.018518518518518517,26.875,1.827906976744186,26.096865828092234,15.471194968553462,12.252968763102727,2018,6
2018-07-01,3,0.0,0.0,3.3187852336788506,11.0,2.02171157559382,2.861672223665798,3.366311975028726,0.614188820219858,5.666666666666667,0.7162140240499065,2.02171157559382,0.0,0.0,0.0,0.0,0.0,0.0,0.0,0.0,0.0,3.9682539682539684,0.0,6.4102564102564115,0.0,10.378510378510377,0.0,0.0,0.0,0.0,0.0,0.0,0.0,0.0,0.0,0.0,0.0,0.0,0.0,0.0,0.0,0.0,0.0,0.0,0.0,0.0,0.0,0.0,0.0,0.0,0.0,0.0,0.0,0.0,0.0,1.1820330969267139,0.0,0.0,0.0,1.1820330969267139,2.3640661938534278,0.0,0.0,0.0,0.0,2.3640661938534278,0.0,0.0,0.0,0.0,0.0,0.0,0.0,0.0,0.0,0.0,0.0,0.0,0.0,0.001182033096926714,22.758333333333336,1.8772943673385167,21.827699066990238,15.736110827535645,12.602135797911457,2018,7
2018-08-01,5,0.0,0.0,3.812795191069128,12.6,2.9547203725144633,2.779715447840422,3.5670950951999116,0.6728676150620252,5.2,0.9338367448064986,2.9547203725144633,1.0,7.09418623805396,0.0,0.0,0.0,0.0,0.0,0.0,0.0,1.4598540145985401,0.0,0.0,0.0,1.4598540145985401,0.0,0.0,1.176470588235294,0.0,0.0,0.0,0.0,0.0,1.176470588235294,0.0,0.0,0.0,0.0,0.0,0.0,0.0,0.0,0.0,0.0,0.0,0.0,0.0,0.0,0.0,0.0,0.0,1.176470588235294,1.176470588235294,0.0,0.0,1.176470588235294,0.0,0.0,1.176470588235294,1.4598540145985401,0.0,0.0,0.0,0.0,1.4598540145985401,0.0,0.0,0.0,0.0,0.0,0.0,0.0,0.0,0.0,0.0,0.0,0.0,0.0,0.0027177156498186658,26.09095238095238,1.8566235859568063,22.226205383456694,16.204650915219766,13.268793074427553,2018,8
2018-09-01,4,0.0,0.0,4.811611241742246,15.0,3.2486152548786444,2.7625660504098377,3.1579955927462233,0.468275758795139,4.0,0.7046950689888705,3.2486152548786444,0.5,2.7583697234352256,0.0,0.0,0.0,0.0,0.0,0.0,0.0,0.0,0.0,0.0,0.0,0.0,0.0,0.0,0.0,0.0,0.0,0.0,0.0,0.0,0.0,0.0,0.0,0.0,0.0,0.0,0.0,0.0,0.0,0.0,0.0,0.0,0.0,0.0,0.0,0.0,0.0,1.7241379310344827,0.0,1.7241379310344827,0.0,0.0,0.0,0.0,0.0,0.0,0.9615384615384616,0.0,0.0,0.0,0.0,0.9615384615384616,0.0,0.0,0.0,0.0,0.0,0.0,0.0,0.0,0.0,0.0,0.0,0.0,0.0,0.0,24.362554112554115,1.8322658921663248,24.228947497944233,15.439188476589795,11.99030455750982,2018,9
2018-10-01,4,2.512562814070352,0.0,4.003534154287923,11.5,2.1431284358544573,2.7533387794378825,3.3232293568500464,0.431692686568105,5.75,0.7341611663447681,2.1431284358544573,0.0,0.0,0.0,0.0,0.0,0.0,0.0,0.0,0.0,0.0,0.0,1.3736263736263736,0.0,1.3736263736263736,0.0,0.0,0.0,0.0,0.0,0.0,0.0,0.0,0.0,0.0,0.0,0.0,0.0,0.0,0.0,0.0,0.0,0.0,0.0,0.0,0.0,0.0,0.0,0.0,0.0,0.0,0.0,0.0,0.0,1.3736263736263736,0.0,0.0,0.0,1.3736263736263736,1.3736263736263736,0.0,0.0,0.0,0.0,1.3736263736263736,0.0,0.0,0.0,0.0,0.0,0.0,0.0,0.0,0.0,0.0,0.0,0.0,0.0,0.0,25.82261904761905,1.8527982233493323,16.636578826656304,16.708299936257216,12.744479623700812,2018,10
2018-11-01,3,0.0,0.0,0.0,10.333333333333334,1.5208322799772729,2.735128180322304,3.308837649904129,0.6744828571759305,4.333333333333333,0.6061320352862941,1.5208322799772729,0.3333333333333333,2.5839793281653747,0.0,0.0,0.0,0.0,0.0,0.0,0.0,2.4875621890547266,2.4875621890547266,0.0,0.0,4.975124378109453,0.0,0.0,0.0,0.0,0.0,0.0,0.0,0.0,0.0,0.0,0.0,0.0,0.0,0.0,0.0,0.0,0.0,0.0,0.0,0.0,0.0,0.0,0.0,0.0,0.0,0.0,2.5839793281653747,2.5839793281653747,0.0,0.0,0.0,0.0,0.0,0.0,2.4875621890547266,0.0,0.0,0.0,0.0,2.4875621890547266,0.0,0.0,0.0,0.0,0.0,0.0,0.0,0.0,0.0,0.0,0.0,0.0,0.0,0.0,23.733333333333334,1.8253641917293233,29.04001333875496,14.716040617653492,12.740137950882037,2018,11
2018-12-01,2,2.5510204081632653,0.0,2.7472527472527473,11.0,2.112034729633852,2.773488002647716,3.558263600576505,0.7424294452331861,7.0,0.9082945588991378,2.112034729633852,0.5,2.7472527472527473,2.5510204081632653,0.0,0.0,2.7472527472527473,0.0,0.0,0.0,0.0,2.5510204081632653,0.0,0.0,7.849293563579278,0.0,0.0,0.0,0.0,0.0,0.0,0.0,0.0,0.0,0.0,0.0,0.0,0.0,0.0,0.0,0.0,0.0,0.0,0.0,0.0,0.0,0.0,0.0,0.0,0.0,0.0,0.0,0.0,0.0,0.0,0.0,0.0,0.0,0.0,5.2982731554160125,0.0,0.0,0.0,0.0,5.2982731554160125,0.0,0.0,0.0,0.0,0.0,0.0,0.0,0.0,0.0,0.0,0.0,0.0,0.0,0.0,25.11607142857143,1.895452613684658,19.458327370304133,15.39371951650527,13.09232621675702,2018,12
2019-01-01,5,0.0,0.0,5.036341611144762,12.4,2.307680793858806,2.735522628081828,3.0722435562464945,0.5114083463157331,3.0,0.5716414942579804,2.307680793858806,0.4,3.113264688067838,0.0,0.0,0.0,0.0,0.0,0.0,0.0,1.5384615384615385,0.0,0.0,0.0,1.5384615384615385,0.0,0.0,0.0,1.9230769230769234,1.9230769230769234,0.0,0.0,0.0,3.8461538461538467,0.0,0.0,0.0,0.0,0.0,0.0,0.0,0.0,0.0,0.0,0.0,0.0,0.0,0.0,1.5748031496062993,0.0,0.0,0.0,1.5748031496062993,0.0,0.0,0.0,0.0,0.0,0.0,1.3605442176870748,0.0,0.0,0.0,0.0,1.3605442176870748,0.0,0.0,0.0,0.0,0.0,0.0,0.0,0.0,0.0,0.0,0.0,0.0,0.0,0.00634228187919463,25.6,2.007096247297196,9.955983449863544,18.17659470399855,12.781053273421618,2019,1
2019-02-01,3,0.0,0.0,0.0,12.0,2.2542276133137142,2.6639072751545316,3.4103434685704967,0.704972272258122,3.3333333333333335,0.6214063794776307,2.2542276133137142,0.6666666666666666,6.215578284815106,0.0,0.0,0.0,0.0,0.0,0.0,0.0,2.5839793281653747,0.0,0.0,0.0,2.5839793281653747,0.0,0.0,0.0,2.150537634408602,0.0,0.0,0.0,0.0,2.150537634408602,0.0,0.0,0.0,0.0,0.0,0.0,0.0,0.0,0.0,0.0,0.0,0.0,0.0,0.0,0.0,0.0,0.0,0.0,0.0,0.0,0.0,0.0,0.0,0.0,0.0,0.0,0.0,0.0,0.0,0.0,0.0,0.0,0.0,0.0,0.0,0.0,0.0,0.0,0.0,0.0,0.0,0.0,0.0,0.0,0.0047345169625739765,25.972222222222225,1.933269951499118,9.568167515513437,18.018143367287205,13.331074675096593,2019,2
2019-03-01,3,0.0,1.515151515151515,0.0,10.0,1.7609267265081696,2.8295590015719747,3.1916789946092408,0.537306938358725,7.666666666666667,0.7523809282116053,1.7609267265081696,0.3333333333333333,1.5220700152206998,0.0,0.0,0.0,0.0,0.0,0.0,0.0,0.0,0.0,0.0,0.0,0.0,0.0,0.0,0.0,0.0,0.0,0.0,0.0,0.0,0.0,1.5220700152206998,0.0,0.0,0.0,0.0,1.5220700152206998,0.0,0.0,0.0,0.0,0.0,0.0,0.0,0.0,0.0,0.0,0.0,0.0,0.0,0.0,3.0372215303722148,0.0,0.0,0.0,3.0372215303722148,0.0,0.0,0.0,0.0,0.0,0.0,0.0,0.0,0.0,0.0,0.0,0.0,0.0,0.0,0.0,0.0,0.0,0.0,0.0045592915455929155,0.0024154589371980675,22.48888888888889,1.8220134153760974,25.40951727433918,14.891166746676817,12.545153495904946,2019,3
2019-04-01,1,0.0,0.0,0.0,13.0,2.3979157616563596,2.66288593347404,3.608,0.8026240985823075,6.0,0.7071067811865476,2.3979157616563596,0.0,0.0,0.0,0.0,0.0,0.0,0.0,0.0,0.0,0.0,4.201680672268908,0.0,0.0,4.201680672268908,0.0,0.0,0.0,0.0,0.0,0.0,0.0,0.0,0.0,0.0,0.0,0.0,0.0,0.0,0.0,0.0,0.0,0.0,0.0,0.0,0.0,0.0,0.0,0.0,0.0,0.0,0.0,0.0,0.0,4.201680672268908,0.0,0.0,0.0,4.201680672268908,0.0,0.0,0.0,0.0,0.0,0.0,0.0,0.0,0.0,0.0,0.0,0.0,0.0,0.0,0.0,0.0,0.0,0.0,0.0,0.0,26.333333333333332,2.0042194092827006,8.089966618979531,18.56246065808298,13.052777730090606,2019,4
2019-05-01,5,3.1746031746031744,0.0,2.488202488202488,12.6,2.227714977661521,2.745044213161774,3.4143522964412965,0.5530104097078559,6.4,0.9000198667442592,2.227714977661521,0.2,1.5873015873015872,1.3513513513513513,0.0,0.0,0.0,0.0,2.061855670103093,0.0,0.0,1.5873015873015872,0.0,0.0,5.000508608756031,0.0,0.0,0.0,1.3513513513513513,0.0,0.0,0.0,0.0,1.3513513513513513,0.0,0.0,0.0,0.0,2.488202488202488,2.488202488202488,0.0,0.0,0.0,0.0,0.0,0.0,0.0,0.0,0.0,0.8547008547008549,0.0,0.0,0.8547008547008549,0.0,0.0,0.0,0.0,0.0,0.0,0.0,0.0,0.0,0.0,0.0,0.0,0.0,0.0,0.0,2.061855670103093,0.0,2.061855670103093,0.0,0.0,0.0,0.0,0.0,0.0,0.0013513513513513514,0.002442002442002442,27.796666666666663,1.9104533683001097,13.719306312440716,18.07649848912372,12.969779928826132,2019,5
2019-06-01,3,2.7894002789400276,0.0,0.0,11.333333333333334,2.079787250076019,2.841630529641615,3.4576338863763225,0.632800957213684,5.0,0.5639300692602757,2.079787250076019,1.0,5.204348345669945,0.0,0.0,0.0,1.8939393939393938,0.0,0.0,0.0,0.0,0.0,0.0,0.0,1.8939393939393938,0.0,0.0,0.0,0.0,0.0,0.0,0.0,0.0,0.0,0.0,0.0,0.0,0.0,0.0,0.0,0.0,0.0,0.0,0.0,0.0,0.0,0.0,0.0,0.0,0.0,0.0,0.0,0.0,0.0,1.3947001394700138,0.0,0.0,0.0,1.3947001394700138,1.9157088122605364,0.0,0.0,0.0,0.0,1.9157088122605364,0.0,0.0,0.0,0.0,0.0,0.0,0.0,0.0,0.0,0.0,0.0,0.0,0.005703587600139324,0.0033104089517305506,26.819444444444443,1.9002839979922606,17.201504527401756,16.70179798510192,12.639864028356891,2019,6
2019-08-01,1,0.0,0.0,4.651162790697675,18.0,3.8297084310253524,2.5899872865474016,3.40343347639485,0.7334663367340134,11.0,1.3972762620115438,3.8297084310253524,3.0,13.953488372093023,0.0,0.0,0.0,4.651162790697675,0.0,0.0,0.0,0.0,0.0,0.0,0.0,4.651162790697675,0.0,0.0,0.0,4.651162790697675,0.0,0.0,0.0,0.0,4.651162790697675,0.0,0.0,0.0,0.0,0.0,0.0,0.0,0.0,0.0,0.0,0.0,0.0,0.0,0.0,0.0,0.0,0.0,0.0,0.0,0.0,0.0,0.0,0.0,0.0,0.0,0.0,0.0,0.0,0.0,0.0,0.0,0.0,0.0,0.0,0.0,0.0,0.0,0.0,0.0,0.0,0.0,0.0,0.0,0.013953488372093023,0.0,30.571428571428573,2.121495327102804,-0.5105017605633577,19.94492370892019,13.852874647887326,2019,8
2019-09-01,9,0.0,0.6349206349206349,5.14698999066774,11.222222222222221,2.2371127049168,2.721050720059617,3.3663719108989154,0.6199137497123024,4.777777777777778,0.749640294998176,2.2371127049168,0.6666666666666666,3.658183853574893,0.0,0.0,0.0,0.0,0.0,0.5941770647653001,0.0,1.141522439696882,0.6349206349206349,3.5104951071337624,0.0,5.881115246516579,0.0,0.0,0.0,0.0,0.0,0.0,1.7279639128378623,0.0,1.7279639128378623,0.0,0.0,0.0,0.0,0.0,0.0,0.0,0.0,0.0,0.0,0.0,0.0,0.0,0.0,0.0,0.5027652086475617,0.0,0.0,0.5027652086475617,0.0,0.0,0.0,0.0,0.0,0.0,1.8576806973016522,0.0,0.0,0.0,0.0,1.8576806973016522,0.0,0.0,0.0,0.5941770647653001,0.0,0.5941770647653001,0.0,0.0,0.0,0.0,0.0,0.0,0.0005192107995846313,0.0010501105835791435,26.13862433862434,1.8738710141183195,18.751967331709743,16.797618908890954,12.906172596614985,2019,9
2019-10-01,3,0.0,0.0,4.901960784313725,14.0,3.295643453623051,2.788244247098144,3.0836342793207963,0.5888470411560568,4.0,0.39790431445379887,3.295643453623051,0.0,0.0,0.0,0.0,0.0,0.0,0.0,0.0,0.0,3.472222222222222,0.0,0.0,3.370098039215686,6.842320261437909,0.0,0.0,0.0,0.0,0.0,0.0,0.0,0.0,0.0,0.0,0.0,0.0,0.0,0.0,0.0,0.0,0.0,0.0,0.0,0.0,0.0,0.0,3.370098039215686,0.0,0.0,0.0,0.0,3.370098039215686,0.0,0.0,0.0,0.0,0.0,0.0,1.9157088122605364,0.0,0.0,0.0,0.0,1.9157088122605364,0.0,0.0,0.0,0.0,0.0,0.0,0.0,0.0,0.0,0.0,0.0,0.0,0.0019157088122605363,0.001736111111111111,23.021164021164022,1.876829301442162,16.264086270906244,16.391819505336347,12.569325465968019,2019,10
2019-11-01,5,0.0,0.0,2.30595427963849,11.0,1.8361983402589885,2.818647318361953,3.3914678395959177,0.6167253602340244,5.6,0.9151777512360676,1.8361983402589885,1.6,8.547859183334557,0.0,0.0,0.0,0.0,0.0,0.9345794392523364,0.0,1.0309278350515465,0.9345794392523364,1.1363636363636362,0.0,4.036450349919855,0.0,0.0,0.0,0.0,0.0,0.0,0.0,0.0,0.0,0.0,0.0,0.0,0.0,0.0,0.0,0.0,0.0,0.0,0.0,0.0,0.0,0.0,0.0,0.0,0.0,0.0,0.0,0.0,0.0,0.0,0.0,0.0,0.0,0.0,1.0309278350515465,0.0,0.0,0.0,0.9852216748768473,2.016149509928394,0.0,0.0,0.0,0.9345794392523364,0.9852216748768473,1.9198011141291835,0.0,0.0,0.0,0.0,0.0,0.0,0.0044010369566528,0.0,25.25674603174603,1.8527451434196973,18.239828115014696,16.501733649348587,13.359285374018265,2019,11
2019-12-01,4,0.0,0.0,2.7362089201877935,11.25,2.0599754594674287,2.8208155021461643,3.5637673261710376,0.7428996419405494,10.5,1.1817587296691785,2.0599754594674287,1.25,4.952330508474576,0.0,0.0,0.0,1.5625,0.0,0.0,0.0,1.1737089201877935,0.0,0.0,0.0,2.7362089201877935,0.0,0.0,0.0,0.0,0.0,0.0,0.847457627118644,0.0,0.847457627118644,0.0,0.0,0.0,0.0,0.0,0.0,0.0,0.0,0.0,0.0,0.0,0.0,0.0,0.0,0.0,0.847457627118644,0.0,1.5625,2.409957627118644,0.0,2.7362089201877935,0.0,0.0,0.0,2.7362089201877935,1.5625,0.0,0.0,0.0,0.0,1.5625,0.0,0.0,0.0,0.0,0.0,0.0,0.0,0.0,0.0,1.1737089201877935,0.0,1.1737089201877935,0.003125,0.0,25.917460317460318,1.9166506225131563,14.652513001425206,17.32544261693507,12.565624953764962,2019,12
2020-01-01,3,0.0,0.0,2.1367521367521367,11.333333333333334,2.0297601534806167,2.8073973599803725,3.0996458699132723,0.5410614981164772,5.666666666666667,0.6109647868073494,2.0297601534806167,1.0,4.4843049327354265,0.0,0.0,0.0,0.0,0.0,2.1367521367521367,0.0,0.0,0.0,0.0,0.0,2.1367521367521367,0.0,0.0,0.0,0.0,0.0,0.0,0.0,0.0,0.0,2.1367521367521367,0.0,0.0,0.0,0.0,2.1367521367521367,0.0,0.0,0.0,0.0,0.0,0.0,0.0,0.0,0.0,0.0,0.0,0.0,0.0,0.0,0.0,0.0,0.0,0.0,0.0,3.631520447663945,0.0,0.0,0.0,0.0,3.631520447663945,0.0,0.0,0.0,2.1367521367521367,0.0,2.1367521367521367,0.0,0.0,0.0,0.0,0.0,0.0,0.0,0.0017271157167530226,23.12222222222222,1.9499818366753852,15.7821341088676,16.706549939985464,12.456302720573866,2020,1
2020-02-01,5,1.7167381974248925,2.8571428571428568,1.8435907735892936,11.0,2.317725758964438,2.7822572247559663,3.219406231744569,0.4747568872646072,6.8,0.8536281922266781,2.317725758964438,1.2,6.189565127462641,0.0,0.0,0.0,0.0,0.0,0.0,0.0,1.2048192771084338,0.0,0.0,0.8583690987124463,2.06318837582088,0.0,0.0,0.0,0.0,0.0,0.0,0.0,0.0,0.0,0.0,0.0,0.0,0.9852216748768473,0.0,0.9852216748768473,0.0,0.0,0.0,0.0,0.0,0.0,0.0,0.8583690987124463,0.0,1.2048192771084338,0.0,0.0,2.06318837582088,0.0,0.0,0.0,0.0,0.0,0.0,1.2048192771084338,0.0,0.0,0.0,0.0,1.2048192771084338,0.0,0.0,0.0,0.0,0.0,0.0,0.0,0.0,0.0,0.0,0.0,0.0,0.002286940527283875,0.0012048192771084338,25.441666666666666,1.8136150493346306,26.38138114329916,15.517770485397469,13.11971794060637,2020,2
2020-03-01,4,0.0,0.0,3.5540591096146654,11.5,2.251576660541172,2.8073412579201458,3.245427633774506,0.560644998107817,6.5,0.7136520768173302,2.251576660541172,0.25,1.4792899408284024,0.0,0.0,0.0,0.0,0.0,0.0,0.0,1.4792899408284024,1.3089005235602096,2.05761316872428,0.0,4.845803633112892,0.0,0.0,0.0,0.0,0.0,0.0,1.02880658436214,0.0,1.02880658436214,0.0,0.0,0.0,0.0,2.5080965251905423,2.5080965251905423,0.0,0.0,0.0,0.0,0.0,0.0,0.0,0.0,1.4792899408284024,0.0,0.0,0.0,1.4792899408284024,0.0,0.0,1.02880658436214,0.0,0.0,1.02880658436214,2.3377071079223493,0.0,0.0,0.0,0.0,2.3377071079223493,0.0,0.0,0.0,0.0,0.0,0.0,0.0,0.0,0.0,0.0,0.0,0.0,0.002617801047120419,0.0,22.90277777777778,1.928753147627037,16.642071783404653,16.331840358769853,12.533001872472674,2020,3
2020-04-01,1,0.0,0.0,0.0,8.0,1.1547005383792517,2.809707634754299,3.0454545454545454,0.45820268745306275,2.0,0.5773502691896258,1.1547005383792517,0.0,0.0,0.0,0.0,0.0,0.0,0.0,0.0,0.0,0.0,0.0,0.0,0.0,0.0,0.0,0.0,0.0,0.0,0.0,0.0,0.0,0.0,0.0,0.0,0.0,0.0,0.0,0.0,0.0,0.0,0.0,0.0,0.0,0.0,0.0,0.0,0.0,0.0,0.0,0.0,0.0,0.0,0.0,0.0,0.0,0.0,0.0,0.0,0.0,16.393442622950822,0.0,0.0,0.0,16.393442622950822,0.0,0.0,0.0,0.0,0.0,0.0,0.0,0.0,0.0,0.0,0.0,0.0,0.0,0.0,20.0,1.9833333333333334,18.745000000000033,15.613333333333337,12.5235,2020,4
2020-05-01,6,0.0,0.0,3.096242994534007,12.0,2.686593203448041,2.7472467002830037,3.4376832383938445,0.5821184747251423,5.166666666666667,0.76884832971104,2.686593203448041,0.6666666666666666,3.2875981848513507,0.0,0.0,0.0,0.0,0.0,0.0,0.0,0.859106529209622,0.8130081300813008,0.0,0.0,1.6721146592909228,0.0,0.0,0.0,0.5592841163310962,0.0,0.0,0.0,0.0,0.5592841163310962,0.0,0.0,0.5592841163310962,0.0,0.0,0.5592841163310962,0.0,0.0,0.0,0.0,0.0,0.0,0.0,0.0,0.8130081300813008,0.5592841163310962,0.0,1.0101010101010102,2.382393256513407,0.0,0.0,0.0,0.0,0.0,0.0,2.1286692427632024,0.0,0.0,0.0,0.0,2.1286692427632024,0.0,0.0,0.0,0.0,0.0,0.0,0.5592841163310962,0.0,0.0,0.0,1.02880658436214,1.588090700693236,0.0015693851264321063,0.0026168972850553755,24.426379176379175,1.9182673345350683,12.646502280348074,17.272959644595222,12.742259168261556,2020,5
2020-06-01,2,0.0,0.0,8.40715360187197,12.0,2.8828068962950244,2.6818414754511943,3.3116071428571425,0.6468444831397181,8.5,0.773861278752583,2.8828068962950244,1.0,5.816480026742436,0.0,0.0,0.0,0.0,0.0,0.0,0.0,3.225806451612903,0.0,0.0,0.0,3.225806451612903,0.0,0.0,0.0,0.0,0.0,0.0,0.0,0.0,0.0,0.0,0.0,0.0,0.0,2.5906735751295336,2.5906735751295336,0.0,0.0,0.0,0.0,0.0,0.0,0.0,0.0,0.0,0.0,0.0,0.0,0.0,0.0,3.225806451612903,0.0,0.0,0.0,3.225806451612903,0.0,0.0,0.0,0.0,0.0,0.0,0.0,0.0,0.0,0.0,0.0,0.0,0.0,0.0,0.0,0.0,0.0,0.0,0.0,0.0,26.066666666666666,1.8692843614718613,18.002988354608604,17.039017516076402,13.132732186230285,2020,6
2020-07-01,1,0.0,0.0,0.0,12.0,1.6733200530681511,2.669780073826398,3.05,0.38740237138004513,3.0,0.5477225575051661,1.6733200530681511,0.0,0.0,0.0,0.0,0.0,5.9171597633136095,0.0,0.0,0.0,0.0,0.0,0.0,0.0,5.9171597633136095,0.0,0.0,0.0,0.0,0.0,0.0,0.0,0.0,0.0,0.0,0.0,0.0,0.0,0.0,0.0,0.0,0.0,0.0,0.0,0.0,0.0,0.0,0.0,0.0,0.0,0.0,0.0,0.0,0.0,0.0,0.0,0.0,0.0,0.0,0.0,0.0,0.0,0.0,0.0,0.0,0.0,0.0,0.0,0.0,0.0,0.0,0.0,0.0,0.0,0.0,0.0,0.0,0.005917159763313609,0.005917159763313609,28.0,1.8392857142857142,18.884146216768954,17.374325153374233,12.539917586912066,2020,7
2020-08-01,3,0.0,0.0,2.164502164502165,12.0,2.6873784264266907,2.757697610142904,3.1326505360431462,0.4636210042835384,3.3333333333333335,0.6396350226213635,2.6873784264266907,0.6666666666666666,4.7686688311688314,0.0,0.0,0.0,0.0,0.0,0.0,0.0,0.0,0.0,0.0,0.0,0.0,0.0,0.0,0.0,0.0,0.0,0.0,0.0,0.0,0.0,0.0,0.0,0.0,0.0,0.0,0.0,0.0,0.0,0.0,0.0,0.0,0.0,0.0,0.0,0.0,0.0,0.0,0.0,0.0,0.0,0.0,0.0,0.0,0.0,0.0,0.0,0.0,0.0,0.0,0.0,0.0,0.0,0.0,0.0,0.0,0.0,0.0,0.0,0.0,0.0,0.0,0.0,0.0,0.0,0.0026666666666666666,23.833333333333332,1.9134538922672615,18.79578840060334,16.465395845621128,13.377704762684253,2020,8
2020-09-01,1,0.0,0.0,5.434782608695652,11.0,1.772810520855837,2.64308153149343,3.5743589743589745,0.7492827271200639,4.0,1.133893419027682,1.772810520855837,0.0,0.0,0.0,0.0,0.0,0.0,0.0,0.0,0.0,0.0,0.0,0.0,0.0,0.0,0.0,0.0,0.0,0.0,0.0,0.0,0.0,0.0,0.0,5.434782608695652,0.0,0.0,0.0,0.0,5.434782608695652,0.0,0.0,0.0,0.0,0.0,0.0,0.0,0.0,0.0,0.0,0.0,0.0,0.0,0.0,0.0,0.0,0.0,10.869565217391305,10.869565217391305,5.434782608695652,0.0,0.0,0.0,0.0,5.434782608695652,0.0,0.0,0.0,0.0,0.0,0.0,0.0,0.0,0.0,0.0,0.0,0.0,0.0,0.0,26.142857142857142,2.0163934426229506,7.305000000000035,18.628571428571423,14.29820634920635,2020,9
2020-10-01,7,0.0,0.7639419404125286,5.790397862357456,13.142857142857142,2.9170052708493452,2.710990725066497,3.514458943702338,0.6866199170177155,4.857142857142857,0.6501481462802091,2.9170052708493452,1.1428571428571428,4.934897829238473,0.0,0.0,0.0,0.0,0.0,0.0,0.0,0.0,0.0,1.4854426619132504,0.0,1.4854426619132504,0.0,0.0,0.0,0.0,0.0,0.0,0.0,0.0,0.0,0.0,0.0,0.0,0.0,0.0,0.0,0.0,0.0,0.0,0.0,0.0,0.0,0.0,0.0,0.0,2.0184917024249773,0.0,0.0,2.0184917024249773,0.0,0.0,0.0,0.0,0.0,0.0,1.6624145369983327,0.0,0.0,0.0,0.0,1.6624145369983327,0.0,0.0,0.0,0.0,0.0,0.0,0.5431830526887561,0.0,0.0,0.0,0.0,0.5431830526887561,0.0,0.0016199733180865257,27.08487940630798,1.9253356979914888,13.984062663958598,17.547182213903927,13.152566429455785,2020,10
2020-11-01,3,0.0,5.649717514124294,3.6014522297940084,14.666666666666666,3.2754129595347927,2.8690107258958526,3.549987393746864,0.617239383494351,8.666666666666666,0.7130058907679188,3.2754129595347927,0.6666666666666666,3.7664783427495294,0.0,0.0,0.0,0.0,0.0,1.718213058419244,0.0,0.0,0.0,3.6014522297940084,0.0,5.319665288213253,0.0,0.0,0.0,0.0,0.0,0.0,0.0,0.0,0.0,0.0,0.0,0.0,0.0,0.0,0.0,0.0,0.0,0.0,0.0,0.0,0.0,0.0,0.0,0.0,0.0,0.0,0.0,0.0,0.0,1.8832391713747647,0.0,0.0,0.0,1.8832391713747647,1.718213058419244,0.0,0.0,0.0,0.0,1.718213058419244,0.0,0.0,0.0,1.718213058419244,0.0,1.718213058419244,0.0,0.0,0.0,0.0,0.0,0.0,0.013934617944981199,0.0,29.523809523809522,1.9265634942277974,9.459613690003588,19.0378401033531,13.076106225967374,2020,11
2021-01-01,2,0.0,0.0,2.032520325203252,13.0,2.8848524339933626,2.8283246621619744,3.1750972762645917,0.39474757405995575,6.0,0.6973292160694381,2.8848524339933626,0.0,0.0,4.379938165578839,0.0,0.0,0.0,0.0,0.0,0.0,2.347417840375587,0.0,0.0,0.0,6.727356005954427,0.0,0.0,0.0,0.0,2.347417840375587,0.0,0.0,0.0,2.347417840375587,0.0,0.0,0.0,0.0,0.0,0.0,0.0,0.0,0.0,0.0,0.0,0.0,0.0,0.0,0.0,0.0,0.0,0.0,0.0,0.0,2.347417840375587,0.0,0.0,0.0,2.347417840375587,0.0,0.0,0.0,0.0,0.0,0.0,0.0,0.0,0.0,0.0,0.0,0.0,0.0,0.0,0.0,0.0,0.0,0.0,0.004379938165578839,0.0020325203252032522,22.914141414141415,1.9904312668463613,15.68660440872307,16.800257985257986,12.828106679021086,2021,1
2021-02-01,7,0.6901311249137336,1.21580547112462,8.400339976989418,10.571428571428571,2.0800319989076788,2.8154976390189974,3.559110248809135,0.7502260543566059,7.0,0.983450204357954,2.0800319989076788,1.0,4.127332359050579,0.0,0.0,0.0,0.0,0.0,0.0,0.0,2.393515181238967,0.0,0.0,0.0,2.393515181238967,0.0,0.0,0.0,0.0,0.0,0.0,0.0,0.0,0.0,0.6002400960384154,0.0,0.60790273556231,0.0,1.21580547112462,2.4239483027253454,0.0,0.0,0.0,0.0,0.0,0.0,0.0,0.0,0.5515719801434088,0.0,0.0,0.0,0.5515719801434088,0.0,0.5515719801434088,0.0,0.0,0.0,0.5515719801434088,1.4388834264610662,0.0,0.0,0.0,0.0,1.4388834264610662,0.0,0.0,0.0,0.0,0.0,0.0,0.0,0.0,0.0,0.0,0.0,0.0,0.0028524923482906674,0.0035502861127282956,25.562489098203383,1.9684829698092787,8.627239554688632,17.86891670232363,13.499131384948802,2021,2
2021-03-01,6,1.388888888888889,1.4245014245014247,5.454607796065031,11.166666666666666,1.9366797165617466,2.8436723505848396,3.580587212637843,0.7064864073811891,8.0,0.9963592733351345,1.9366797165617466,1.3333333333333333,5.723591403203053,0.0,0.0,0.0,0.0,0.0,0.0,0.0,6.75074906203774,0.0,2.0833333333333335,0.0,8.834082395371071,0.0,0.0,0.0,1.508295625942685,0.8090614886731391,0.0,0.0,0.0,2.3173571146158243,0.0,0.0,0.0,0.0,0.7541478129713425,0.7541478129713425,0.0,0.0,0.0,0.0,0.0,0.0,0.0,0.0,0.0,0.0,0.0,0.0,0.0,0.0,0.7122507122507123,0.0,0.0,0.7122507122507123,1.4245014245014247,1.7175389497728837,0.0,0.0,0.0,0.0,1.7175389497728837,0.0,0.0,0.0,0.0,0.0,0.0,0.0,0.0,0.0,0.0,0.0,0.0,0.002550692724103129,0.0016181229773462782,29.703769841269843,1.899981838334312,14.355428801406793,18.168092718432376,13.297946562692132,2021,3
2021-04-01,1,0.0,0.0,0.0,11.0,2.0701966780270626,2.8575136094540463,3.1132075471698113,0.5897647500203334,5.0,0.7440238091428449,2.0701966780270626,1.0,5.405405405405405,0.0,0.0,0.0,0.0,0.0,0.0,0.0,0.0,0.0,0.0,0.0,0.0,0.0,0.0,0.0,0.0,0.0,0.0,0.0,0.0,0.0,0.0,0.0,0.0,0.0,0.0,0.0,0.0,0.0,0.0,0.0,0.0,0.0,0.0,0.0,0.0,0.0,0.0,0.0,0.0,0.0,0.0,0.0,0.0,0.0,0.0,5.405405405405405,0.0,0.0,0.0,0.0,5.405405405405405,0.0,0.0,0.0,0.0,0.0,0.0,0.0,0.0,0.0,0.0,0.0,0.0,0.0,0.0,23.0,1.8206521739130435,27.29051450276245,15.073529005524865,13.656932044198895,2021,4
2021-05-01,1,0.0,0.0,0.0,12.0,1.8708286933869707,2.7538333808762596,3.1186440677966103,0.1903300245085687,5.0,0.983192080250175,1.8708286933869707,0.0,0.0,0.0,0.0,0.0,0.0,0.0,0.0,0.0,0.0,0.0,0.0,0.0,0.0,0.0,0.0,0.0,0.0,0.0,0.0,0.0,0.0,0.0,5.9171597633136095,0.0,0.0,0.0,0.0,5.9171597633136095,0.0,0.0,0.0,0.0,0.0,0.0,0.0,0.0,0.0,5.9171597633136095,0.0,0.0,5.9171597633136095,0.0,0.0,0.0,0.0,0.0,0.0,0.0,0.0,0.0,0.0,0.0,0.0,0.0,0.0,0.0,0.0,0.0,0.0,0.0,0.0,0.0,0.0,0.0,0.0,0.0,0.005917159763313609,28.0,2.0714285714285716,-1.357571574642094,20.197638036809817,13.605500408997957,2021,5
2021-06-01,3,0.0,0.0,2.164502164502165,15.666666666666666,3.1690833342850886,2.8446813495186394,3.3445378110607997,0.621931457444829,5.666666666666667,0.7760124087749402,3.1690833342850886,0.3333333333333333,2.164502164502165,0.0,0.0,0.0,0.0,0.0,0.0,0.0,0.0,0.0,0.0,1.2919896640826873,1.2919896640826873,0.0,0.0,0.0,0.0,0.0,0.0,0.0,0.0,0.0,0.0,0.0,0.0,0.0,0.0,0.0,0.0,0.0,0.0,0.0,0.0,0.0,0.0,1.2919896640826873,0.0,0.0,0.0,0.0,1.2919896640826873,0.0,0.0,0.0,0.0,0.0,0.0,0.0,0.0,1.5432098765432098,0.0,0.0,1.5432098765432098,0.0,0.0,0.0,0.0,0.0,0.0,0.0,0.0,0.0,0.0,0.0,0.0,0.0,0.0012919896640826874,24.233333333333334,1.8739117448928113,21.199416925157095,16.03936140936928,12.74445290202924,2021,6
2021-07-01,4,0.0,0.0,3.401360544217687,11.75,2.419376360101171,2.759100647712007,3.119688119512886,0.4152818525597111,4.5,0.6212524079510925,2.419376360101171,0.25,1.7006802721088434,0.0,0.0,0.0,0.0,0.0,0.0,0.0,2.6041666666666665,0.0,0.0,0.0,2.6041666666666665,0.0,0.0,0.0,0.0,0.0,0.0,0.0,0.0,0.0,0.0,0.0,0.0,0.0,4.076086956521739,4.076086956521739,0.0,0.0,0.0,0.0,0.0,0.0,0.0,0.0,0.0,0.0,0.0,0.0,0.0,0.0,0.0,0.0,0.0,0.0,0.0,3.0593759242827563,0.0,0.0,0.0,0.0,3.0593759242827563,0.0,0.0,0.0,0.0,0.0,0.0,0.0,0.0,0.0,0.0,0.0,0.0,0.00510204081632653,0.0074208351818988464,23.802083333333332,2.0153358090649323,9.44826835770165,17.75070283882784,13.45719966075087,2021,7
2021-08-01,1,0.0,0.0,0.0,9.0,1.4354811251305468,2.7832037060253083,3.341818181818182,0.671338323192476,3.0,0.45226701686664544,1.4354811251305468,1.0,3.9215686274509802,0.0,0.0,0.0,0.0,0.0,0.0,0.0,0.0,0.0,0.0,0.0,0.0,0.0,0.0,0.0,0.0,3.9215686274509802,0.0,0.0,0.0,3.9215686274509802,0.0,0.0,0.0,0.0,0.0,0.0,0.0,0.0,0.0,0.0,0.0,0.0,0.0,0.0,0.0,0.0,0.0,0.0,0.0,3.9215686274509802,0.0,0.0,0.0,0.0,3.9215686274509802,0.0,0.0,0.0,0.0,0.0,0.0,0.0,0.0,0.0,0.0,0.0,0.0,0.0,0.0,0.0,0.0,0.0,0.0,0.0,0.00392156862745098,21.166666666666668,1.905511811023622,21.775101214574903,14.942267206477734,13.01728056680162,2021,8
2021-09-01,7,0.0,0.0,3.7727552080022035,12.0,2.50381990345907,2.81220655403972,3.693089492514584,0.797376632339705,6.714285714285714,0.7028153658933712,2.50381990345907,0.7142857142857143,3.731486126092407,0.0,0.0,0.0,0.0,0.0,0.0,0.0,1.5056481308119578,0.7936507936507936,0.0,0.0,2.299298924462751,0.0,0.0,0.0,0.0,0.0,0.0,1.6051364365971106,0.0,1.6051364365971106,0.6553079947575361,0.0,0.0,0.0,0.0,0.6553079947575361,0.0,0.0,0.0,0.0,0.0,0.0,0.0,0.0,0.4892367906066536,1.652908354352977,0.0,0.0,2.1421451449596307,0.0,0.8025682182985553,0.0,0.0,0.0,0.8025682182985553,1.6460303235364047,0.0,0.0,0.0,0.0,1.6460303235364047,0.0,0.0,0.0,0.0,0.0,0.0,0.0,0.0,0.0,0.0,0.0,0.0,0.0,0.0016439909297052155,25.39487496630354,1.8724339323316792,19.55178664726636,16.37594407044298,13.908217485487596,2021,9
2021-10-01,1,0.0,0.0,0.0,10.0,1.6035674514745464,2.702673337433342,3.515,0.4718351175752473,5.0,0.48795003647426666,1.6035674514745464,0.0,0.0,0.0,0.0,0.0,0.0,0.0,0.0,0.0,0.0,0.0,0.0,0.0,0.0,0.0,0.0,0.0,0.0,0.0,0.0,0.0,0.0,0.0,0.0,0.0,0.0,0.0,0.0,0.0,0.0,0.0,0.0,0.0,0.0,0.0,0.0,0.0,0.0,0.0,0.0,0.0,0.0,0.0,0.0,0.0,0.0,0.0,0.0,0.0,0.0,0.0,0.0,0.0,0.0,0.0,0.0,0.0,0.0,0.0,0.0,0.0,0.0,0.0,0.0,0.0,0.0,0.0,0.00558659217877095,25.428571428571427,1.9325842696629214,11.850526315789523,17.675154553049293,13.989736090225565,2021,10
2021-11-01,6,0.6915629322268327,4.622380542289726,2.2565426536163584,11.5,2.367461810303961,2.7278284125457315,3.326743071250757,0.5704424036729446,6.166666666666667,0.7722347729226012,2.367461810303961,0.8333333333333334,3.440809015259733,0.0,0.7861635220125786,0.0,0.7861635220125786,0.0,0.0,0.0,0.0,1.3661202185792352,0.7861635220125786,0.6830601092896176,4.407670893906588,0.0,0.0,0.0,0.0,0.0,0.0,0.0,0.0,0.0,0.0,0.0,0.0,0.0,0.6830601092896176,0.6830601092896176,0.0,0.0,0.0,0.0,0.0,0.0,0.0,0.6830601092896176,1.0893246187363834,0.0,0.0,1.2919896640826873,3.064374392108688,0.0,0.0,0.0,0.0,0.0,0.0,1.7808875509632163,0.0,0.0,0.0,0.0,1.7808875509632163,0.0,0.0,0.0,0.0,0.0,0.0,0.0,0.0,0.0,0.0,0.0,0.0,0.001557632398753894,0.0043114983715031455,28.951659451659452,1.9055034866739018,15.78969709775565,17.439331223745047,13.091215827260624,2021,11
2021-12-01,4,0.0,0.0,1.3513513513513513,12.25,2.1441588137965404,2.8458524571303347,3.7091331437870334,0.9261486517814462,5.25,0.652120921260594,2.1441588137965404,0.25,1.366120218579235,1.3513513513513513,0.0,0.0,1.8248175182481752,0.0,0.0,0.0,0.0,0.0,1.8248175182481752,0.0,5.000986387847702,0.0,0.0,0.0,0.0,0.0,0.0,0.0,0.0,0.0,2.336448598130841,0.0,0.0,0.0,0.0,2.336448598130841,0.0,0.0,0.0,0.0,0.0,0.0,0.0,0.0,1.3513513513513513,0.0,0.0,0.0,1.3513513513513513,0.0,0.0,0.0,0.0,0.0,0.0,0.0,0.0,0.0,0.0,0.0,0.0,0.0,0.0,0.0,0.0,0.0,0.0,0.0,0.0,0.0,0.0,0.0,0.0,0.001366120218579235,0.002336448598130841,26.94047619047619,1.9763356184904706,12.16610106259374,17.596609697140202,13.077242774721094,2021,12
2022-01-01,4,0.992063492063492,1.2820512820512822,5.0530510346151996,10.25,1.9093417888239914,2.815833693823556,3.4598171235283353,0.6869058787415693,4.25,0.7975913278023351,1.9093417888239914,0.75,5.7251908396946565,1.5723270440251573,0.0,0.0,0.0,0.0,0.0,0.0,0.0,0.0,1.2820512820512822,0.0,2.8543783260764393,0.0,0.0,0.0,0.0,0.992063492063492,0.0,0.0,0.0,0.992063492063492,1.2820512820512822,0.0,0.0,0.0,0.0,1.2820512820512822,0.0,0.0,0.0,0.0,0.0,0.0,0.0,0.0,1.2820512820512822,0.0,0.0,0.0,1.2820512820512822,1.5723270440251573,0.0,0.0,0.0,0.0,1.5723270440251573,0.992063492063492,0.0,0.0,0.0,0.0,0.992063492063492,0.0,0.0,0.0,0.0,0.0,0.0,0.0,0.0,0.0,0.0,0.0,0.0,0.006044826554692607,0.000992063492063492,26.105357142857144,1.907571868740219,15.020338485867825,17.461716201988047,13.215218505191242,2022,1
2022-02-01,4,0.0,0.0,5.723711771099909,12.5,2.3140195817116167,2.888890553754071,3.4724210730592477,0.6796503333403443,7.5,0.8955213669656763,2.3140195817116167,2.0,8.836311981643274,0.0,0.0,0.0,0.0,0.8833922261484098,0.0,0.0,2.588112888542073,0.0,0.0,0.0,3.471505114690483,0.0,0.0,0.0,0.0,0.0,0.0,0.0,0.0,0.0,1.0729613733905579,0.0,0.0,0.0,0.0,1.0729613733905579,0.0,0.0,0.0,0.0,0.0,0.0,0.0,0.0,1.1792452830188678,0.0,0.0,0.0,1.1792452830188678,0.0,0.0,0.0,0.0,0.0,0.0,3.1355988825578356,0.0,0.0,0.0,0.0,3.1355988825578356,0.8833922261484098,0.0,1.1792452830188678,0.0,0.0,2.0626375091672777,0.0,0.0,0.0,0.0,0.0,0.0,0.0015151515151515152,0.002694396798170383,25.636174242424243,1.9241561156788336,12.38268664433376,17.51210380917202,12.9381563186772,2022,2
2022-03-01,6,0.0,0.0,4.803564716852276,11.666666666666666,2.558559631152013,2.6976858384552376,3.4083218913506825,0.744830270218895,5.0,0.7820544073600292,2.558559631152013,1.5,9.64950767532378,0.0,0.0,0.0,1.0040160642570282,0.0,0.0,0.0,0.6666666666666666,3.34136546184739,0.0,0.0,5.0120481927710845,0.0,0.0,0.0,0.0,0.0,0.0,0.0,0.0,0.0,0.0,0.0,0.0,0.0,0.0,0.0,0.0,0.0,0.0,0.0,0.0,0.0,0.0,0.0,0.0,1.670682730923695,0.0,0.0,1.670682730923695,0.0,0.0,0.0,1.0040160642570282,0.0,1.0040160642570282,1.7419354838709677,0.0,0.0,0.0,0.0,1.7419354838709677,0.0,0.0,0.0,0.0,1.02880658436214,1.02880658436214,0.6666666666666666,0.0,0.0,0.0,0.0,0.6666666666666666,0.0013333333333333333,0.002646929561708418,24.898015873015876,1.9881816254041729,14.470572852081611,16.66346957204696,13.303148182419823,2022,3
2022-04-01,2,0.0,0.0,0.0,13.5,2.3556941555113187,2.7545692886534305,3.3474111866969007,0.5219730658649959,8.0,0.9232837783066616,2.3556941555113187,0.5,1.9230769230769231,0.0,0.0,0.0,0.0,0.0,0.0,0.0,5.558482613277134,0.0,1.7123287671232876,0.0,7.2708113804004215,0.0,0.0,0.0,0.0,0.0,0.0,0.0,0.0,0.0,0.0,0.0,0.0,0.0,0.0,0.0,0.0,0.0,0.0,0.0,0.0,0.0,0.0,0.0,0.0,0.0,0.0,0.0,0.0,0.0,0.0,0.0,0.0,0.0,0.0,0.0,0.0,0.0,0.0,0.0,0.0,0.0,0.0,0.0,0.0,0.0,0.0,0.0,0.0,0.0,0.0,0.0,0.0,0.0,0.0017123287671232876,28.3125,1.921658772174236,13.138674598782544,17.56100319744205,13.805884887255031,2022,4
2022-05-01,7,0.0,0.0,9.381388277291816,11.142857142857142,2.1390616375182216,2.7409420479829243,3.5456346793284657,0.8103137419353214,6.0,0.8295920591078202,2.1390616375182216,0.42857142857142855,4.095441595441597,0.0,0.0,0.0,0.0,0.0,0.0,0.0,0.0,0.0,0.0,0.0,0.0,0.0,0.0,0.0,0.0,0.6770480704129993,0.0,0.6770480704129993,0.0,1.3540961408259986,0.0,0.0,0.6868131868131869,0.0,0.9784735812133072,1.665286768026494,0.0,0.0,0.0,0.0,0.0,0.0,0.0,0.0,0.0,0.0,0.0,0.0,0.0,0.0,0.0,0.0,0.0,0.0,0.0,3.20308661870978,0.0,0.0,0.0,0.0,3.20308661870978,0.0,0.0,0.0,0.0,0.0,0.0,0.6613756613756614,0.0,0.0,0.0,0.0,0.6613756613756614,0.0013384237317886607,0.00399194919742865,26.910714285714285,1.9906825359811005,7.758480780695379,18.714179544754227,13.720609008928069,2022,5
2022-06-01,5,3.186157852003248,0.0,5.359722794793241,11.0,2.1012496907374207,2.808065831813948,3.3348442630777564,0.7405714208217733,5.8,0.7869282264861475,2.1012496907374207,0.6,2.3984223710625896,0.6644518272425249,0.0,0.0,1.1111111111111112,0.0,0.0,0.0,1.733970543820065,0.0,3.2917409387997623,1.0695187165775402,7.870793137551004,0.0,0.0,0.0,0.0,1.0471204188481678,0.0,0.0,0.0,1.0471204188481678,0.0,0.0,0.0,0.0,0.0,0.0,0.0,0.0,0.0,0.0,0.0,0.0,0.0,1.0695187165775402,0.0,0.0,0.0,0.0,1.0695187165775402,0.0,0.0,0.0,0.0,0.0,0.0,6.399176507226051,0.0,0.0,0.0,1.1111111111111112,7.510287618337162,0.0,0.0,0.0,0.0,0.0,0.0,0.0,0.0,0.0,0.0,0.0,0.0,0.0021166391354257076,0.003509533482173701,22.001892551892553,1.9811714608997133,15.63611552111339,16.009420031071397,12.93209373611568,2022,6
2022-07-01,5,0.0,3.465063001145475,6.929224026282111,11.2,1.991760115700155,2.736101255374742,3.516225119498979,0.6924102205206898,10.0,1.0076014704940301,1.991760115700155,1.8,8.150069319292353,0.0,0.0,0.0,0.0,0.0,0.0,0.0,0.975609756097561,0.0,1.8518518518518519,0.0,2.827461607949413,0.0,0.0,0.0,0.0,0.0,0.0,0.0,0.0,0.0,1.4594859955684698,0.0,0.0,0.0,0.6872852233676976,2.146771218936167,0.0,0.0,0.0,0.0,0.0,0.0,0.0,0.0,0.6872852233676976,0.0,0.0,0.7722007722007722,1.4594859955684698,0.0,0.0,0.0,0.0,0.0,0.0,1.7478105282983332,0.0,0.0,0.0,0.0,1.7478105282983332,0.0,0.0,0.0,0.0,0.7722007722007722,0.7722007722007722,0.0,0.0,0.0,0.0,0.0,0.0,0.0018518518518518517,0.0007722007722007722,25.571948051948052,1.9070085965420653,18.686931378031566,16.69913661179995,13.024369416320791,2022,7
2022-09-01,1,0.0,0.0,0.0,13.0,2.503331114069145,2.8564775420758517,3.69,0.5182036574288104,7.0,1.1690451944500122,2.503331114069145,2.0,11.494252873563218,0.0,0.0,0.0,0.0,0.0,0.0,0.0,0.0,0.0,5.747126436781609,0.0,5.747126436781609,0.0,0.0,0.0,0.0,0.0,0.0,0.0,0.0,0.0,0.0,0.0,0.0,0.0,0.0,0.0,0.0,0.0,0.0,0.0,0.0,0.0,0.0,0.0,0.0,0.0,0.0,0.0,0.0,0.0,0.0,0.0,0.0,0.0,0.0,5.747126436781609,0.0,0.0,0.0,0.0,5.747126436781609,0.0,0.0,0.0,0.0,0.0,0.0,0.0,0.0,0.0,0.0,0.0,0.0,0.0,0.0,28.833333333333332,1.953757225433526,8.207857142857165,19.07047619047619,13.672204761904762,2022,9
2023-01-01,1,0.0,0.0,4.132231404958678,14.0,2.758824226207808,2.910764895141566,3.214814814814815,0.46713214468600883,8.0,0.927960727138337,2.758824226207808,0.0,0.0,0.0,0.0,0.0,0.0,0.0,0.0,0.0,0.0,0.0,0.0,0.0,0.0,0.0,0.0,0.0,0.0,0.0,0.0,0.0,0.0,0.0,0.0,0.0,0.0,0.0,0.0,0.0,0.0,0.0,0.0,0.0,0.0,0.0,0.0,0.0,4.132231404958678,0.0,0.0,0.0,4.132231404958678,0.0,0.0,0.0,0.0,0.0,0.0,0.0,0.0,0.0,0.0,0.0,0.0,0.0,0.0,0.0,0.0,0.0,0.0,0.0,0.0,0.0,0.0,0.0,0.0,0.0,0.004132231404958678,26.77777777777778,1.8049792531120332,16.65864972595915,17.09127055306428,13.29153158943697,2023,1
2023-07-01,1,8.368200836820083,0.0,8.368200836820083,16.0,3.1997023671109224,2.8793281019084978,3.4264150943396228,0.785203981574843,9.0,0.7559289460184545,3.1997023671109224,2.0,8.368200836820083,0.0,0.0,0.0,0.0,0.0,0.0,0.0,8.368200836820083,0.0,0.0,0.0,8.368200836820083,0.0,0.0,0.0,0.0,0.0,0.0,0.0,0.0,0.0,0.0,0.0,0.0,0.0,0.0,0.0,0.0,0.0,0.0,0.0,0.0,0.0,0.0,0.0,0.0,0.0,0.0,0.0,0.0,0.0,0.0,0.0,0.0,0.0,0.0,0.0,0.0,0.0,0.0,0.0,0.0,0.0,0.0,0.0,0.0,0.0,0.0,0.0,0.0,0.0,0.0,0.0,0.0,0.0,0.0,34.0,1.680672268907563,28.289615384615388,17.61808302808303,11.839984493284494,2023,7
2023-12-01,1,0.0,0.0,9.70873786407767,11.0,2.260776661041756,2.9410527931420805,3.3644444444444446,0.6801881181685017,6.0,0.9660917830792958,2.260776661041756,0.0,0.0,0.0,0.0,0.0,0.0,0.0,0.0,0.0,0.0,0.0,0.0,0.0,0.0,0.0,0.0,0.0,0.0,0.0,0.0,0.0,0.0,0.0,4.854368932038835,0.0,0.0,0.0,0.0,4.854368932038835,0.0,0.0,0.0,0.0,0.0,0.0,0.0,0.0,4.854368932038835,0.0,0.0,0.0,4.854368932038835,0.0,0.0,4.854368932038835,0.0,0.0,4.854368932038835,0.0,0.0,0.0,0.0,0.0,0.0,0.0,0.0,0.0,0.0,0.0,0.0,0.0,0.0,0.0,0.0,0.0,0.0,0.0,0.0,20.5,1.7414634146341463,33.52884010152286,13.476756345177666,11.827325583756345,2023,12
2024-10-01,2,0.0,0.0,11.549536436414265,10.0,1.9839384831092683,2.8105046849258164,3.24354103343465,0.5091719361533212,6.5,0.9682445070502894,1.9839384831092683,1.5,8.59095655475746,2.9585798816568047,0.0,0.0,0.0,0.0,0.0,0.0,0.0,0.0,0.0,0.0,2.9585798816568047,0.0,0.0,0.0,0.0,0.0,0.0,0.0,0.0,0.0,0.0,2.9585798816568047,0.0,0.0,0.0,2.9585798816568047,0.0,0.0,0.0,0.0,0.0,0.0,0.0,0.0,0.0,0.0,0.0,0.0,0.0,0.0,0.0,0.0,0.0,0.0,0.0,0.0,0.0,0.0,0.0,0.0,0.0,0.0,0.0,0.0,0.0,0.0,0.0,0.0,0.0,0.0,0.0,0.0,0.0,0.0029585798816568047,0.008590956554757459,23.785714285714285,1.9423963133640554,20.316275147929005,15.319643655489813,12.98200856015779,2024,10
2024-11-01,1,0.0,0.0,5.9171597633136095,12.0,1.8516401995451028,2.8044911894037883,3.18957345971564,0.6493477340043505,5.0,0.7440238091428449,1.8516401995451028,1.0,5.9171597633136095,0.0,0.0,0.0,0.0,0.0,0.0,0.0,0.0,5.9171597633136095,0.0,0.0,5.9171597633136095,0.0,0.0,0.0,5.9171597633136095,0.0,0.0,5.9171597633136095,0.0,11.834319526627219,0.0,0.0,0.0,0.0,0.0,0.0,0.0,0.0,0.0,0.0,0.0,0.0,0.0,0.0,0.0,0.0,0.0,0.0,0.0,0.0,0.0,0.0,0.0,0.0,0.0,5.9171597633136095,0.0,0.0,0.0,0.0,5.9171597633136095,0.0,0.0,0.0,0.0,0.0,0.0,0.0,0.0,0.0,0.0,0.0,0.0,0.0,0.005917159763313609,21.0,2.142857142857143,15.659431960049943,15.988501872659178,14.552758676654182,2024,11
2025-08-01,1,0.0,0.0,15.873015873015872,10.0,2.370453040886408,2.9014468530031565,3.963636363636364,1.2916524532648128,5.0,0.4879500364742666,2.370453040886408,0.0,0.0,0.0,0.0,0.0,5.291005291005291,0.0,0.0,0.0,5.291005291005291,0.0,0.0,0.0,10.582010582010582,0.0,0.0,0.0,0.0,0.0,0.0,5.291005291005291,0.0,5.291005291005291,0.0,0.0,0.0,0.0,0.0,0.0,0.0,0.0,0.0,0.0,0.0,0.0,0.0,0.0,0.0,0.0,0.0,0.0,0.0,0.0,0.0,0.0,0.0,0.0,0.0,0.0,0.0,0.0,0.0,0.0,0.0,0.0,0.0,0.0,0.0,0.0,0.0,0.0,0.0,0.0,0.0,0.0,0.0,0.0,0.010582010582010581,26.857142857142858,2.0,7.277500000000003,17.83388888888889,15.016,2025,8
2025-10-01,1,0.0,0.0,6.097560975609756,9.0,1.169045194450012,2.872262433528254,3.6373626373626373,0.7226854952994746,2.0,0.5163977794943223,1.169045194450012,0.0,0.0,12.195121951219512,0.0,0.0,6.097560975609756,0.0,0.0,0.0,0.0,6.097560975609756,6.097560975609756,0.0,30.48780487804878,0.0,0.0,0.0,0.0,0.0,0.0,6.097560975609756,0.0,6.097560975609756,0.0,0.0,0.0,0.0,0.0,0.0,0.0,0.0,0.0,0.0,0.0,0.0,0.0,0.0,6.097560975609756,0.0,0.0,0.0,6.097560975609756,0.0,0.0,0.0,0.0,0.0,0.0,0.0,0.0,0.0,0.0,0.0,0.0,0.0,0.0,0.0,0.0,0.0,0.0,0.0,0.0,0.0,0.0,0.0,0.0,0.006097560975609756,0.006097560975609756,27.166666666666668,2.0736196319018405,0.0959905660377558,19.829276729559755,14.38517672955975,2025,10
2026-01-01,1,0.0,0.0,13.953488372093023,12.0,2.23606797749979,2.7447251139224633,3.2704918032786887,0.5700132421944292,8.0,0.7817359599705717,2.23606797749979,1.0,4.651162790697675,0.0,0.0,0.0,0.0,0.0,0.0,0.0,0.0,0.0,4.651162790697675,0.0,4.651162790697675,0.0,0.0,0.0,0.0,0.0,0.0,0.0,0.0,0.0,0.0,0.0,0.0,0.0,4.651162790697675,4.651162790697675,0.0,0.0,0.0,0.0,0.0,0.0,0.0,0.0,0.0,0.0,0.0,0.0,0.0,0.0,0.0,0.0,0.0,0.0,0.0,0.0,0.0,0.0,0.0,0.0,0.0,0.0,0.0,0.0,0.0,0.0,0.0,0.0,0.0,0.0,0.0,0.0,0.0,0.0,0.009302325581395349,23.77777777777778,1.9766355140186915,9.150677506775082,17.641626016260165,14.163253387533876,2026,1
2026-04-01,1,0.0,0.0,7.518796992481203,9.0,1.2110601416389966,2.827698218362899,3.2,0.5282294745684897,5.0,0.752772652709081,1.2110601416389966,0.0,0.0,0.0,0.0,0.0,0.0,0.0,0.0,0.0,15.037593984962406,0.0,0.0,0.0,15.037593984962406,0.0,0.0,0.0,0.0,0.0,0.0,0.0,0.0,0.0,0.0,0.0,0.0,0.0,0.0,0.0,0.0,0.0,0.0,0.0,0.0,0.0,0.0,0.0,0.0,0.0,0.0,0.0,0.0,0.0,0.0,0.0,0.0,0.0,0.0,0.0,0.0,0.0,0.0,0.0,0.0,0.0,0.0,0.0,0.0,0.0,0.0,0.0,0.0,0.0,0.0,0.0,0.0,0.0,0.007518796992481203,,,,,,2026,4
