year,paper_count,marker_words_total_per_1k_words_yearly_mean,marker_words_total_per_1k_words_yearly_std,marker_words_total_per_1k_words_yearly_n,marker_verbs_total_per_1k_words_yearly_mean,marker_verbs_total_per_1k_words_yearly_std,marker_verbs_total_per_1k_words_yearly_n,marker_adjectives_total_per_1k_words_yearly_mean,marker_adjectives_total_per_1k_words_yearly_std,marker_adjectives_total_per_1k_words_yearly_n,marker_phrases_total_per_1k_words_yearly_mean,marker_phrases_total_per_1k_words_yearly_std,marker_phrases_total_per_1k_words_yearly_n,sequential_markers_total_per_1k_words_yearly_mean,sequential_markers_total_per_1k_words_yearly_std,sequential_markers_total_per_1k_words_yearly_n,causal_markers_total_per_1k_words_yearly_mean,causal_markers_total_per_1k_words_yearly_std,causal_markers_total_per_1k_words_yearly_n,contrast_markers_total_per_1k_words_yearly_mean,contrast_markers_total_per_1k_words_yearly_std,contrast_markers_total_per_1k_words_yearly_n,emphasis_markers_total_per_1k_words_yearly_mean,emphasis_markers_total_per_1k_words_yearly_std,emphasis_markers_total_per_1k_words_yearly_n,summary_markers_total_per_1k_words_yearly_mean,summary_markers_total_per_1k_words_yearly_std,summary_markers_total_per_1k_words_yearly_n,word_finding_per_1k_words_yearly_mean,word_finding_per_1k_words_yearly_std,word_finding_per_1k_words_yearly_n,word_interplay_per_1k_words_yearly_mean,word_interplay_per_1k_words_yearly_std,word_interplay_per_1k_words_yearly_n,word_realm_per_1k_words_yearly_mean,word_realm_per_1k_words_yearly_std,word_realm_per_1k_words_yearly_n,word_insight_per_1k_words_yearly_mean,word_insight_per_1k_words_yearly_std,word_insight_per_1k_words_yearly_n,word_notably_per_1k_words_yearly_mean,word_notably_per_1k_words_yearly_std,word_notably_per_1k_words_yearly_n,word_particularly_per_1k_words_yearly_mean,word_particularly_per_1k_words_yearly_std,word_particularly_per_1k_words_yearly_n,word_meticulously_per_1k_words_yearly_mean,word_meticulously_per_1k_words_yearly_std,word_meticulously_per_1k_words_yearly_n,word_while_per_1k_words_yearly_mean,word_while_per_1k_words_yearly_std,word_while_per_1k_words_yearly_n,word_within_per_1k_words_yearly_mean,word_within_per_1k_words_yearly_std,word_within_per_1k_words_yearly_n,word_across_per_1k_words_yearly_mean,word_across_per_1k_words_yearly_std,word_across_per_1k_words_yearly_n,word_additionally_per_1k_words_yearly_mean,word_additionally_per_1k_words_yearly_std,word_additionally_per_1k_words_yearly_n,verb_delve_per_1k_words_yearly_mean,verb_delve_per_1k_words_yearly_std,verb_delve_per_1k_words_yearly_n,verb_underscore_per_1k_words_yearly_mean,verb_underscore_per_1k_words_yearly_std,verb_underscore_per_1k_words_yearly_n,verb_showcase_per_1k_words_yearly_mean,verb_showcase_per_1k_words_yearly_std,verb_showcase_per_1k_words_yearly_n,verb_enhance_per_1k_words_yearly_mean,verb_enhance_per_1k_words_yearly_std,verb_enhance_per_1k_words_yearly_n,verb_exhibit_per_1k_words_yearly_mean,verb_exhibit_per_1k_words_yearly_std,verb_exhibit_per_1k_words_yearly_n,verb_garner_per_1k_words_yearly_mean,verb_garner_per_1k_words_yearly_std,verb_garner_per_1k_words_yearly_n,verb_align_per_1k_words_yearly_mean,verb_align_per_1k_words_yearly_std,verb_align_per_1k_words_yearly_n,verb_foster_per_1k_words_yearly_mean,verb_foster_per_1k_words_yearly_std,verb_foster_per_1k_words_yearly_n,adjective_crucial_per_1k_words_yearly_mean,adjective_crucial_per_1k_words_yearly_std,adjective_crucial_per_1k_words_yearly_n,adjective_pivotal_per_1k_words_yearly_mean,adjective_pivotal_per_1k_words_yearly_std,adjective_pivotal_per_1k_words_yearly_n,adjective_comprehensive_per_1k_words_yearly_mean,adjective_comprehensive_per_1k_words_yearly_std,adjective_comprehensive_per_1k_words_yearly_n,adjective_intricate_per_1k_words_yearly_mean,adjective_intricate_per_1k_words_yearly_std,adjective_intricate_per_1k_words_yearly_n,adjective_potential_per_1k_words_yearly_mean,adjective_potential_per_1k_words_yearly_std,adjective_potential_per_1k_words_yearly_n,phrase_meticulously_delve_per_1k_words_yearly_mean,phrase_meticulously_delve_per_1k_words_yearly_std,phrase_meticulously_delve_per_1k_words_yearly_n,phrase_intricate_web_per_1k_words_yearly_mean,phrase_intricate_web_per_1k_words_yearly_std,phrase_intricate_web_per_1k_words_yearly_n,phrase_comprehensive_chapter_per_1k_words_yearly_mean,phrase_comprehensive_chapter_per_1k_words_yearly_std,phrase_comprehensive_chapter_per_1k_words_yearly_n,phrase_deep_dive_per_1k_words_yearly_mean,phrase_deep_dive_per_1k_words_yearly_std,phrase_deep_dive_per_1k_words_yearly_n,phrase_intricate_interplay_per_1k_words_yearly_mean,phrase_intricate_interplay_per_1k_words_yearly_std,phrase_intricate_interplay_per_1k_words_yearly_n,phrase_essential_insight_per_1k_words_yearly_mean,phrase_essential_insight_per_1k_words_yearly_std,phrase_essential_insight_per_1k_words_yearly_n,sequential_marker_additionally_per_1k_words_yearly_mean,sequential_marker_additionally_per_1k_words_yearly_std,sequential_marker_additionally_per_1k_words_yearly_n,sequential_marker_furthermore_per_1k_words_yearly_mean,sequential_marker_furthermore_per_1k_words_yearly_std,sequential_marker_furthermore_per_1k_words_yearly_n,sequential_marker_moreover_per_1k_words_yearly_mean,sequential_marker_moreover_per_1k_words_yearly_std,sequential_marker_moreover_per_1k_words_yearly_n,sequential_marker_subsequently_per_1k_words_yearly_mean,sequential_marker_subsequently_per_1k_words_yearly_std,sequential_marker_subsequently_per_1k_words_yearly_n,sequential_marker_further_per_1k_words_yearly_mean,sequential_marker_further_per_1k_words_yearly_std,sequential_marker_further_per_1k_words_yearly_n,causal_marker_hence_per_1k_words_yearly_mean,causal_marker_hence_per_1k_words_yearly_std,causal_marker_hence_per_1k_words_yearly_n,causal_marker_thus_per_1k_words_yearly_mean,causal_marker_thus_per_1k_words_yearly_std,causal_marker_thus_per_1k_words_yearly_n,causal_marker_consequently_per_1k_words_yearly_mean,causal_marker_consequently_per_1k_words_yearly_std,causal_marker_consequently_per_1k_words_yearly_n,causal_marker_accordingly_per_1k_words_yearly_mean,causal_marker_accordingly_per_1k_words_yearly_std,causal_marker_accordingly_per_1k_words_yearly_n,causal_marker_thereby_per_1k_words_yearly_mean,causal_marker_thereby_per_1k_words_yearly_std,causal_marker_thereby_per_1k_words_yearly_n,contrast_marker_however_per_1k_words_yearly_mean,contrast_marker_however_per_1k_words_yearly_std,contrast_marker_however_per_1k_words_yearly_n,contrast_marker_nonetheless_per_1k_words_yearly_mean,contrast_marker_nonetheless_per_1k_words_yearly_std,contrast_marker_nonetheless_per_1k_words_yearly_n,contrast_marker_nevertheless_per_1k_words_yearly_mean,contrast_marker_nevertheless_per_1k_words_yearly_std,contrast_marker_nevertheless_per_1k_words_yearly_n,contrast_marker_conversely_per_1k_words_yearly_mean,contrast_marker_conversely_per_1k_words_yearly_std,contrast_marker_conversely_per_1k_words_yearly_n,contrast_marker_alternatively_per_1k_words_yearly_mean,contrast_marker_alternatively_per_1k_words_yearly_std,contrast_marker_alternatively_per_1k_words_yearly_n,emphasis_marker_notably_per_1k_words_yearly_mean,emphasis_marker_notably_per_1k_words_yearly_std,emphasis_marker_notably_per_1k_words_yearly_n,emphasis_marker_crucially_per_1k_words_yearly_mean,emphasis_marker_crucially_per_1k_words_yearly_std,emphasis_marker_crucially_per_1k_words_yearly_n,emphasis_marker_remarkably_per_1k_words_yearly_mean,emphasis_marker_remarkably_per_1k_words_yearly_std,emphasis_marker_remarkably_per_1k_words_yearly_n,emphasis_marker_particularly_per_1k_words_yearly_mean,emphasis_marker_particularly_per_1k_words_yearly_std,emphasis_marker_particularly_per_1k_words_yearly_n,emphasis_marker_importantly_per_1k_words_yearly_mean,emphasis_marker_importantly_per_1k_words_yearly_std,emphasis_marker_importantly_per_1k_words_yearly_n,summary_marker_overall_per_1k_words_yearly_mean,summary_marker_overall_per_1k_words_yearly_std,summary_marker_overall_per_1k_words_yearly_n,summary_marker_collectively_per_1k_words_yearly_mean,summary_marker_collectively_per_1k_words_yearly_std,summary_marker_collectively_per_1k_words_yearly_n,summary_marker_ultimately_per_1k_words_yearly_mean,summary_marker_ultimately_per_1k_words_yearly_std,summary_marker_ultimately_per_1k_words_yearly_n,summary_marker_in_summary_per_1k_words_yearly_mean,summary_marker_in_summary_per_1k_words_yearly_std,summary_marker_in_summary_per_1k_words_yearly_n,summary_marker_taken_together_per_1k_words_yearly_mean,summary_marker_taken_together_per_1k_words_yearly_std,summary_marker_taken_together_per_1k_words_yearly_n,em_dash_per_1k_words_yearly_mean,em_dash_per_1k_words_yearly_std,em_dash_per_1k_words_yearly_n,semicolon_per_1k_words_yearly_mean,semicolon_per_1k_words_yearly_std,semicolon_per_1k_words_yearly_n,colon_per_1k_words_yearly_mean,colon_per_1k_words_yearly_std,colon_per_1k_words_yearly_n,clause_depth_yearly_mean,clause_depth_yearly_std,clause_depth_yearly_n,clause_depth_std_yearly_mean,clause_depth_std_yearly_std,clause_depth_std_yearly_n,dependency_entropy_yearly_mean,dependency_entropy_yearly_std,dependency_entropy_yearly_n,dependency_length_yearly_mean,dependency_length_yearly_std,dependency_length_yearly_n,dependency_length_std_yearly_mean,dependency_length_std_yearly_std,dependency_length_std_yearly_n,coordination_count_yearly_mean,coordination_count_yearly_std,coordination_count_yearly_n,coordination_per_sentence_std_yearly_mean,coordination_per_sentence_std_yearly_std,coordination_per_sentence_std_yearly_n,sentence_depth_std_yearly_mean,sentence_depth_std_yearly_std,sentence_depth_std_yearly_n,list_of_three_per_1k_words_yearly_mean,list_of_three_per_1k_words_yearly_std,list_of_three_per_1k_words_yearly_n,avg_words_per_sentence_yearly_mean,avg_words_per_sentence_yearly_std,avg_words_per_sentence_yearly_n,avg_syllables_per_word_yearly_mean,avg_syllables_per_word_yearly_std,avg_syllables_per_word_yearly_n,flesch_reading_ease_yearly_mean,flesch_reading_ease_yearly_std,flesch_reading_ease_yearly_n,flesch_kincaid_grade_yearly_mean,flesch_kincaid_grade_yearly_std,flesch_kincaid_grade_yearly_n,dale_chall_yearly_mean,dale_chall_yearly_std,dale_chall_yearly_n,smog_index_yearly_mean,smog_index_yearly_std,smog_index_yearly_n,automated_readability_index_yearly_mean,automated_readability_index_yearly_std,automated_readability_index_yearly_n,gunning_fog_yearly_mean,gunning_fog_yearly_std,gunning_fog_yearly_n,hedge_ratio_yearly_mean,hedge_ratio_yearly_std,hedge_ratio_yearly_n,certainty_ratio_yearly_mean,certainty_ratio_yearly_std,certainty_ratio_yearly_n
2015,180,0.0,0.0,180,0.0,0.0,180,0.0,0.0,180,0.0,0.0,180,0.0,0.0,180,0.0,0.0,180,0.0,0.0,180,0.0,0.0,180,0.0,0.0,180,0.0,0.0,180,0.0,0.0,180,0.0,0.0,180,0.0,0.0,180,0.0,0.0,180,0.0,0.0,180,0.0,0.0,180,0.0,0.0,180,0.0,0.0,180,0.0,0.0,180,0.0,0.0,180,0.0,0.0,180,0.0,0.0,180,0.0,0.0,180,0.0,0.0,180,0.0,0.0,180,0.0,0.0,180,0.0,0.0,180,0.0,0.0,180,0.0,0.0,180,0.0,0.0,180,0.0,0.0,180,0.0,0.0,180,0.0,0.0,180,0.0,0.0,180,0.0,0.0,180,0.0,0.0,180,0.0,0.0,180,0.0,0.0,180,0.0,0.0,180,0.0,0.0,180,0.0,0.0,180,0.0,0.0,180,0.0,0.0,180,0.0,0.0,180,0.0,0.0,180,0.0,0.0,180,0.0,0.0,180,0.0,0.0,180,0.0,0.0,180,0.0,0.0,180,0.0,0.0,180,0.0,0.0,180,0.0,0.0,180,0.0,0.0,180,0.0,0.0,180,0.0,0.0,180,0.0,0.0,180,0.0,0.0,180,0.0,0.0,180,0.0,0.0,180,0.0,0.0,180,0.0,0.0,180,0.0,0.0,180,0.0,0.0,180,0.18085963508185443,1.1847118547714601,180,0.7487666163494928,2.727231772236553,180,2.711272531026199,4.792837143463892,180,11.927777777777777,2.8871329954786686,180,2.4528470376303897,1.1107650257261155,180,2.7342121559371844,0.14113750003670614,180,3.2743393746764506,0.45538083815459457,180,0.6071014447253437,0.29084118680198695,180,4.8277777777777775,2.978189910981523,180,0.7197940338808776,0.36623362166726925,180,2.4528470376303897,1.1107650257261155,180,3.0729687564840193,5.723398536987936,180,25.52990557282224,6.837669293239858,180,1.906127394177001,0.13027273984027787,180,18.693170405470998,13.930099555592442,180,16.608800837593414,3.1050726347544524,180,12.74980488595002,1.0242847569399676,180,17.325201315355674,2.368142600049414,180,18.288768360070982,3.789975451028877,180,19.79262928992886,3.4407638565156677,180,0.0,0.0,180,0.0,0.0,180
2016,180,0.0,0.0,180,0.0,0.0,180,0.0,0.0,180,0.0,0.0,180,0.0,0.0,180,0.0,0.0,180,0.0,0.0,180,0.0,0.0,180,0.0,0.0,180,0.0,0.0,180,0.0,0.0,180,0.0,0.0,180,0.0,0.0,180,0.0,0.0,180,0.0,0.0,180,0.0,0.0,180,0.0,0.0,180,0.0,0.0,180,0.0,0.0,180,0.0,0.0,180,0.0,0.0,180,0.0,0.0,180,0.0,0.0,180,0.0,0.0,180,0.0,0.0,180,0.0,0.0,180,0.0,0.0,180,0.0,0.0,180,0.0,0.0,180,0.0,0.0,180,0.0,0.0,180,0.0,0.0,180,0.0,0.0,180,0.0,0.0,180,0.0,0.0,180,0.0,0.0,180,0.0,0.0,180,0.0,0.0,180,0.0,0.0,180,0.0,0.0,180,0.0,0.0,180,0.0,0.0,180,0.0,0.0,180,0.0,0.0,180,0.0,0.0,180,0.0,0.0,180,0.0,0.0,180,0.0,0.0,180,0.0,0.0,180,0.0,0.0,180,0.0,0.0,180,0.0,0.0,180,0.0,0.0,180,0.0,0.0,180,0.0,0.0,180,0.0,0.0,180,0.0,0.0,180,0.0,0.0,180,0.0,0.0,180,0.0,0.0,180,0.0,0.0,180,0.0,0.0,180,0.0,0.0,180,0.0,0.0,180,0.8287576779045132,3.4959932452374596,180,0.6902714628890683,2.812149579399586,180,2.7581076797947173,5.165325001728887,180,11.488888888888889,2.4069009000980106,180,2.2702429393401875,0.9365363007194053,180,2.744670248802433,0.12664208328325685,180,3.3491398351409676,0.4479076695028112,180,0.6568683187587608,0.31434247780490504,180,4.927777777777778,3.00470869865104,180,0.753213721447518,0.4601364124708969,180,2.2702429393401875,0.9365363007194053,180,2.9975291700218962,6.196332369546566,180,26.69630802839136,19.62567189830054,180,1.90327998552031,0.1338679623127389,180,18.583295408832523,12.997163210655595,180,16.67177470952163,2.8069282786414775,180,12.831172037424558,0.8371437273322525,180,17.289689037592016,2.310467205801034,180,18.39625304949094,3.3577749020481424,180,19.71303944921488,3.2636950408956715,180,0.0,0.0,180,0.0,0.0,180
2017,179,0.0,0.0,179,0.0,0.0,179,0.0,0.0,179,0.0,0.0,179,0.0,0.0,179,0.0,0.0,179,0.0,0.0,179,0.0,0.0,179,0.036997299197158606,0.494990127650289,179,0.0,0.0,179,0.0,0.0,179,0.0,0.0,179,0.0,0.0,179,0.0,0.0,179,0.0,0.0,179,0.0,0.0,179,0.0,0.0,179,0.0,0.0,179,0.0,0.0,179,0.0,0.0,179,0.0,0.0,179,0.0,0.0,179,0.0,0.0,179,0.0,0.0,179,0.0,0.0,179,0.0,0.0,179,0.0,0.0,179,0.0,0.0,179,0.0,0.0,179,0.0,0.0,179,0.0,0.0,179,0.0,0.0,179,0.0,0.0,179,0.0,0.0,179,0.0,0.0,179,0.0,0.0,179,0.0,0.0,179,0.0,0.0,179,0.0,0.0,179,0.0,0.0,179,0.0,0.0,179,0.0,0.0,179,0.0,0.0,179,0.0,0.0,179,0.0,0.0,179,0.0,0.0,179,0.0,0.0,179,0.0,0.0,179,0.0,0.0,179,0.0,0.0,179,0.0,0.0,179,0.0,0.0,179,0.0,0.0,179,0.0,0.0,179,0.0,0.0,179,0.0,0.0,179,0.0,0.0,179,0.0,0.0,179,0.0,0.0,179,0.0,0.0,179,0.0,0.0,179,0.0,0.0,179,0.0,0.0,179,0.036997299197158606,0.494990127650289,179,0.5337211723861466,2.7507880990046294,179,0.734739113654963,2.3661794264317098,179,3.294603957260792,4.357859124308358,179,11.88268156424581,2.52241224928289,179,2.41473099855734,1.0265333697965273,179,2.755858960041513,0.1248631423064391,179,3.354051618686607,0.38155861719256284,179,0.6496662470810468,0.2902594980395642,179,5.312849162011173,2.7646244913629174,179,0.7949854283772819,0.35922180785940594,179,2.41473099855734,1.0265333697965273,179,3.1049721642060297,5.092269219700438,179,25.523356392211138,5.600860100038574,179,1.902347506693194,0.128109050622447,179,19.06769786769142,12.615962858858852,179,16.534438292774592,2.5093971038736655,179,12.835017899118235,0.9205109102103178,179,17.25377871786168,2.0944932281421216,179,18.299674111346274,2.9004009644546547,179,19.64442253152327,3.010538126485199,179,0.0,0.0,179,0.0,0.0,179
2018,178,0.0,0.0,178,0.0,0.0,178,0.0,0.0,178,0.0,0.0,178,0.0,0.0,178,0.0,0.0,178,0.0,0.0,178,0.0,0.0,178,0.0,0.0,178,0.0,0.0,178,0.0,0.0,178,0.0,0.0,178,0.0,0.0,178,0.0,0.0,178,0.0,0.0,178,0.0,0.0,178,0.0,0.0,178,0.0,0.0,178,0.0,0.0,178,0.0,0.0,178,0.0,0.0,178,0.0,0.0,178,0.0,0.0,178,0.0,0.0,178,0.0,0.0,178,0.0,0.0,178,0.0,0.0,178,0.0,0.0,178,0.0,0.0,178,0.0,0.0,178,0.0,0.0,178,0.0,0.0,178,0.0,0.0,178,0.0,0.0,178,0.0,0.0,178,0.0,0.0,178,0.0,0.0,178,0.0,0.0,178,0.0,0.0,178,0.0,0.0,178,0.0,0.0,178,0.0,0.0,178,0.0,0.0,178,0.0,0.0,178,0.0,0.0,178,0.0,0.0,178,0.0,0.0,178,0.0,0.0,178,0.0,0.0,178,0.0,0.0,178,0.0,0.0,178,0.0,0.0,178,0.0,0.0,178,0.0,0.0,178,0.0,0.0,178,0.0,0.0,178,0.0,0.0,178,0.0,0.0,178,0.0,0.0,178,0.0,0.0,178,0.0,0.0,178,0.0,0.0,178,0.0,0.0,178,0.0,0.0,178,0.6988159658673635,2.9496002942318182,178,0.5670407435805193,2.389144916716245,178,3.758215315050334,5.148593458874093,178,11.662921348314606,2.3358847401365272,178,2.260640415267,0.9506753818474023,178,2.757268846045186,0.1160422236199888,178,3.364094898630975,0.4262580156212295,178,0.6282722650646009,0.27509577507705196,178,5.48314606741573,2.9405113493222435,178,0.8038574047086476,0.3438587003261648,178,2.260640415267,0.9506753818474023,178,3.423495260207575,5.26978921863197,178,25.656886075846753,5.257433204289347,178,1.9168527727161615,0.12538418376684426,178,17.28480812932667,11.54795495452048,178,16.807874056902495,2.4106617615437784,178,12.921930855586123,0.8586070253160837,178,17.483489849379204,1.8741752100623366,178,18.683995764616633,2.8915922285227227,178,19.968013882631034,2.660010573307695,178,0.0,0.0,178,0.0,0.0,178
2019,180,0.0,0.0,180,0.0,0.0,180,0.0,0.0,180,0.0,0.0,180,0.0,0.0,180,0.0,0.0,180,0.0,0.0,180,0.0,0.0,180,0.026082420448617635,0.34993239084503763,180,0.0,0.0,180,0.0,0.0,180,0.0,0.0,180,0.0,0.0,180,0.0,0.0,180,0.0,0.0,180,0.0,0.0,180,0.0,0.0,180,0.0,0.0,180,0.0,0.0,180,0.0,0.0,180,0.0,0.0,180,0.0,0.0,180,0.0,0.0,180,0.0,0.0,180,0.0,0.0,180,0.0,0.0,180,0.0,0.0,180,0.0,0.0,180,0.0,0.0,180,0.0,0.0,180,0.0,0.0,180,0.0,0.0,180,0.0,0.0,180,0.0,0.0,180,0.0,0.0,180,0.0,0.0,180,0.0,0.0,180,0.0,0.0,180,0.0,0.0,180,0.0,0.0,180,0.0,0.0,180,0.0,0.0,180,0.0,0.0,180,0.0,0.0,180,0.0,0.0,180,0.0,0.0,180,0.0,0.0,180,0.0,0.0,180,0.0,0.0,180,0.0,0.0,180,0.0,0.0,180,0.0,0.0,180,0.0,0.0,180,0.0,0.0,180,0.0,0.0,180,0.0,0.0,180,0.0,0.0,180,0.0,0.0,180,0.0,0.0,180,0.0,0.0,180,0.0,0.0,180,0.0,0.0,180,0.026082420448617635,0.34993239084503763,180,0.0,0.0,180,0.6553871799155293,2.8739671994705027,180,0.7104425620084291,2.9912419618785884,180,3.4324664692621223,5.78746780874799,180,11.655555555555555,2.309374198097933,180,2.2429677061717364,0.8918234293415943,180,2.7655998042527887,0.1288196913099178,180,3.2999290469928306,0.3143676110947327,180,0.5903281770040943,0.23564367134953743,180,5.566666666666666,3.1870898794105798,180,0.7811681668399488,0.35247209614172514,180,2.2429677061717364,0.8918234293415943,180,3.2588647768523296,5.566583166654615,180,26.077439011605676,5.697826166213523,180,1.8814875715794002,0.12975638290965605,180,19.15491980235282,13.935597365149402,180,16.684129941927743,2.909816325539069,180,12.751527534870947,1.0902737844791608,180,17.232988639118144,2.384474933914528,180,18.680396615062968,3.5027853198815904,180,19.57900828267979,3.4054028194201624,180,0.0,0.0,180,0.0,0.0,180
2020,180,0.0,0.0,180,0.0,0.0,180,0.0,0.0,180,0.0,0.0,180,0.0,0.0,180,0.0,0.0,180,0.0,0.0,180,0.0,0.0,180,0.03429355281207133,0.46009629166662347,180,0.0,0.0,180,0.0,0.0,180,0.0,0.0,180,0.0,0.0,180,0.0,0.0,180,0.0,0.0,180,0.0,0.0,180,0.0,0.0,180,0.0,0.0,180,0.0,0.0,180,0.0,0.0,180,0.0,0.0,180,0.0,0.0,180,0.0,0.0,180,0.0,0.0,180,0.0,0.0,180,0.0,0.0,180,0.0,0.0,180,0.0,0.0,180,0.0,0.0,180,0.0,0.0,180,0.0,0.0,180,0.0,0.0,180,0.0,0.0,180,0.0,0.0,180,0.0,0.0,180,0.0,0.0,180,0.0,0.0,180,0.0,0.0,180,0.0,0.0,180,0.0,0.0,180,0.0,0.0,180,0.0,0.0,180,0.0,0.0,180,0.0,0.0,180,0.0,0.0,180,0.0,0.0,180,0.0,0.0,180,0.0,0.0,180,0.0,0.0,180,0.0,0.0,180,0.0,0.0,180,0.0,0.0,180,0.0,0.0,180,0.0,0.0,180,0.0,0.0,180,0.0,0.0,180,0.0,0.0,180,0.0,0.0,180,0.0,0.0,180,0.0,0.0,180,0.0,0.0,180,0.0,0.0,180,0.0,0.0,180,0.03429355281207133,0.46009629166662347,180,0.4317440949026811,2.1474082154770597,180,0.8545357544560875,2.7763903497854057,180,3.8289807487083327,4.485503488343702,180,11.61111111111111,1.9786256978998875,180,2.3337689948772242,0.7734232368109083,180,2.7727245216291263,0.11600458082386915,180,3.358074921147613,0.3909826213531563,180,0.6239829059646785,0.284431371268049,180,5.572222222222222,3.0287828843278395,180,0.7665971648565605,0.3248644966943253,180,2.3337689948772242,0.7734232368109083,180,2.9807874170171034,5.106360393987967,180,25.088801846301845,4.903905242665724,180,1.9109227185228868,0.12077212230987187,180,18.022007677676154,11.734053234630153,180,16.54968844032131,2.3062925936054834,180,12.92009267751127,0.8408263513598456,180,17.320258591317707,1.9456613056054004,180,18.37416431959119,2.856528387120283,180,19.753316053531343,2.773889811770765,180,0.0,0.0,180,0.0,0.0,180
2021,179,0.0,0.0,179,0.0,0.0,179,0.0,0.0,179,0.0,0.0,179,0.0,0.0,179,0.0,0.0,179,0.0,0.0,179,0.0,0.0,179,0.0,0.0,179,0.0,0.0,179,0.0,0.0,179,0.0,0.0,179,0.0,0.0,179,0.0,0.0,179,0.0,0.0,179,0.0,0.0,179,0.0,0.0,179,0.0,0.0,179,0.0,0.0,179,0.0,0.0,179,0.0,0.0,179,0.0,0.0,179,0.0,0.0,179,0.0,0.0,179,0.0,0.0,179,0.0,0.0,179,0.0,0.0,179,0.0,0.0,179,0.0,0.0,179,0.0,0.0,179,0.0,0.0,179,0.0,0.0,179,0.0,0.0,179,0.0,0.0,179,0.0,0.0,179,0.0,0.0,179,0.0,0.0,179,0.0,0.0,179,0.0,0.0,179,0.0,0.0,179,0.0,0.0,179,0.0,0.0,179,0.0,0.0,179,0.0,0.0,179,0.0,0.0,179,0.0,0.0,179,0.0,0.0,179,0.0,0.0,179,0.0,0.0,179,0.0,0.0,179,0.0,0.0,179,0.0,0.0,179,0.0,0.0,179,0.0,0.0,179,0.0,0.0,179,0.0,0.0,179,0.0,0.0,179,0.0,0.0,179,0.0,0.0,179,0.0,0.0,179,0.0,0.0,179,0.0,0.0,179,0.0,0.0,179,0.0,0.0,179,0.5132632047608134,2.2145951778073374,179,0.7242068154612604,2.630387883433051,179,3.6679510945764155,4.791775311782801,179,11.726256983240223,2.360235410296093,179,2.296284213004297,0.8913946932048439,179,2.7748978567271556,0.12098044417135331,179,3.4071486058085774,0.38129103962313515,179,0.6522000472826183,0.28070978258654133,179,6.564245810055866,3.627308387976566,179,0.8421671042983769,0.37916544349831943,179,2.296284213004297,0.8913946932048439,179,3.3403361008471344,5.300068385648507,179,25.761257504134598,5.041088087187522,179,1.9141570663998362,0.12636036400114006,179,17.054753623073342,12.246944474979198,179,16.820458651765257,2.4781414120445304,179,13.173480342650018,0.9092369148236986,179,17.4571327591397,2.0718215501037074,179,18.91459835920113,3.0062613578578055,179,19.888119578660095,2.9360355789110817,179,0.0,0.0,179,0.0,0.0,179
2022,178,0.0,0.0,178,0.0,0.0,178,0.0,0.0,178,0.025306205081485983,0.3376268869350727,178,0.0,0.0,178,0.0,0.0,178,0.0,0.0,178,0.0,0.0,178,0.0,0.0,178,0.0,0.0,178,0.0,0.0,178,0.0,0.0,178,0.0,0.0,178,0.0,0.0,178,0.0,0.0,178,0.0,0.0,178,0.0,0.0,178,0.0,0.0,178,0.0,0.0,178,0.0,0.0,178,0.0,0.0,178,0.0,0.0,178,0.0,0.0,178,0.0,0.0,178,0.0,0.0,178,0.0,0.0,178,0.0,0.0,178,0.0,0.0,178,0.0,0.0,178,0.0,0.0,178,0.0,0.0,178,0.0,0.0,178,0.0,0.0,178,0.0,0.0,178,0.0,0.0,178,0.0,0.0,178,0.025306205081485983,0.3376268869350727,178,0.0,0.0,178,0.0,0.0,178,0.0,0.0,178,0.0,0.0,178,0.0,0.0,178,0.0,0.0,178,0.0,0.0,178,0.0,0.0,178,0.0,0.0,178,0.0,0.0,178,0.0,0.0,178,0.0,0.0,178,0.0,0.0,178,0.0,0.0,178,0.0,0.0,178,0.0,0.0,178,0.0,0.0,178,0.0,0.0,178,0.0,0.0,178,0.0,0.0,178,0.0,0.0,178,0.0,0.0,178,0.0,0.0,178,0.0,0.0,178,0.0,0.0,178,0.0,0.0,178,0.0,0.0,178,0.7736739564713527,2.7999967853723695,178,0.7210637749276237,2.8577193741622247,178,4.867543791350174,6.334868246549984,178,11.55056179775281,2.4518469273012364,178,2.2486499081229856,0.8663293503377723,178,2.7781810624189047,0.11476660457977429,178,3.4229263020172254,0.38491150874284713,178,0.6577872128554471,0.2715488684706183,178,6.382022471910112,3.4148417106941698,178,0.8252269111252251,0.3386546217805065,178,2.2486499081229856,0.8663293503377723,178,4.0938010460179814,5.925444058160671,178,25.884544201117233,7.2607112150722255,178,1.9010670895106565,0.11558895275948969,178,18.768578663184527,12.27896690869262,178,16.486331545949884,2.580834793805842,178,13.162633600933509,0.8328033598336843,178,17.21034320792558,2.0260573184418034,178,18.709184794615094,3.1418610376218448,178,19.527730825542456,2.8615954656225244,178,0.0,0.0,178,0.0,0.0,178
2023,180,0.0,0.0,180,0.0,0.0,180,0.0,0.0,180,0.0,0.0,180,0.0,0.0,180,0.0,0.0,180,0.0,0.0,180,0.0,0.0,180,0.0,0.0,180,0.0,0.0,180,0.0,0.0,180,0.0,0.0,180,0.0,0.0,180,0.0,0.0,180,0.0,0.0,180,0.0,0.0,180,0.0,0.0,180,0.0,0.0,180,0.0,0.0,180,0.0,0.0,180,0.0,0.0,180,0.0,0.0,180,0.0,0.0,180,0.0,0.0,180,0.0,0.0,180,0.0,0.0,180,0.0,0.0,180,0.0,0.0,180,0.0,0.0,180,0.0,0.0,180,0.0,0.0,180,0.0,0.0,180,0.0,0.0,180,0.0,0.0,180,0.0,0.0,180,0.0,0.0,180,0.0,0.0,180,0.0,0.0,180,0.0,0.0,180,0.0,0.0,180,0.0,0.0,180,0.0,0.0,180,0.0,0.0,180,0.0,0.0,180,0.0,0.0,180,0.0,0.0,180,0.0,0.0,180,0.0,0.0,180,0.0,0.0,180,0.0,0.0,180,0.0,0.0,180,0.0,0.0,180,0.0,0.0,180,0.0,0.0,180,0.0,0.0,180,0.0,0.0,180,0.0,0.0,180,0.0,0.0,180,0.0,0.0,180,0.0,0.0,180,0.0,0.0,180,0.0,0.0,180,0.0,0.0,180,0.0,0.0,180,0.5368115460179465,2.479359079194954,180,0.6932887001329595,2.698807118718808,180,5.2972681566679825,5.640723383202352,180,11.494444444444444,2.1494372973456004,180,2.2050293240294443,0.7534316125947262,180,2.78600584533688,0.11462794598705733,180,3.415617608898652,0.3359741657788598,180,0.6598795304938139,0.26277866943098205,180,6.438888888888889,3.1198837696601296,180,0.8317464908797072,0.36519186608228194,180,2.2050293240294443,0.7534316125947262,180,3.8422671643010045,5.062262232371467,180,25.459989177489174,4.7731860136915385,180,1.9262872032479066,0.13541505909941007,180,16.37826905071169,12.320616071797366,180,16.82982353576033,2.4008538202541585,180,13.222837861788399,0.9238018070278562,180,17.620616130281515,1.9116302959169655,180,19.190671846982973,2.9424647723642208,180,20.188639911573603,2.747838109991418,180,0.0,0.0,180,0.0,0.0,180
2024,179,0.0,0.0,179,0.0,0.0,179,0.0,0.0,179,0.0,0.0,179,0.0,0.0,179,0.0,0.0,179,0.0,0.0,179,0.0,0.0,179,0.0,0.0,179,0.0,0.0,179,0.0,0.0,179,0.0,0.0,179,0.0,0.0,179,0.0,0.0,179,0.0,0.0,179,0.0,0.0,179,0.0,0.0,179,0.0,0.0,179,0.0,0.0,179,0.0,0.0,179,0.0,0.0,179,0.0,0.0,179,0.0,0.0,179,0.0,0.0,179,0.0,0.0,179,0.0,0.0,179,0.0,0.0,179,0.0,0.0,179,0.0,0.0,179,0.0,0.0,179,0.0,0.0,179,0.0,0.0,179,0.0,0.0,179,0.0,0.0,179,0.0,0.0,179,0.0,0.0,179,0.0,0.0,179,0.0,0.0,179,0.0,0.0,179,0.0,0.0,179,0.0,0.0,179,0.0,0.0,179,0.0,0.0,179,0.0,0.0,179,0.0,0.0,179,0.0,0.0,179,0.0,0.0,179,0.0,0.0,179,0.0,0.0,179,0.0,0.0,179,0.0,0.0,179,0.0,0.0,179,0.0,0.0,179,0.0,0.0,179,0.0,0.0,179,0.0,0.0,179,0.0,0.0,179,0.0,0.0,179,0.0,0.0,179,0.0,0.0,179,0.0,0.0,179,0.0,0.0,179,0.0,0.0,179,0.0,0.0,179,0.7130143016193292,2.501359074160259,179,0.9190054868942498,3.605103727036037,179,5.342036901986288,4.853160318996302,179,11.491620111731844,2.152523251734152,179,2.1883836398298215,0.8116824554077177,179,2.776231477108057,0.10909746847534577,179,3.474072573702139,0.370991642772603,179,0.6995659003312724,0.2930357220411604,179,6.262569832402234,3.1271367686904967,179,0.8155938751967711,0.3114136759706196,179,2.1883836398298215,0.8116824554077177,179,4.126316985467396,5.065958708562569,179,25.275415568292665,4.427733405591418,179,1.9433846044875673,0.1336257329658119,179,15.42781479966332,13.155431536552872,179,16.821683947315,2.4934265195485272,179,13.568908070363396,0.9314011661274364,179,17.463347642928213,2.03558538322356,179,19.35756210655991,2.975969768867439,179,19.98735824988153,2.9029921011016677,179,0.0,0.0,179,0.0,0.0,179
2025,180,0.0,0.0,180,0.0,0.0,180,0.0,0.0,180,0.030525030525030524,0.409536259615346,180,0.0,0.0,180,0.0,0.0,180,0.0,0.0,180,0.0,0.0,180,0.13581447026649968,0.9712315627002476,180,0.0,0.0,180,0.0,0.0,180,0.0,0.0,180,0.0,0.0,180,0.0,0.0,180,0.0,0.0,180,0.0,0.0,180,0.0,0.0,180,0.0,0.0,180,0.0,0.0,180,0.0,0.0,180,0.0,0.0,180,0.0,0.0,180,0.0,0.0,180,0.0,0.0,180,0.0,0.0,180,0.0,0.0,180,0.0,0.0,180,0.0,0.0,180,0.0,0.0,180,0.0,0.0,180,0.0,0.0,180,0.0,0.0,180,0.0,0.0,180,0.0,0.0,180,0.0,0.0,180,0.0,0.0,180,0.030525030525030524,0.409536259615346,180,0.0,0.0,180,0.0,0.0,180,0.0,0.0,180,0.0,0.0,180,0.0,0.0,180,0.0,0.0,180,0.0,0.0,180,0.0,0.0,180,0.0,0.0,180,0.0,0.0,180,0.0,0.0,180,0.0,0.0,180,0.0,0.0,180,0.0,0.0,180,0.0,0.0,180,0.0,0.0,180,0.0,0.0,180,0.0,0.0,180,0.0,0.0,180,0.0,0.0,180,0.0,0.0,180,0.0,0.0,180,0.0,0.0,180,0.0,0.0,180,0.0,0.0,180,0.0,0.0,180,0.13581447026649968,0.9712315627002476,180,0.9363498421108275,3.1954126238685414,180,0.7046091152683468,2.3971466188066537,180,7.1554534540388595,7.4086018310097295,180,11.022222222222222,2.1790150908114114,180,2.0674202483039545,0.7723598428616538,180,2.782207514656381,0.1079207673898303,180,3.457019163880598,0.3349319897734847,180,0.6523130513757298,0.268678461355789,180,6.677777777777778,2.9343954400158974,180,0.8096854671944196,0.2793099008175955,180,2.0674202483039545,0.7723598428616538,180,4.25513438751404,5.88134341917444,180,24.78093554593555,4.401404497112,180,1.99483126479552,0.14519410588777773,180,10.6825266988828,14.243537990083317,180,17.348862642828212,2.73722562438344,180,13.961384985462885,1.0298996050275186,180,17.847713918520327,2.2514237631200795,180,20.08101378520285,3.3237110721857976,180,20.765807078429592,3.2005421258679716,180,0.0,0.0,180,0.0,0.0,180
2026,60,0.0,0.0,60,0.0,0.0,60,0.0,0.0,60,0.0,0.0,60,0.0,0.0,60,0.0,0.0,60,0.0,0.0,60,0.0,0.0,60,0.0,0.0,60,0.0,0.0,60,0.0,0.0,60,0.0,0.0,60,0.0,0.0,60,0.0,0.0,60,0.0,0.0,60,0.0,0.0,60,0.0,0.0,60,0.0,0.0,60,0.0,0.0,60,0.0,0.0,60,0.0,0.0,60,0.0,0.0,60,0.0,0.0,60,0.0,0.0,60,0.0,0.0,60,0.0,0.0,60,0.0,0.0,60,0.0,0.0,60,0.0,0.0,60,0.0,0.0,60,0.0,0.0,60,0.0,0.0,60,0.0,0.0,60,0.0,0.0,60,0.0,0.0,60,0.0,0.0,60,0.0,0.0,60,0.0,0.0,60,0.0,0.0,60,0.0,0.0,60,0.0,0.0,60,0.0,0.0,60,0.0,0.0,60,0.0,0.0,60,0.0,0.0,60,0.0,0.0,60,0.0,0.0,60,0.0,0.0,60,0.0,0.0,60,0.0,0.0,60,0.0,0.0,60,0.0,0.0,60,0.0,0.0,60,0.0,0.0,60,0.0,0.0,60,0.0,0.0,60,0.0,0.0,60,0.0,0.0,60,0.0,0.0,60,0.0,0.0,60,0.0,0.0,60,0.0,0.0,60,0.0,0.0,60,0.0,0.0,60,1.5517272733859038,4.118971516707066,60,1.1087809843325744,2.8788348977009908,60,9.364384513863142,6.832684771657331,60,10.65,2.040480169478228,60,1.981914084024896,0.7165434784526749,60,2.7945359552354523,0.09683981029526642,60,3.5784540697443634,0.3231596920619984,60,0.7345895756946057,0.2992146345051177,60,7.833333333333333,3.4255602865569537,60,0.9315247447442087,0.28474427402269586,60,1.981914084024896,0.7165434784526749,60,5.183961343365747,4.679227112723261,60,25.30193241943242,4.849031501944575,60,2.0431546362140756,0.12599409626847669,60,5.617599545318255,11.972241697062076,60,17.962814727129526,2.447782910520342,60,14.341548225501201,0.8257742143680504,60,18.05504492306682,2.117734384577495,60,21.067001536406842,2.9535473870595634,60,21.199131897599745,2.9185700661173524,60,0.0,0.0,60,0.0,0.0,60
