feature,family,intervention_date,n_months,n_pre_months,n_post_months,pre_mean,post_mean,pre_slope_per_month,pre_slope_per_year,level_shift,level_shift_se,level_shift_ci_low,level_shift_ci_high,level_shift_p,slope_change_per_month,slope_change_per_year,slope_change_se,slope_change_per_year_se,slope_change_per_year_ci_low,slope_change_per_year_ci_high,slope_change_p,post_slope_per_month,post_slope_per_year,r_squared,model,hac_lags,slope_change_q,level_shift_q
adjective_comprehensive_per_1k_words,adjectives,2022-11-30,83,42,41,0.16022897509307185,0.2646299196677671,-0.004235053151839426,-0.05082063782207312,0.120061488280118,0.08925021960332848,-0.05486894214240581,0.29499191870264185,0.17855308573317458,0.007623531528377463,0.09148237834052955,0.003658774274873916,0.04390529129848699,0.005428007395495059,0.17753674928556404,0.03719384379574472,0.0033884783765380363,0.04066174051845643,0.07348165397235629,monthly_segmented_wls_hac,6,0.2231630627744683,0.2628196870951926
marker_adjectives_total_per_1k_words,adjectives,2022-11-30,83,42,41,1.1335549345924676,1.8373434912873006,-0.002986378817272108,-0.035836545807265294,0.4250353603566055,0.27718909570034117,-0.11825526721606316,0.9683259879292742,0.12518301337044418,0.01917561510738535,0.2301073812886242,0.012246389259192764,0.1469566711103132,-0.05792769408758959,0.518142456664838,0.11739126218992435,0.01618923629011324,0.1942708354813589,0.22182432724012158,monthly_segmented_wls_hac,6,0.35217378656977305,0.2628196870951926
adjective_pivotal_per_1k_words,adjectives,2022-11-30,83,42,41,0.006901311249137336,0.031058492733774586,0.00016441013752917499,0.0019729216503501,0.04226677432633688,0.03438705680463279,-0.025131857010743386,0.10966540566341715,0.2190164059126605,-0.0011872673118647969,-0.014247207742377564,0.000936155535251948,0.011233866423023377,-0.03626558593150338,0.007771170446748255,0.20471324198916704,-0.001022857174335622,-0.012274286092027464,0.04284168987391801,monthly_segmented_wls_hac,6,0.3971445293375933,0.2628196870951926
adjective_potential_per_1k_words,adjectives,2022-11-30,83,42,41,0.8623286368131053,1.3741220017961977,0.0018285726690651016,0.02194287202878122,0.23755783695666496,0.18409536997581313,-0.12326908819592877,0.5983847621092587,0.19690960375180297,0.009445226774298897,0.11334272129158676,0.008469505952760878,0.10163407143313052,-0.08586005871734909,0.3125455013005226,0.26476301955839554,0.011273799443364,0.135285593320368,0.17505748888803763,monthly_segmented_wls_hac,6,0.3971445293375933,0.2628196870951926
adjective_crucial_per_1k_words,adjectives,2022-11-30,83,42,41,0.10409601143715312,0.15109164772923803,-0.0007443084720270181,-0.008931701664324217,0.0016359616295530538,0.07813715075250713,-0.1515128538453609,0.15478477710446703,0.9832958694537863,0.003630879821507659,0.043570557858091906,0.0038907447678062095,0.046688937213674515,-0.047939759080710145,0.13508087479689396,0.3507118316207761,0.0028865713494806407,0.03463885619376769,0.02609079465190023,monthly_segmented_wls_hac,6,0.4208541979449313,0.9832958694537863
adjective_intricate_per_1k_words,adjectives,2022-11-30,83,42,41,0.0,0.016441429360323587,5.4368051551725105e-17,6.524166186207012e-16,0.023513299163932324,0.018536529964943836,-0.012818299567357593,0.05984489789522224,0.20462501679504236,-0.0003367557049338725,-0.00404106845920647,0.0005881323463412483,0.00705758815609498,-0.01787394124515263,0.00979180432673969,0.5669257812579602,-0.00033675570493381813,-0.0040410684592058176,0.027913978819576024,monthly_segmented_wls_hac,6,0.5669257812579602,0.2628196870951926
causal_marker_hence_per_1k_words,causal_markers,2022-11-30,83,42,41,0.04022728475984113,0.045938159178846055,0.0008747408651431322,0.010496890381717586,0.06980491674223727,0.03851387943067953,-0.005682286941894613,0.14529212042636913,0.06991494541344856,-0.004780751820317701,-0.05736902184381241,0.0012224538943742605,0.014669446732491126,-0.08612113743949501,-0.028616906248129802,9.199742573274083e-05,-0.0039060109551745685,-0.04687213146209482,0.07968012461278462,monthly_segmented_wls_hac,6,0.0004599871286637042,0.1747873635336214
causal_marker_thus_per_1k_words,causal_markers,2022-11-30,83,42,41,0.19034075758984723,0.19661118000657768,-9.685698490984123e-05,-0.0011622838189180949,0.12500662529859488,0.09823537932542234,-0.0675347181792329,0.31754796877642266,0.20318791515792742,-0.0054626970480045455,-0.06555236457605454,0.0035175630460179126,0.04221075655221495,-0.14828544741839583,0.017180718266286754,0.12042845686987963,-0.005559554032914387,-0.06671464839497264,0.03800874816603361,monthly_segmented_wls_hac,6,0.3010711421746991,0.3386465252632123
causal_marker_consequently_per_1k_words,causal_markers,2022-11-30,83,42,41,0.02970464580148196,0.043589824566118124,0.00013144733658584484,0.001577368039030138,-0.02395885386411361,0.022944712572269717,-0.06893049050576225,0.021012782777535037,0.2963931694473875,0.001542331817163782,0.018507981805965384,0.0012836713528452158,0.01540405623414259,-0.011683968412954092,0.048699932024884866,0.22955709909269068,0.001673779153749627,0.020085349844995524,0.027215785071214138,monthly_segmented_wls_hac,6,0.3825951651544845,0.3704914618092343
causal_marker_accordingly_per_1k_words,causal_markers,2022-11-30,83,42,41,0.01285421509627988,0.019255939440687764,-9.356671382128789e-05,-0.0011228005658554547,0.024685476534318983,0.03382574129377301,-0.04161297640147612,0.09098392947011408,0.4655223751588556,-0.0006857492174441467,-0.00822899060932976,0.0009557505323237564,0.011469006387885077,-0.030708243129584513,0.014250261910924988,0.47306679130137114,-0.0007793159312654346,-0.009351791175185215,0.012894738574904308,monthly_segmented_wls_hac,6,0.5913334891267139,0.46552237515885564
causal_marker_thereby_per_1k_words,causal_markers,2022-11-30,83,42,41,0.024795343557087658,0.06686730205449837,-0.0012944465609868547,-0.015533358731842258,0.0838153272681881,0.04449730373703865,-0.0033993880564076456,0.17103004259278387,0.0596184753428745,0.000570293500484705,0.0068435220058164605,0.0017041383250213933,0.02044965990025672,-0.0332378113986867,0.04692485541031963,0.7378875246840348,-0.0007241530605021497,-0.008689836726025796,0.03833213834899529,monthly_segmented_wls_hac,6,0.7378875246840348,0.1747873635336214
contrast_marker_however_per_1k_words,contrast_markers,2022-11-30,83,42,41,0.9783954444274882,1.1062680357239465,-0.001396308274197695,-0.01675569929037234,-0.004130375909605272,0.14736257014953072,-0.29296101340268543,0.28470026158347495,0.9776392898567905,0.009045226694539686,0.10854272033447623,0.005893167142203083,0.07071800570643699,-0.030064570850140283,0.24715001151909277,0.1248165459043227,0.0076489184203419915,0.0917870210441039,0.036919125172762746,monthly_segmented_wls_hac,6,0.2080275765072045,0.9776392898567906
contrast_marker_nevertheless_per_1k_words,contrast_markers,2022-11-30,83,42,41,0.009696639598600383,0.004782400765184123,0.000349163081470988,0.004189956977651856,-0.00131168028190733,0.015072061044938342,-0.03085291992998648,0.02822955936617182,0.9306498383371361,-0.0008615631634549838,-0.010338757961459805,0.0005240205331206419,0.006288246397447702,-0.022663720900457304,0.0019862049775376915,0.10014726976817437,-0.0005124000819839959,-0.00614880098380795,0.02351327354606003,monthly_segmented_wls_hac,6,0.2080275765072045,0.9776392898567906
contrast_marker_nonetheless_per_1k_words,contrast_markers,2022-11-30,83,42,41,0.005751092707614447,0.03268698514169522,0.0005676064271838732,0.0068112771262064786,0.04358876529951808,0.02969207434505267,-0.01460770041678515,0.1017852310158213,0.14209690291184748,-0.0019146923615985174,-0.022976308339182207,0.001145222623517972,0.013742671482215665,-0.04991194444432491,0.003959327765960496,0.09454496289108605,-0.0013470859344146442,-0.01616503121297573,0.049120937524732566,monthly_segmented_wls_hac,6,0.2080275765072045,0.653381080561374
contrast_marker_alternatively_per_1k_words,contrast_markers,2022-11-30,83,42,41,0.0,0.005665561882099657,2.8018142170585706e-17,3.3621770604702844e-16,0.013314070422933994,0.011853691936752706,-0.00991916577310131,0.036547306618969294,0.2613524322245496,-0.0003642146924207476,-0.0043705763090489715,0.0003490816903798,0.0041889802845576,-0.012580977666781866,0.003839825048683924,0.2967858095644893,-0.0003642146924207196,-0.004370576309048635,0.02677615365003816,monthly_segmented_wls_hac,6,0.2967858095644893,0.653381080561374
contrast_marker_conversely_per_1k_words,contrast_markers,2022-11-30,83,42,41,0.0026632576968147435,0.034706425019567284,0.0002265959469780394,0.0027191513637364727,-0.0008244775125908974,0.02093043177834701,-0.04184812379815104,0.040199168772969245,0.9685783934469709,0.0011173291921788033,0.013407950306145638,0.0009577214863421462,0.011492657836105754,-0.009117659052621638,0.03593355966491292,0.24335029975586397,0.0013439251391568427,0.016127101669882113,0.1135664704288416,monthly_segmented_wls_hac,6,0.2967858095644893,0.9776392898567906
emphasis_markers_total_per_1k_words,discourse_marker_totals,2022-11-30,83,42,41,0.36165836254086914,0.6234039383960761,-0.006156084488741286,-0.07387301386489543,0.08787534157890704,0.1264387842632746,-0.15994467557711117,0.33569535873492523,0.48705338580832497,0.02044513050281393,0.24534156603376717,0.005822680827360647,0.06987216992832776,0.10839211297424477,0.38229101909328955,0.0004459348876047037,0.014289046014072646,0.17146855216887175,0.18696735714083057,monthly_segmented_wls_hac,6,0.0022296744380235186,0.8117556430138749
causal_markers_total_per_1k_words,discourse_marker_totals,2022-11-30,83,42,41,0.2979222468045378,0.37226240524672793,-0.00047868205798900625,-0.005744184695868075,0.27935349197922565,0.11384661184627898,0.05621413276051887,0.5024928511979324,0.014136705316810497,-0.008816572768117906,-0.10579887321741488,0.003902015331403476,0.04682418397684171,-0.19757427381202464,-0.014023472622805119,0.023852791923543663,-0.009295254826106913,-0.11154305791328295,0.060777172842323646,monthly_segmented_wls_hac,6,0.039754653205906106,0.07068352658405248
summary_markers_total_per_1k_words,discourse_marker_totals,2022-11-30,83,42,41,0.5448167233756696,0.6063700449734224,0.010490051862657578,0.12588062235189093,-0.028173659525677984,0.2294499420607961,-0.47789554596483835,0.4215482269134824,0.9022751148750211,-0.016457627198896835,-0.19749152638676204,0.006879532525722064,0.08255439030866477,-0.35929813139174493,-0.035684921381779096,0.01674499730597421,-0.005967575336239258,-0.0716109040348711,0.0500916172569944,monthly_segmented_wls_hac,6,0.039754653205906106,0.9022751148750212
contrast_markers_total_per_1k_words,discourse_marker_totals,2022-11-30,83,42,41,0.9965064344305175,1.1841094085324926,-0.0002529428185647658,-0.0030353138227771897,0.05063630201834857,0.1530427695100153,-0.2493275262212814,0.35060013025797854,0.7407474174301006,0.007022085669244235,0.08426502803093082,0.006302903362554349,0.07563484035065218,-0.06397925905634748,0.2325093151182091,0.2652348572158808,0.006769142850679468,0.08122971420815361,0.05070986231960295,monthly_segmented_wls_hac,6,0.3297396672731201,0.9022751148750212
sequential_markers_total_per_1k_words,discourse_marker_totals,2022-11-30,83,42,41,0.9027684813824732,1.1654238966057189,2.4375780657790357e-05,0.00029250936789348427,0.4447484070170831,0.22942021168450868,-0.004915207884553907,0.8944120219187202,0.05255304633015026,-0.00871926603290875,-0.10463119239490501,0.008946154991528801,0.10735385989834562,-0.31504475779566243,0.10578237300585241,0.3297396672731201,-0.00869489025225096,-0.10433868302701152,0.07681601011295003,monthly_segmented_wls_hac,6,0.3297396672731201,0.13138261582537564
emphasis_marker_particularly_per_1k_words,emphasis_markers,2022-11-30,83,42,41,0.26218057304511017,0.39022914431832373,-0.005861958737126597,-0.07034350484551917,-0.022783129149709494,0.0927572618193893,-0.2045873623157125,0.15902110401629355,0.8059756503243299,0.018766808953033367,0.2252017074364004,0.00381172340274156,0.04574068083289872,0.1355499730039189,0.3148534418688819,8.503396367294001e-07,0.01290485021590677,0.15485820259088123,0.1586311973226,monthly_segmented_wls_hac,6,4.251698183647e-06,0.8059756503243299
emphasis_marker_crucially_per_1k_words,emphasis_markers,2022-11-30,83,42,41,0.003743635819107517,0.0,0.0002930355887900405,0.0035164270654804864,-0.009750865389303398,0.008018754131346955,-0.025467623486743432,0.005965892708136635,0.223982054304942,-0.000293035588790034,-0.0035164270654804083,0.00025049766627828447,0.003005971995339414,-0.00940813217634566,0.0023752780453848432,0.2420759701330923,6.5052130349130266e-18,7.806255641895632e-17,0.03359875831964687,monthly_segmented_wls_hac,6,0.4438693629125332,0.37330342384157
emphasis_marker_notably_per_1k_words,emphasis_markers,2022-11-30,83,42,41,0.04548592430241001,0.13776287100418141,-0.0007528985846380225,-0.009034783015656269,0.0606002733233162,0.06119104478673666,-0.05933417445868765,0.18053472110532004,0.3220052943049767,0.002996284030520769,0.035955408366249234,0.0026955341405246577,0.032346409686295895,-0.027443554618890715,0.09935437135138916,0.26632161774751995,0.0022433854458827466,0.02692062535059296,0.09704066164407543,monthly_segmented_wls_hac,6,0.4438693629125332,0.4025066178812209
emphasis_marker_importantly_per_1k_words,emphasis_markers,2022-11-30,83,42,41,0.03013373299392227,0.08362919655065354,-0.0007878499996243657,-0.009454199995492388,0.11773532378452825,0.05188273209434632,0.016045168879609453,0.21942547868944706,0.02325261886268496,-0.0015020992973040362,-0.018025191567648435,0.0019233402631351096,0.023080083157621313,-0.06326215455658621,0.02721177142128934,0.4348114999215393,-0.002289949296928402,-0.027479391563140824,0.06630556445815827,monthly_segmented_wls_hac,6,0.5435143749019241,0.0581315471567124
emphasis_marker_remarkably_per_1k_words,emphasis_markers,2022-11-30,83,42,41,0.020114496380319164,0.011782726522917404,0.000953587243857658,0.011443046926291896,-0.057926260989924525,0.02480255644585092,-0.10653927162379231,-0.009313250356056728,0.019517546456573387,0.0004771724053538642,0.00572606886424637,0.0012029919132079084,0.014435902958494902,-0.02256830093440363,0.03402043866289638,0.6916221041771486,0.0014307596492115222,0.017169115790538265,0.038366961498762286,monthly_segmented_wls_hac,6,0.6916221041771486,0.0581315471567124
word_particularly_per_1k_words,marker_words,2022-11-30,83,42,41,0.26218057304511017,0.39022914431832373,-0.005861958737126597,-0.07034350484551917,-0.022783129149709494,0.0927572618193893,-0.2045873623157125,0.15902110401629355,0.8059756503243299,0.018766808953033367,0.2252017074364004,0.00381172340274156,0.04574068083289872,0.1355499730039189,0.3148534418688819,8.503396367294001e-07,0.01290485021590677,0.15485820259088123,0.1586311973226,monthly_segmented_wls_hac,6,1.0204075640752802e-05,1.0
marker_words_total_per_1k_words,marker_words,2022-11-30,83,42,41,4.3247148814395695,6.358145669416045,0.016091440872393573,0.19309729046872287,-0.10036785533679948,0.4951353915934823,-1.0708332228600248,0.8700975121864258,0.8393633482366648,0.06980970700520067,0.8377164840624081,0.016786371470662628,0.20143645764795154,0.44290102707242307,1.2325319410523932,3.200452332210131e-05,0.08590114787759424,1.030813774531131,0.49741467118118987,monthly_segmented_wls_hac,6,0.00019202713993260787,1.0
word_finding_per_1k_words,marker_words,2022-11-30,83,42,41,0.9007873520394731,1.5514240359191696,-0.010159133860633399,-0.12190960632760078,0.325050991458912,0.2441771931600294,-0.15353630713474564,0.8036382900525696,0.18312009683197286,0.03558046417319696,0.42696557007836355,0.010098564169127557,0.12118277002953068,0.18944734082048342,0.6644837993362438,0.0004261778914114907,0.025421330312563564,0.30505596375076277,0.2909386266109991,monthly_segmented_wls_hac,6,0.0017047115656459628,0.6903967215333647
word_across_per_1k_words,marker_words,2022-11-30,83,42,41,0.9746466508796205,1.7164642913541694,0.00893959801473915,0.10727517617686981,-0.0024070559562479055,0.24562465368210207,-0.48383137717316793,0.4790172652606721,0.9921810697087606,0.01777292280091325,0.213275073610959,0.009584695859094466,0.1150163503091336,-0.012156972994942866,0.43870712021686087,0.06369593483351729,0.0267125208156524,0.3205502497878288,0.2851795001074666,monthly_segmented_wls_hac,6,0.19108780450055188,1.0
word_while_per_1k_words,marker_words,2022-11-30,83,42,41,0.7761409416850543,1.0416619248831263,0.003776271354035708,0.0453152562484285,-0.08015724862798781,0.14820622496211408,-0.37064144955373146,0.2103269522977558,0.5886113863689859,0.00899823669683936,0.10797884036207232,0.006034726902968454,0.07241672283562145,-0.03395793639574572,0.24991561711989035,0.13594153193073003,0.012774508050875068,0.1532940966105008,0.08967736830753836,monthly_segmented_wls_hac,6,0.3262596766337521,0.9352077877342817
word_insight_per_1k_words,marker_words,2022-11-30,83,42,41,0.24677128035877063,0.3878602058880278,0.004919731107076921,0.05903677328492306,0.07342923041429379,0.14956992553192303,-0.21972782362827536,0.3665862844568629,0.6234718584895211,-0.0065004355156532655,-0.07800522618783919,0.005731531002268792,0.0687783720272255,-0.21281083536120116,0.056800382985522785,0.2567301968906508,-0.0015807044085763442,-0.01896845290291613,0.06740151024185292,monthly_segmented_wls_hac,6,0.4536852862256957,0.9352077877342817
word_notably_per_1k_words,marker_words,2022-11-30,83,42,41,0.04548592430241001,0.13776287100418141,-0.0007528985846380225,-0.009034783015656269,0.0606002733233162,0.06119104478673666,-0.05933417445868765,0.18053472110532004,0.3220052943049767,0.002996284030520769,0.035955408366249234,0.0026955341405246577,0.032346409686295895,-0.027443554618890715,0.09935437135138916,0.26632161774751995,0.0022433854458827466,0.02692062535059296,0.09704066164407543,monthly_segmented_wls_hac,6,0.4536852862256957,0.6903967215333647
word_within_per_1k_words,marker_words,2022-11-30,83,42,41,0.8987320873650427,0.8227154598615972,0.014639898817652706,0.17567878581183247,-0.5317861747557817,0.19943639974257305,-0.9226815182512249,-0.14089083126033858,0.007665816696522605,-0.007227916841914265,-0.08673500210297118,0.007009371221854826,0.0841124546622579,-0.25159541324099666,0.07812540903505433,0.30245685748379714,0.007411981975738441,0.0889437837088613,0.06197251252201719,monthly_segmented_wls_hac,6,0.4536852862256957,0.09198980035827126
word_realm_per_1k_words,marker_words,2022-11-30,83,42,41,0.0,0.029780517585395638,9.147040531411895e-17,1.0976448637694274e-15,0.03871467286101359,0.04101374709062404,-0.041672271436609516,0.11910161715863671,0.3451983607666823,-0.0004254359655058214,-0.005105231586069857,0.0010282874068414,0.012339448882096801,-0.02929055139497959,0.019080088222839874,0.6790699900175416,-0.00042543596550572994,-0.0051052315860687595,0.013197926404351135,monthly_segmented_wls_hac,6,0.9054266533567221,0.6903967215333647
word_interplay_per_1k_words,marker_words,2022-11-30,83,42,41,0.04467272387279255,0.01289766537083064,0.0007320711691377194,0.008784854029652633,-0.05625092122387461,0.025325370711867932,-0.10588864781913576,-0.006613194628613463,0.026342209574983785,-0.00028119479987141446,-0.0033743375984569735,0.0012210573423113414,0.014652688107736097,-0.03209360628961973,0.025344931092705775,0.8178680186302045,0.00045087636926630494,0.00541051643119566,0.03712511567196275,monthly_segmented_wls_hac,6,0.9814416223562453,0.1580532574499027
word_additionally_per_1k_words,marker_words,2022-11-30,83,42,41,0.17529734789129517,0.2673495532312239,-0.0001421384078507009,-0.0017056608942084108,0.09522150631926704,0.09766257730253829,-0.096197145193708,0.28664015783224206,0.3295577536912586,0.00012997347364171897,0.0015596816837006276,0.003950171424547244,0.047402057094566935,-0.09134835022165055,0.09446771358905182,0.9737517419400786,-1.216493420898193e-05,-0.00014597921050778315,0.03551021758499473,monthly_segmented_wls_hac,6,1.0,0.6903967215333647
word_meticulously_per_1k_words,marker_words,2022-11-30,83,42,41,0.0,0.0,0.0,0.0,0.0,0.0,0.0,0.0,1.0,0.0,0.0,0.0,0.0,0.0,0.0,1.0,0.0,0.0,,monthly_segmented_wls_hac,6,1.0,1.0
certainty_ratio,other,2022-11-30,83,42,41,0.0015910344259887955,0.0017108229136815502,-1.1250802317800417e-05,-0.000135009627813605,-0.00016436911772502004,0.000257493421946117,-0.0006690562247394093,0.00034031798928936926,0.5232504411000267,3.5765042933648086e-05,0.00042918051520377703,8.681037715507635e-06,0.00010417245258609161,0.00022500250813503744,0.0006333585222725166,3.790301130870759e-05,2.451424061584767e-05,0.00029417088739017204,0.10563985567882128,monthly_segmented_wls_hac,6,7.580602261741518e-05,0.5232504411000267
hedge_ratio,other,2022-11-30,83,42,41,0.004210117042723683,0.0037627906871023557,-7.806407245664498e-06,-9.367688694797397e-05,-0.00047753105533783236,0.0003484420802751997,-0.0011604775326772238,0.0002054154220015591,0.1705387678451571,1.6865266686279548e-05,0.00020238320023535457,2.0088120930904283e-05,0.0002410574511708514,-0.0002700894040595142,0.0006748558045302233,0.4011527926621533,9.05885944061505e-06,0.0001087063132873806,0.036537704980905916,monthly_segmented_wls_hac,6,0.4011527926621533,0.3410775356903142
marker_phrases_total_per_1k_words,phrases,2022-11-30,83,42,41,0.0,0.0,0.0,0.0,0.0,0.0,0.0,0.0,1.0,0.0,0.0,0.0,0.0,0.0,0.0,1.0,0.0,0.0,,monthly_segmented_wls_hac,6,1.0,1.0
phrase_comprehensive_chapter_per_1k_words,phrases,2022-11-30,83,42,41,0.0,0.0,0.0,0.0,0.0,0.0,0.0,0.0,1.0,0.0,0.0,0.0,0.0,0.0,0.0,1.0,0.0,0.0,,monthly_segmented_wls_hac,6,1.0,1.0
phrase_deep_dive_per_1k_words,phrases,2022-11-30,83,42,41,0.0,0.0,0.0,0.0,0.0,0.0,0.0,0.0,1.0,0.0,0.0,0.0,0.0,0.0,0.0,1.0,0.0,0.0,,monthly_segmented_wls_hac,6,1.0,1.0
phrase_essential_insight_per_1k_words,phrases,2022-11-30,83,42,41,0.0,0.0,0.0,0.0,0.0,0.0,0.0,0.0,1.0,0.0,0.0,0.0,0.0,0.0,0.0,1.0,0.0,0.0,,monthly_segmented_wls_hac,6,1.0,1.0
phrase_intricate_interplay_per_1k_words,phrases,2022-11-30,83,42,41,0.0,0.0,0.0,0.0,0.0,0.0,0.0,0.0,1.0,0.0,0.0,0.0,0.0,0.0,0.0,1.0,0.0,0.0,,monthly_segmented_wls_hac,6,1.0,1.0
phrase_intricate_web_per_1k_words,phrases,2022-11-30,83,42,41,0.0,0.0,0.0,0.0,0.0,0.0,0.0,0.0,1.0,0.0,0.0,0.0,0.0,0.0,0.0,1.0,0.0,0.0,,monthly_segmented_wls_hac,6,1.0,1.0
phrase_meticulously_delve_per_1k_words,phrases,2022-11-30,83,42,41,0.0,0.0,0.0,0.0,0.0,0.0,0.0,0.0,1.0,0.0,0.0,0.0,0.0,0.0,0.0,1.0,0.0,0.0,,monthly_segmented_wls_hac,6,1.0,1.0
em_dash_per_1k_words,punctuation,2022-11-30,83,42,41,0.14307632031337034,0.456257849816997,0.0010403783883568805,0.012484540660282567,-0.21362301406661646,0.10213281104818334,-0.41380332372105577,-0.013442704412177126,0.03647253616501764,0.023029944783497396,0.2763593374019687,0.004084274418538826,0.04901129302246591,0.18029720307793556,0.37242147172600193,1.713517416201297e-08,0.024070323171854275,0.2888438780622513,0.32597101951453933,monthly_segmented_wls_hac,6,5.140552248603892e-08,0.10941760849505291
colon_per_1k_words,punctuation,2022-11-30,83,42,41,4.166571928412936,4.874982218797565,-0.04184689876259063,-0.5021627851510876,0.9484821529895212,0.6191649969098838,-0.2650812409538511,2.1620455469328936,0.12555377278856636,0.07126544933537717,0.855185392024526,0.0347398613760057,0.4168783365120684,0.038103852460871945,1.6722669315881802,0.040227735387560165,0.029418550572786535,0.35302260687343845,0.08008553478447833,monthly_segmented_wls_hac,6,0.06034160308134025,0.18833065918284952
semicolon_per_1k_words,punctuation,2022-11-30,83,42,41,3.1075583146883217,3.0084355238272256,-0.021175517383793998,-0.25410620860552796,-0.08921022584732818,0.479710065000398,-1.0294419532481083,0.8510215015534518,0.8524706659018753,0.041374828876852815,0.4964979465222338,0.024451774932605287,0.2934212991912635,-0.0786077998926426,1.0716036929371102,0.09062706039678639,0.020199311493058817,0.24239173791670582,0.023455970999134768,monthly_segmented_wls_hac,6,0.0906270603967864,0.8524706659018753
avg_syllables_per_word,readability,2022-11-30,83,42,41,2.0088367131972364,2.058481145871775,-0.00034533921712125246,-0.0041440706054550296,-0.0024753486221197885,0.0121207915354767,-0.02623210003165412,0.021281402787414545,0.8381789671279827,0.0031643504193962606,0.03797220503275513,0.00031507178361878503,0.0037808614034254206,0.0305617166820413,0.04538269338346895,9.836017247736396e-24,0.002819011202275008,0.033828134427300094,0.570418918386027,monthly_segmented_wls_hac,6,6.885212073415477e-23,0.8381789671279828
dale_chall,readability,2022-11-30,83,42,41,13.530365942065611,13.977585192610555,0.0030470255837976353,0.036564307005571624,-0.08698178330292161,0.07035649033560712,-0.22488050436071155,0.05091693775486833,0.21634678434389298,0.019416641529578296,0.23299969835493956,0.003170086856560593,0.03804104227872712,0.1584392554886344,0.3075601412212447,9.070884641085771e-10,0.022463667113375933,0.26956400536051117,0.6228041769019866,monthly_segmented_wls_hac,6,3.17480962438002e-09,0.7572137452036254
flesch_reading_ease,readability,2022-11-30,83,42,41,21.163945092044063,15.812558605016974,-0.018578053584296685,-0.22293664301156021,0.36158914565646927,1.3878725737564055,-2.3586410989060855,3.0818193902190236,0.7944512518973381,-0.23533268613970804,-2.8239922336764964,0.052997744104042475,0.6359729292485097,-4.070499175003576,-1.5774852923494174,8.977998776535463e-06,-0.25391073972400474,-3.0469288766880567,0.5481000935316149,monthly_segmented_wls_hac,6,2.094866381191608e-05,0.8381789671279828
gunning_fog,readability,2022-11-30,83,42,41,18.70943192873355,19.478137103058298,0.006825372049577312,0.08190446459492776,-0.06108658558672486,0.2852195184963445,-0.6201168418395602,0.49794367066611045,0.8304114241450669,0.026025658088344117,0.3123078970601294,0.013594562023046335,0.16313474427655603,-0.007436201721920388,0.6320519958421792,0.055566919106188044,0.03285103013792143,0.39421236165505713,0.2677235124155867,monthly_segmented_wls_hac,6,0.09724210843582907,0.8381789671279828
flesch_kincaid_grade,readability,2022-11-30,83,42,41,15.515222030836929,16.0872635720704,0.007431734460800203,0.08918081352960244,-0.21252791803028348,0.27891593243038604,-0.7592031455938401,0.3341473095332731,0.4460728914190887,0.022673927578168995,0.27208713093802794,0.013504406558173664,0.16205287869808396,-0.045536511310216604,0.5897107731862725,0.0931516257170876,0.030105662038969198,0.3612679444676304,0.216150439485415,monthly_segmented_wls_hac,6,0.13041227600392263,0.8381789671279828
automated_readability_index,readability,2022-11-30,83,42,41,17.650107450175554,18.203724558611828,0.017719315528606183,0.21263178634327418,-0.6096191629523098,0.3293725483042716,-1.2551893576286821,0.035951031724062554,0.06419114349054292,0.0203754608072651,0.2445055296871812,0.016621014552673462,0.19945217463208154,-0.14642073259169863,0.635431791966061,0.2202417644686933,0.038094776335871286,0.45713731603045543,0.22588866611952263,monthly_segmented_wls_hac,6,0.22747430483549302,0.44933800443380045
smog_index,readability,2022-11-30,83,42,41,16.464076870651304,16.860533490549265,0.00493467327304428,0.059216079276531365,-0.08232356737691227,0.22529664560512344,-0.5239049927629542,0.3592578580091297,0.7148122678929879,0.013047202211647846,0.15656642653977415,0.010810592905837878,0.12972711487005453,-0.09769871860553274,0.410831571685081,0.22747430483549302,0.017981875484692128,0.21578250581630554,0.15743022694728936,monthly_segmented_wls_hac,6,0.22747430483549302,0.8381789671279828
sequential_marker_furthermore_per_1k_words,sequential_markers,2022-11-30,83,42,41,0.15868869815995504,0.2722495458742832,0.0034351460990348142,0.04122175318841777,0.16910492161607493,0.108766427252827,-0.044077275799465965,0.38228711903161583,0.12000492298666084,-0.009433458905318437,-0.11320150686382124,0.0032065275217303974,0.03847833026076477,-0.18861903417492018,-0.037783979552722294,0.003261475705467556,-0.005998312806283623,-0.07197975367540348,0.10697647842973557,monthly_segmented_wls_hac,6,0.016307378527337782,0.3930564147404969
sequential_marker_moreover_per_1k_words,sequential_markers,2022-11-30,83,42,41,0.13445619083751184,0.16435038001850635,0.0022665790233218548,0.02719894827986226,0.02774197100269582,0.07215952476715551,-0.11369069754092898,0.16917463954632062,0.7006424656432821,-0.004376705299502488,-0.052520463594029856,0.00320812354657102,0.03849748255885224,-0.12797552940938023,0.022934602221320533,0.17248666531654866,-0.002110126276180633,-0.025321515314167597,0.025294721047461777,monthly_segmented_wls_hac,6,0.43121666329137165,0.7006424656432821
sequential_marker_further_per_1k_words,sequential_markers,2022-11-30,83,42,41,0.3834349661046373,0.3868412019325285,-0.003926221605925549,-0.047114659271106585,0.05353468616145013,0.10763599703342372,-0.15743186802406037,0.26450124034696065,0.6189296615760457,0.005371892681541881,0.06446271217850257,0.004844857328226295,0.05813828793871555,-0.04948833218137991,0.17841375653838504,0.2675240518373865,0.0014456710756163317,0.01734805290739598,0.0102719470735112,monthly_segmented_wls_hac,6,0.4458734197289775,0.7006424656432821
sequential_marker_additionally_per_1k_words,sequential_markers,2022-11-30,83,42,41,0.17529734789129517,0.2673495532312239,-0.0001421384078507009,-0.0017056608942084108,0.09522150631926704,0.09766257730253829,-0.096197145193708,0.28664015783224206,0.3295577536912586,0.00012997347364171897,0.0015596816837006276,0.003950171424547244,0.047402057094566935,-0.09134835022165055,0.09446771358905182,0.9737517419400786,-1.216493420898193e-05,-0.00014597921050778315,0.03551021758499473,monthly_segmented_wls_hac,6,0.9737517419400786,0.5492629228187643
sequential_marker_subsequently_per_1k_words,sequential_markers,2022-11-30,83,42,41,0.050891278389074056,0.07463321554917678,-0.0016089893279226282,-0.01930787193507154,0.09914532191759524,0.07009338574313238,-0.03823771413894424,0.23652835797413474,0.15722256589619876,-0.00041096798327142927,-0.004931615799257151,0.002219254072478592,0.026631048869743105,-0.057128471583953636,0.04726523998543933,0.8530855532788166,-0.0020199573111940577,-0.024239487734328692,0.031697599495299045,monthly_segmented_wls_hac,6,0.9737517419400786,0.3930564147404969
summary_marker_ultimately_per_1k_words,summary_markers,2022-11-30,83,42,41,0.04983865305003529,0.05361648185012034,0.0019196683707608864,0.023036020449130636,0.03789356228653126,0.04799861859340557,-0.056183730156543654,0.13197085472960618,0.4298362267429178,-0.005418189089191542,-0.0650182690702985,0.001562636714663876,0.018751640575966514,-0.10177148459919287,-0.028265053541404135,0.0005256411918748566,-0.003498520718430655,-0.04198224862116786,0.08527054310666282,monthly_segmented_wls_hac,6,0.002628205959374283,0.7953174230475807
summary_marker_collectively_per_1k_words,summary_markers,2022-11-30,83,42,41,0.003862047657668096,0.007570948630653022,0.00022344234888383197,0.0026813081866059836,0.005991922747341876,0.012669443022693364,-0.018840185577137115,0.030824031071820867,0.6362539384380645,-0.0005502799644302877,-0.006603359573163452,0.0003077903470129959,0.0036934841641559513,-0.013842588534909115,0.0006358693885822118,0.07380178842563624,-0.0003268376155464557,-0.003922051386557468,0.013964555362122932,monthly_segmented_wls_hac,6,0.13372325810304705,0.7953174230475807
summary_marker_taken_together_per_1k_words,summary_markers,2022-11-30,83,42,41,0.03283437897669729,0.03681849920176271,9.695481278470592e-05,0.001163457753416471,0.041741275507636226,0.038526262738593935,-0.03377019946000789,0.11725275047528033,0.2786087770771083,-0.0019895609530064164,-0.023874731436076997,0.0011373272630504003,0.013647927156604803,-0.05062466866302242,0.00287520579086842,0.08023395486182823,-0.0018926061402217106,-0.022711273682660526,0.025127857236112106,monthly_segmented_wls_hac,6,0.13372325810304705,0.7953174230475807
summary_marker_overall_per_1k_words,summary_markers,2022-11-30,83,42,41,0.4534570188058537,0.48395788439522164,0.008102209958241511,0.09722651949889813,-0.1147199360625288,0.17524220266304505,-0.4581946532820971,0.2287547811570395,0.5127018406009648,-0.00909623388643347,-0.10915480663720165,0.00695860576691576,0.08350326920298912,-0.27282121427506034,0.05451160100065702,0.1911475071164493,-0.0009940239281919592,-0.01192828713830351,0.025667220031056592,monthly_segmented_wls_hac,6,0.2389343838955616,0.7953174230475807
summary_marker_in_summary_per_1k_words,summary_markers,2022-11-30,83,42,41,0.004824624885415159,0.024406230895664696,0.00014777637198664512,0.0017733164638397414,0.0009195159953414161,0.021363519453287128,-0.040952982133101355,0.04279201412378419,0.9656685241840492,0.0005966366941648826,0.007159640329978591,0.0007995802029085301,0.009594962434902361,-0.011646486042430036,0.02596576670238722,0.4555542022253213,0.0007444130661515277,0.008932956793818333,0.04738587540318118,monthly_segmented_wls_hac,6,0.4555542022253213,0.9656685241840492
clause_depth_std,syntax,2022-11-30,83,42,41,2.2716660811588403,2.2892866838287205,0.0022424218846432017,0.026909062615718418,0.04195945588022798,0.06760591946567819,-0.09054814627250127,0.17446705803295723,0.5348314724241301,-0.005590445782042652,-0.06708534938451183,0.0028473828674838823,0.03416859440980659,-0.13405579442773274,-0.00011490434129091467,0.04960402564315708,-0.0033480238973994506,-0.04017628676879341,0.03795972280305171,monthly_segmented_wls_hac,6,0.2480201282157854,0.7640449606059001
sentence_depth_std,syntax,2022-11-30,83,42,41,2.2716660811588403,2.2892866838287205,0.0022424218846432017,0.026909062615718418,0.04195945588022798,0.06760591946567819,-0.09054814627250127,0.17446705803295723,0.5348314724241301,-0.005590445782042652,-0.06708534938451183,0.0028473828674838823,0.03416859440980659,-0.13405579442773274,-0.00011490434129091467,0.04960402564315708,-0.0033480238973994506,-0.04017628676879341,0.03795972280305171,monthly_segmented_wls_hac,6,0.2480201282157854,0.7640449606059001
clause_depth,syntax,2022-11-30,83,42,41,11.963492063492064,12.047154471544715,0.008410987764336434,0.1009318531720372,0.05733471985864713,0.21513337977099115,-0.3643267044924955,0.47899614420978975,0.7898481669626829,-0.015368014477390002,-0.18441617372868002,0.010987197003702195,0.13184636404442635,-0.4428350472557556,0.0740026997983956,0.16189690194694614,-0.006957026713053567,-0.08348432055664282,0.027559681748375642,monthly_segmented_wls_hac,6,0.40474225486736537,0.8838332544614329
coordination_per_sentence_std,syntax,2022-11-30,83,42,41,1.0085234026575352,0.9734480450659226,0.0010737780454806833,0.012885336545768199,-0.03278434016563794,0.029133254415698046,-0.08988551882040612,0.02431683848913023,0.2604519119218448,-0.002231086014921807,-0.026773032179061684,0.001563865824749326,0.018766389896991913,-0.06355515637716583,0.01000909201904246,0.15368138787765578,-0.0011573079694411237,-0.013887695633293486,0.04831489078428752,monthly_segmented_wls_hac,6,0.40474225486736537,0.7640449606059001
avg_words_per_sentence,syntax,2022-11-30,83,42,41,24.145492915681196,23.57404182934472,0.007118991120257566,0.08542789344309079,-0.4170960650908144,0.47257697641258806,-1.343346938859487,0.5091548086778581,0.37745285664975026,-0.02141872155879923,-0.25702465870559077,0.022864041736718486,0.2743685008406218,-0.7947869203532096,0.28073760294202804,0.3488684826253171,-0.014299730438541665,-0.17159676526249998,0.049930631628831046,monthly_segmented_wls_hac,6,0.6977369652506342,0.7640449606059001
dependency_entropy,syntax,2022-11-30,83,42,41,2.7972341520228294,2.7952665125017795,0.00011704163141382615,0.0014044995769659139,-0.013382131153010235,0.01262502550282517,-0.03812718113854757,0.011362918832527099,0.28915886498947685,0.0003122506632603772,0.0037470079591245264,0.0004400654961049996,0.005280785953259995,-0.006603332509265064,0.014097348427514117,0.4779801472768594,0.00042929229467420334,0.00515150753609044,0.024132691676023055,monthly_segmented_wls_hac,6,0.7966335787947657,0.7640449606059001
coordination_count,syntax,2022-11-30,83,42,41,12.893650793650792,13.705691056910569,0.011511762958133878,0.13814115549760653,0.18653692749531547,0.7195525221179162,-1.2237860158558003,1.5968598708464312,0.7954499290152897,0.007036436809653851,0.08443724171584621,0.034178405581035,0.41014086697242,-0.719438857550097,0.8883133409817894,0.8368895241943618,0.01854819976778773,0.22257839721345277,0.05110535889328249,monthly_segmented_wls_hac,6,0.8765635562985523,0.8838332544614329
dependency_length,syntax,2022-11-30,83,42,41,3.5490660494190873,3.568888968548374,0.0006372311006615839,0.007646773207939007,-0.00091519610561136,0.026405046140346174,-0.05266908654068986,0.05083869432946714,0.9723509414887508,-0.0002717607353489859,-0.003261128824187831,0.0017496043282303187,0.020995251938763823,-0.044411822624164925,0.03788956497578926,0.8765635562985522,0.000365470365312598,0.004385644383751176,0.010870708422688447,monthly_segmented_wls_hac,6,0.8765635562985523,0.9723509414887508
dependency_length_std,syntax,2022-11-30,83,42,41,0.8032027924873991,0.8275423730042832,0.0004572090119707116,0.005486508143648539,0.018018246766898838,0.027385732527043332,-0.035657788986106095,0.07169428251990377,0.5105748582620946,-0.0006025162022260822,-0.007230194426712987,0.0017242146294697313,0.020690575553636775,-0.04778372251184106,0.03332333365841509,0.726756116401567,-0.0001453071902553706,-0.0017436862830644472,0.025199737747172546,monthly_segmented_wls_hac,6,0.8765635562985523,0.7640449606059001
list_of_three_per_1k_words,syntax,2022-11-30,83,42,41,5.460000978958792,6.446640549298729,0.0055428438690261475,0.06651412642831377,0.8735826567152014,0.4972372816970365,-0.10100241541099009,1.848167728841393,0.07893949234319338,-0.005570052711405288,-0.06684063253686345,0.024218345516684555,0.29062014620021465,-0.6364561190892842,0.5027748540155573,0.8180971202119969,-2.720884237914032e-05,-0.00032650610854968384,0.10257763335641201,monthly_segmented_wls_hac,6,0.8765635562985523,0.7640449606059001
verb_exhibit_per_1k_words,verbs,2022-11-30,83,42,41,0.06870727173082589,0.35204520822971896,-6.052293696472211e-05,-0.0007262752435766653,0.016301595831889906,0.08852266060108216,-0.15720281894623112,0.18980601061001096,0.8538944722970941,0.01283562107385925,0.154027452886311,0.0031719304170464164,0.038063165004557,0.07942364947737929,0.22863125629524272,5.1960812725446414e-05,0.012775098136894529,0.15330117764273435,0.3340059377151342,monthly_segmented_wls_hac,6,0.0004676473145290177,0.8538944722970941
verb_align_per_1k_words,verbs,2022-11-30,83,42,41,0.009341027592708669,0.07854748852637751,0.0010140146565973385,0.012168175879168061,-0.05539393799120029,0.022081220627561186,-0.09867313042122022,-0.01211474556118037,0.012119530474686814,0.003929466222670488,0.047153594672045857,0.0013710986835405409,0.01645318420248649,0.014905353635172338,0.07940183570891939,0.0041579252133347976,0.004943480879267827,0.059321770551213925,0.2825822888991958,monthly_segmented_wls_hac,6,0.01871066346000659,0.10907577427218132
marker_verbs_total_per_1k_words,verbs,2022-11-30,83,42,41,0.3597146646770416,1.3418202272264135,0.008730099276622837,0.10476119131947405,0.08849467873184388,0.3728621743753257,-0.6423151830437944,0.8193045405074822,0.8123939269790101,0.025300560182747428,0.30360672219296914,0.015935748181280816,0.1912289781753698,-0.07120207503075567,0.678415519416694,0.11236309751374535,0.03403065945937027,0.4083679135124432,0.4337935631670242,monthly_segmented_wls_hac,6,0.265465780197444,0.8538944722970941
verb_underscore_per_1k_words,verbs,2022-11-30,83,42,41,0.03229168648692221,0.28986610546785013,-0.0016370867929833156,-0.019645041515799787,0.1759473972803505,0.1277581282562239,-0.07445853410184836,0.4263533286625494,0.1684530757459441,0.00712219636235175,0.085466356348221,0.004555907065254399,0.054670884783052785,-0.021688577826562465,0.19262129052300445,0.11798479119886399,0.0054851095693684345,0.06582131483242121,0.2150730964184715,monthly_segmented_wls_hac,6,0.265465780197444,0.5505034220198813
verb_foster_per_1k_words,verbs,2022-11-30,83,42,41,0.02015817680006828,0.04594334812760628,0.00027595420357923075,0.003311450442950769,-0.020508575902516257,0.030216883375155223,-0.0797336673178205,0.03871651551278798,0.49732005603394325,0.0016591260848341726,0.01990951301801007,0.0012892364086476902,0.015470836903772281,-0.0104133273133836,0.05023235334940374,0.19812704965676603,0.0019350802884134034,0.023220963460960843,0.0586348582306887,monthly_segmented_wls_hac,6,0.35662868938217884,0.7052994230216106
verb_delve_per_1k_words,verbs,2022-11-30,83,42,41,0.0,0.04014316923299671,1.2567732807628034e-16,1.508127936915364e-15,0.05350808444205132,0.054637348275143036,-0.05358111817722903,0.16059728706133167,0.32741613690590193,-0.000636424533764786,-0.007637094405177432,0.0013916728549569855,0.016700074259483826,-0.04036923995376573,0.025095051143410867,0.6474489554320795,-0.0006364245337646603,-0.007637094405175924,0.0166563349451736,monthly_segmented_wls_hac,6,0.8324343712698165,0.664899068387087
verb_garner_per_1k_words,verbs,2022-11-30,83,42,41,0.005435964340073929,0.0062780550585428635,-0.0004995043806534531,-0.005994052567841437,0.01673218007455267,0.01258009471800645,-0.00792480557273997,0.04138916572184531,0.1835011406732938,0.00023044487814453198,0.002765338537734384,0.0004820310624923981,0.005784372749908777,-0.008572032052086821,0.014102709127555586,0.6325999582312053,-0.0002690595025089211,-0.0032287140301070537,0.01704904305324617,monthly_segmented_wls_hac,6,0.8324343712698165,0.5505034220198813
verb_showcase_per_1k_words,verbs,2022-11-30,83,42,41,0.0,0.009009695946763036,1.9537411782682147e-17,2.3444894139218576e-16,0.007220680501596171,0.00804425424667433,-0.008546057821885514,0.022987418825077856,0.3693883713261595,8.519121167457032e-05,0.0010222945400948438,0.00029247875638665577,0.0035097450766398692,-0.005856805810119299,0.007901394890308987,0.7708424129705183,8.519121167458986e-05,0.0010222945400950785,0.025557758400630903,monthly_segmented_wls_hac,6,0.867197714591833,0.664899068387087
verb_enhance_per_1k_words,verbs,2022-11-30,83,42,41,0.22378053772644266,0.5199871566365577,0.009637244527047614,0.11564693432457136,-0.10531274550488012,0.17554757480134028,-0.44938599211550706,0.23876050110574681,0.5485662179056972,7.493888297745144e-05,0.0008992665957294173,0.009585006379290733,0.1150200765514888,-0.2245400834451886,0.22633861663664745,0.993761927095392,0.009712183410025065,0.11654620092030078,0.13896528753844217,monthly_segmented_wls_hac,6,0.9937619270953921,0.7052994230216106
