month_ts,paper_count,word_count_monthly_mean,word_count_monthly_median,sentence_count_monthly_mean,sentence_count_monthly_median,em_dash_count_monthly_mean,em_dash_count_monthly_median,em_dash_per_1k_words_monthly_mean,em_dash_per_1k_words_monthly_median,semicolon_count_monthly_mean,semicolon_count_monthly_median,semicolon_per_1k_words_monthly_mean,semicolon_per_1k_words_monthly_median,colon_count_monthly_mean,colon_count_monthly_median,colon_per_1k_words_monthly_mean,colon_per_1k_words_monthly_median,marker_list_of_three_monthly_mean,marker_list_of_three_monthly_median,coordination_count_monthly_mean,coordination_count_monthly_median,coordination_density_monthly_mean,coordination_density_monthly_median,clause_depth_monthly_mean,clause_depth_monthly_median,dependency_entropy_monthly_mean,dependency_entropy_monthly_median,marker_word_delve_monthly_mean,marker_word_delve_monthly_median,marker_word_highlight_monthly_mean,marker_word_highlight_monthly_median,marker_word_underscore_monthly_mean,marker_word_underscore_monthly_median,marker_word_enhance_monthly_mean,marker_word_enhance_monthly_median,marker_word_exhibit_monthly_mean,marker_word_exhibit_monthly_median,marker_word_showcase_monthly_mean,marker_word_showcase_monthly_median,marker_word_insight_monthly_mean,marker_word_insight_monthly_median,marker_word_comprehensive_monthly_mean,marker_word_comprehensive_monthly_median,marker_word_crucial_monthly_mean,marker_word_crucial_monthly_median,marker_word_pivotal_monthly_mean,marker_word_pivotal_monthly_median,marker_word_intricate_monthly_mean,marker_word_intricate_monthly_median,marker_word_meticulously_monthly_mean,marker_word_meticulously_monthly_median,marker_word_notably_monthly_mean,marker_word_notably_monthly_median,marker_word_particularly_monthly_mean,marker_word_particularly_monthly_median,marker_word_while_monthly_mean,marker_word_while_monthly_median,marker_word_within_monthly_mean,marker_word_within_monthly_median,marker_word_across_monthly_mean,marker_word_across_monthly_median,marker_word_additionally_monthly_mean,marker_word_additionally_monthly_median,marker_density_monthly_mean,marker_density_monthly_median,hedge_count_monthly_mean,hedge_count_monthly_median,certainty_count_monthly_mean,certainty_count_monthly_median,hedge_ratio_monthly_mean,hedge_ratio_monthly_median,certainty_ratio_monthly_mean,certainty_ratio_monthly_median,avg_words_per_sentence_monthly_mean,avg_words_per_sentence_monthly_median,avg_syllables_per_word_monthly_mean,avg_syllables_per_word_monthly_median,flesch_reading_ease_monthly_mean,flesch_reading_ease_monthly_median,flesch_kincaid_grade_monthly_mean,flesch_kincaid_grade_monthly_median,dale_chall_monthly_mean,dale_chall_monthly_median
2019-06-01,30,274.8333333333333,249.5,12.333333333333334,11.5,0.0,0.0,0.0,0.0,1.0333333333333334,0.0,3.6592669296083447,0.0,1.0333333333333334,0.5,3.9289971847261316,1.1820330969267139,2.466666666666667,2.0,12.133333333333333,10.5,0.8842116960391627,0.8090909090909091,11.833333333333334,11.0,2.811247984478554,2.8103900937836364,0.0,0.0,0.03333333333333333,0.0,0.0,0.0,0.0,0.0,0.0,0.0,0.0,0.0,0.03333333333333333,0.0,0.03333333333333333,0.0,0.0,0.0,0.0,0.0,0.0,0.0,0.0,0.0,0.03333333333333333,0.0,0.03333333333333333,0.0,0.2,0.0,0.03333333333333333,0.0,0.16666666666666666,0.0,0.03333333333333333,0.0,0.01031596123798869,0.009175372585289976,1.2,1.0,0.4,0.0,0.003984980308273741,0.0031780075997962943,0.0015127506166274383,0.0,22.149317762703983,22.241626794258373,2.034993394331312,2.0269175334034513,22.263415036801963,21.298281480906,14.849229934259188,14.974190292276655,13.549806563160969,13.756701623724483
2019-07-01,117,274.7008547008547,260.0,12.11111111111111,12.0,0.03418803418803419,0.0,0.08945063890118835,0.0,1.1025641025641026,0.0,4.323548258320359,0.0,1.0341880341880343,1.0,4.076203529528426,1.9880715705765406,2.1367521367521367,2.0,11.23076923076923,11.0,0.8662467287592317,0.8571428571428571,12.247863247863247,12.0,2.8028439947220516,2.8059092471083864,0.0,0.0,0.05128205128205128,0.0,0.0,0.0,0.02564102564102564,0.0,0.02564102564102564,0.0,0.0,0.0,0.10256410256410256,0.0,0.02564102564102564,0.0,0.017094017094017096,0.0,0.0,0.0,0.0,0.0,0.0,0.0,0.02564102564102564,0.0,0.05128205128205128,0.0,0.19658119658119658,0.0,0.1794871794871795,0.0,0.23931623931623933,0.0,0.02564102564102564,0.0,0.011133642841570056,0.009259259259259259,1.4273504273504274,1.0,0.358974358974359,0.0,0.005166927854050459,0.003875968992248062,0.0011512463245013402,0.0,23.35643649139561,23.285714285714285,2.036599141393203,2.0187617260787993,19.093736641234244,19.04017557549747,15.496530562578837,15.368686131386863,13.630399444489518,13.58315723905724
2019-08-01,112,281.33035714285717,268.5,12.580357142857142,12.0,0.05357142857142857,0.0,0.20161060217205629,0.0,1.3125,0.0,4.575431508773525,0.0,1.1964285714285714,1.0,4.08748869569277,3.4248182031433263,2.580357142857143,2.0,12.75,12.0,0.9551968768071986,0.9372549019607843,11.973214285714286,12.0,2.8022341893997873,2.814504657130291,0.0,0.0,0.07142857142857142,0.0,0.0,0.0,0.05357142857142857,0.0,0.017857142857142856,0.0,0.0,0.0,0.07142857142857142,0.0,0.03571428571428571,0.0,0.0,0.0,0.0,0.0,0.0,0.0,0.0,0.0,0.017857142857142856,0.0,0.044642857142857144,0.0,0.3125,0.0,0.17857142857142858,0.0,0.25892857142857145,0.0,0.008928571428571428,0.0,0.013040263130094631,0.011975582951070336,1.2767857142857142,1.0,0.3392857142857143,0.0,0.00449942993936934,0.0038022813688212928,0.0012089594781352828,0.0,23.46523090597166,23.174825174825173,2.0200419313770457,2.0309361349360713,21.360759108858026,22.272103855896447,15.183519839792192,15.404783532869745,13.573255110191607,13.513285373326884
2019-09-01,118,275.77966101694915,259.0,12.372881355932204,12.0,0.059322033898305086,0.0,0.1655139901415931,0.0,0.6440677966101694,0.0,2.1988400785956643,0.0,1.1440677966101696,1.0,4.222453946441948,3.663052812365822,2.3813559322033897,2.0,12.025423728813559,11.0,0.9193242291667096,0.8944444444444444,11.864406779661017,11.0,2.8056244062326092,2.8018942244818854,0.0,0.0,0.0847457627118644,0.0,0.00847457627118644,0.0,0.05084745762711865,0.0,0.00847457627118644,0.0,0.0,0.0,0.03389830508474576,0.0,0.06779661016949153,0.0,0.0423728813559322,0.0,0.09322033898305085,0.0,0.0,0.0,0.0,0.0,0.0,0.0,0.1016949152542373,0.0,0.2457627118644068,0.0,0.17796610169491525,0.0,0.2457627118644068,0.0,0.059322033898305086,0.0,0.01289891286084445,0.01174172794117647,1.3559322033898304,1.0,0.3983050847457627,0.0,0.004634717815580798,0.0037735849056603774,0.0013288708908568586,0.0,23.18464944437447,22.550505050505052,2.033182485578831,2.031915544675643,18.270726338762373,18.230282472257628,15.640701668055016,15.698411457564122,13.714882771742325,13.837396898705936
2019-10-01,177,279.2994350282486,263.0,11.971751412429379,12.0,0.022598870056497175,0.0,0.0873316265110747,0.0,1.0508474576271187,0.0,3.8468920278924963,0.0,1.3898305084745763,1.0,4.865253420048128,3.215434083601286,2.4350282485875705,2.0,11.531073446327683,11.0,0.901456591758182,0.8461538461538461,12.090395480225988,12.0,2.80655713477774,2.8078031927696254,0.0,0.0,0.07344632768361582,0.0,0.01694915254237288,0.0,0.03389830508474576,0.0,0.03389830508474576,0.0,0.005649717514124294,0.0,0.022598870056497175,0.0,0.096045197740113,0.0,0.02824858757062147,0.0,0.0,0.0,0.005649717514124294,0.0,0.0,0.0,0.005649717514124294,0.0,0.06779661016949153,0.0,0.24293785310734464,0.0,0.24858757062146894,0.0,0.2994350282485876,0.0,0.05649717514124294,0.0,0.013089403359854508,0.012165450121654502,1.2429378531073447,1.0,0.2598870056497175,0.0,0.004417655320224809,0.0036363636363636364,0.0009421019235682275,0.0,24.12559819689592,23.363636363636363,2.0241898283905977,2.015625,18.341049940403085,18.614209337349422,15.736938140213653,15.828091445666239,13.648009088063686,13.591119047619049
2019-11-01,190,280.17894736842106,262.0,12.289473684210526,12.0,0.06842105263157895,0.0,0.24987057407102534,0.0,1.1578947368421053,0.0,4.360773256490526,0.0,1.1263157894736842,1.0,4.44432402829874,2.67741935483871,2.1842105263157894,2.0,11.7,10.0,0.8781485325754723,0.8257575757575758,11.805263157894737,11.0,2.8006454196712065,2.802437676426619,0.0,0.0,0.03684210526315789,0.0,0.0,0.0,0.02631578947368421,0.0,0.015789473684210527,0.0,0.0,0.0,0.03684210526315789,0.0,0.07894736842105263,0.0,0.031578947368421054,0.0,0.0,0.0,0.0,0.0,0.0,0.0,0.0,0.0,0.06315789473684211,0.0,0.24210526315789474,0.0,0.3,0.0,0.38421052631578945,0.0,0.03684210526315789,0.0,0.011906139248042754,0.01121499245346302,1.3157894736842106,1.0,0.24210526315789474,0.0,0.004772887636309864,0.00390625,0.0008487643722049724,0.0,23.428989772678523,22.916666666666664,2.0303986382211625,2.025744680851064,18.054032448291522,18.021169269919298,15.779796503461236,15.673119486768247,13.726385461584105,13.67743670047537
2019-12-01,168,266.79761904761904,256.5,11.505952380952381,11.0,0.09523809523809523,0.0,0.3049440787461209,0.0,0.8035714285714286,0.0,2.884306496369212,0.0,0.9642857142857143,1.0,3.5931810685635703,2.842377260981912,2.4226190476190474,2.0,11.630952380952381,11.0,0.9539429602578583,0.8461538461538461,11.732142857142858,12.0,2.809513698838629,2.8207298579435776,0.0,0.0,0.041666666666666664,0.0,0.011904761904761904,0.0,0.02976190476190476,0.0,0.02976190476190476,0.0,0.0,0.0,0.10119047619047619,0.0,0.041666666666666664,0.0,0.023809523809523808,0.0,0.0,0.0,0.0,0.0,0.0,0.0,0.0,0.0,0.05952380952380952,0.0,0.13095238095238096,0.0,0.16071428571428573,0.0,0.2916666666666667,0.0,0.03571428571428571,0.0,0.0125210580258557,0.00966183574879227,1.1488095238095237,1.0,0.34523809523809523,0.0,0.004444415576048282,0.0035926212590299276,0.0013485018787746778,0.0,24.1653083500351,23.454545454545453,2.011436987381676,1.9965619373947385,18.91363188857489,18.663567269456777,15.797754930182723,15.745503449767655,13.683846795070158,13.682897742951955
2020-01-01,225,259.7911111111111,255.0,11.702222222222222,12.0,0.008888888888888889,0.0,0.02669336002669336,0.0,0.7777777777777778,0.0,2.845435581014206,0.0,0.7866666666666666,0.0,3.3334889857557846,0.0,2.0,1.0,10.862222222222222,10.0,0.8631762830373769,0.8333333333333334,11.768888888888888,11.0,2.78496140499263,2.789113585065575,0.0,0.0,0.10222222222222223,0.0,0.0,0.0,0.05333333333333334,0.0,0.02666666666666667,0.0,0.0,0.0,0.044444444444444446,0.0,0.06666666666666667,0.0,0.03111111111111111,0.0,0.008888888888888889,0.0,0.0,0.0,0.0,0.0,0.008888888888888889,0.0,0.04,0.0,0.1511111111111111,0.0,0.28444444444444444,0.0,0.19555555555555557,0.0,0.04,0.0,0.01154264020753494,0.010526315789473684,1.1155555555555556,1.0,0.29333333333333333,0.0,0.004342479434957512,0.0035087719298245615,0.0013415270164285455,0.0,23.20281130798345,22.416666666666668,2.0338603648585405,2.029535864978903,17.523067400238002,16.600714285714304,15.920706978509372,15.994636394101878,13.748704283576624,13.732061538461538
2020-02-01,453,250.2626931567329,243.0,11.342163355408388,11.0,0.017660044150110375,0.0,0.0715581404218699,0.0,0.6247240618101545,0.0,2.220949607608498,0.0,0.9094922737306843,0.0,3.7755675999287828,0.0,1.9713024282560707,1.0,10.130242825607064,9.0,0.819197558188891,0.7857142857142857,11.600441501103752,11.0,2.798581138540336,2.806221081197481,0.0,0.0,0.0706401766004415,0.0,0.004415011037527594,0.0,0.05077262693156733,0.0,0.039735099337748346,0.0,0.004415011037527594,0.0,0.039735099337748346,0.0,0.026490066225165563,0.0,0.039735099337748346,0.0,0.006622516556291391,0.0,0.0,0.0,0.002207505518763797,0.0,0.019867549668874173,0.0,0.02869757174392936,0.0,0.16997792494481237,0.0,0.15673289183222958,0.0,0.16556291390728478,0.0,0.037527593818984545,0.0,0.011312481197238093,0.009523809523809525,1.293598233995585,1.0,0.5982339955849889,0.0,0.005156362866594523,0.00390625,0.0026223720998700554,0.0,23.280031771875926,22.428571428571427,2.000636564143137,2.0,23.53650424445896,24.53829431438129,15.007585888833814,14.786292330677291,13.359037148124683,13.358821739130436
2020-03-01,840,257.75714285714287,245.0,11.611904761904762,11.0,0.025,0.0,0.11516052246116562,0.0,0.6190476190476191,0.0,2.0213706892610634,0.0,0.925,0.0,3.524694062274696,0.0,2.073809523809524,1.0,10.708333333333334,9.0,0.8553631151008111,0.8,11.654761904761905,11.0,2.800845546832634,2.8102933991806305,0.0,0.0,0.05714285714285714,0.0,0.007142857142857143,0.0,0.023809523809523808,0.0,0.030952380952380953,0.0,0.002380952380952381,0.0,0.04642857142857143,0.0,0.04047619047619048,0.0,0.02857142857142857,0.0,0.0,0.0,0.0011904761904761906,0.0,0.0,0.0,0.016666666666666666,0.0,0.05357142857142857,0.0,0.19523809523809524,0.0,0.16904761904761906,0.0,0.18214285714285713,0.0,0.02976190476190476,0.0,0.010974550658458265,0.009900990099009901,1.1976190476190476,1.0,0.5476190476190477,0.0,0.004756532840328785,0.003696870302036354,0.002232881332893255,0.0,22.72144884456986,22.174242424242426,2.007665544174356,2.0057445200302344,25.202151558198377,25.168803272450546,14.666491092954201,14.642936087432854,13.43472388108672,13.431857078219341
2020-04-01,1568,250.4923469387755,239.0,10.818239795918368,10.0,0.04336734693877551,0.0,0.1645253223736255,0.0,0.5746173469387755,0.0,2.142524083666397,0.0,0.8915816326530612,0.0,3.4910426144934164,0.0,1.9145408163265305,1.0,10.033801020408163,9.0,0.8439372844977492,0.8,12.02359693877551,12.0,2.807364808997992,2.816106693370622,0.0006377551020408163,0.0,0.05293367346938776,0.0,0.006377551020408163,0.0,0.025510204081632654,0.0,0.02295918367346939,0.0,0.0012755102040816326,0.0,0.04145408163265306,0.0,0.036989795918367346,0.0,0.03635204081632653,0.0,0.008928571428571428,0.0,0.0,0.0,0.0,0.0,0.013392857142857142,0.0,0.051658163265306124,0.0,0.1996173469387755,0.0,0.18558673469387754,0.0,0.22321428571428573,0.0,0.021683673469387755,0.0,0.010920274217257452,0.009708737864077669,1.1938775510204083,1.0,0.4604591836734694,0.0,0.004739298788358699,0.003546143882901802,0.001968858020243699,0.0,22.725,22.725,1.8479358805445762,1.8479358805445762,41.760536469344615,41.760536469344615,11.76995998187859,11.76995998187859,12.764293717909998,12.764293717909998
2020-05-01,2080,250.89759615384617,242.0,11.172596153846154,11.0,0.026923076923076925,0.0,0.11974458471056076,0.0,0.7307692307692307,0.0,2.664167199469294,0.0,1.0264423076923077,1.0,3.9974940337748857,2.414009119913754,2.051442307692308,2.0,10.358653846153846,9.0,0.8500617189134522,0.8181818181818182,11.825961538461538,11.0,2.805305009724171,2.81277412309463,0.0,0.0,0.061057692307692306,0.0,0.009134615384615385,0.0,0.02980769230769231,0.0,0.02980769230769231,0.0,0.0004807692307692308,0.0,0.03990384615384615,0.0,0.03798076923076923,0.0,0.03701923076923077,0.0,0.0019230769230769232,0.0,0.0,0.0,0.0,0.0,0.009615384615384616,0.0,0.05048076923076923,0.0,0.19615384615384615,0.0,0.1596153846153846,0.0,0.23461538461538461,0.0,0.03076923076923077,0.0,0.011402194929575237,0.010101010101010102,1.2072115384615385,1.0,0.4168269230769231,0.0,0.004821102493243057,0.003787878787878788,0.001751755284420359,0.0,20.19047619047619,20.19047619047619,2.0014231499051234,2.0014231499051234,27.35603801843321,27.35603801843321,13.809828917050694,13.809828917050694,13.276257604406682,13.276257604406682
2020-06-01,1614,253.70508054522924,240.0,11.366790582403965,11.0,0.01982651796778191,0.0,0.08093236017890638,0.0,0.895910780669145,0.0,3.307849872460695,0.0,1.0693928128872368,1.0,4.151046897461875,2.0022447588888443,2.0935563816604708,1.0,10.716852540272615,10.0,0.8694166833428965,0.8333333333333334,11.884138785625774,12.0,2.808063020744449,2.8148964003763934,0.0,0.0,0.0724907063197026,0.0,0.0024783147459727386,0.0,0.029120198265179677,0.0,0.027881040892193308,0.0,0.0024783147459727386,0.0,0.048327137546468404,0.0,0.02973977695167286,0.0,0.030978934324659233,0.0,0.0024783147459727386,0.0,0.0,0.0,0.0006195786864931846,0.0,0.006815365551425031,0.0,0.058240396530359353,0.0,0.20631970260223048,0.0,0.17224287484510534,0.0,0.218091697645601,0.0,0.01982651796778191,0.0,0.011422691982198864,0.009913274205832493,1.2156133828996283,1.0,0.44175960346964066,0.0,0.004862096092482233,0.003861003861003861,0.0018183534100611987,0.0,21.97222222222222,21.97222222222222,2.280922341283558,2.280922341283558,10.781950767263439,10.781950767263439,15.57394366297244,15.57394366297244,15.054270669224213,15.054270669224213
2020-07-01,1383,252.43745480838757,240.0,11.208966015907448,11.0,0.02964569775849602,0.0,0.12808606281220253,0.0,0.7888647866955893,0.0,2.808851542681935,0.0,1.0007230657989876,1.0,3.885207186215684,1.976284584980237,2.2147505422993494,2.0,10.684743311641359,10.0,0.8764257015731726,0.8333333333333334,11.934924078091106,12.0,2.8027623155637555,2.8064014129868435,0.0,0.0,0.06796818510484454,0.0,0.0072306579898770785,0.0,0.03181489515545915,0.0,0.035430224150397684,0.0,0.0,0.0,0.0455531453362256,0.0,0.038322487346348515,0.0,0.024584237165582067,0.0,0.004338394793926247,0.0,0.0021691973969631237,0.0,0.0007230657989877079,0.0,0.010845986984815618,0.0,0.07447577729573392,0.0,0.20462762111352134,0.0,0.19522776572668113,0.0,0.21330441070137382,0.0,0.036153289949385395,0.0,0.012155928210362132,0.010723860589812333,1.222704266088214,1.0,0.4063629790310918,0.0,0.004843287812270233,0.003875968992248062,0.0016941318189455158,0.0,22.80681818181818,22.80681818181818,1.8162418958193607,1.8162418958193607,36.45898852197581,36.45898852197581,12.344326824022712,12.344326824022712,12.110088074011665,12.110088074011665
2020-08-01,1150,264.57217391304346,246.0,11.68695652173913,11.0,0.04173913043478261,0.0,0.16693551323369427,0.0,0.8252173913043478,0.0,2.8635641918688326,0.0,1.0747826086956522,1.0,3.9979600559093935,2.15521245564164,2.1939130434782608,2.0,11.307826086956522,10.0,0.8992431656353661,0.8571428571428571,12.068695652173913,12.0,2.804936264416177,2.8098246002468343,0.0,0.0,0.07304347826086957,0.0,0.01217391304347826,0.0,0.04173913043478261,0.0,0.042608695652173914,0.0,0.0008695652173913044,0.0,0.05565217391304348,0.0,0.05391304347826087,0.0,0.03130434782608696,0.0,0.0052173913043478265,0.0,0.0008695652173913044,0.0,0.0,0.0,0.01652173913043478,0.0,0.06173913043478261,0.0,0.24782608695652175,0.0,0.20608695652173914,0.0,0.2,0.0,0.035652173913043476,0.0,0.012201649116397628,0.010416666666666666,1.0895652173913044,1.0,0.4043478260869565,0.0,0.004181293756435011,0.0035398340976868906,0.0015942527738191485,0.0,19.611842105263158,19.611842105263158,2.001467408093914,2.001467408093914,19.570750709127367,19.570750709127367,14.756457109219737,14.756457109219737,12.328207746146536,12.328207746146536
2020-09-01,1399,258.76840600428875,245.0,11.424588992137242,11.0,0.023588277340957826,0.0,0.11220010430807086,0.0,0.8220157255182273,0.0,2.8820039747572683,0.0,1.3173695496783417,1.0,4.94950418968325,2.6041666666666665,2.238741958541816,2.0,11.227305218012866,10.0,0.916863729498137,0.8823529411764706,11.941386704789135,12.0,2.8028198301776843,2.8101138406660007,0.0,0.0,0.0764832022873481,0.0,0.010721944245889922,0.0,0.056468906361686916,0.0,0.039313795568263046,0.0,0.0007147962830593281,0.0,0.05575411007862759,0.0,0.030736240171551108,0.0,0.024303073624017155,0.0,0.0028591851322373124,0.0,0.0014295925661186562,0.0,0.0,0.0,0.014295925661186561,0.0,0.07576840600428877,0.0,0.1958541815582559,0.0,0.2194424588992137,0.0,0.22444603288062903,0.0,0.036454610436025735,0.0,0.01242972506288135,0.011406844106463879,1.1858470335954252,1.0,0.3781272337383846,0.0,0.004492375278573568,0.0037593984962406013,0.0015254511413292638,0.0,21.055555555555557,21.055555555555557,2.0978656949505465,2.0978656949505465,29.512594607993677,29.512594607993677,12.537638584929264,12.537638584929264,13.52338607455842,13.52338607455842
2020-10-01,1102,259.65607985480943,246.0,11.50453720508167,11.0,0.020871143375680582,0.0,0.09504535777671691,0.0,0.7749546279491834,0.0,2.8645269416201153,0.0,1.0834845735027223,1.0,4.0866715188692195,2.254794297683688,2.2150635208711433,2.0,11.087114337568059,10.0,0.8917088459553296,0.8571428571428571,11.962794918330308,12.0,2.8086335183101028,2.8119280450997417,0.0,0.0,0.07985480943738657,0.0,0.008166969147005444,0.0,0.04083484573502722,0.0,0.039927404718693285,0.0,0.0009074410163339383,0.0,0.04809437386569873,0.0,0.047186932849364795,0.0,0.032667876588021776,0.0,0.0027223230490018148,0.0,0.0,0.0,0.0,0.0,0.010889292196007259,0.0,0.06533575317604355,0.0,0.21234119782214156,0.0,0.17604355716878403,0.0,0.2540834845735027,0.0,0.04083484573502722,0.0,0.012177128690781648,0.01065722722798516,1.1642468239564427,1.0,0.38475499092558985,0.0,0.0045631856543348675,0.0036877702929363444,0.0015973654061616992,0.0,27.666666666666664,27.666666666666664,1.9795296167247387,1.9795296167247387,15.692507951212008,15.692507951212008,17.744966188050025,17.744966188050025,14.307419922803767,14.307419922803767
2020-11-01,1233,264.4720194647202,250.0,11.614760746147608,11.0,0.024330900243309004,0.0,0.0851174041239318,0.0,0.8653690186536902,0.0,3.0100100079297665,0.0,1.08110300081103,1.0,4.116386988430784,2.5380710659898473,2.267639902676399,2.0,11.319545823195458,10.0,0.9057702704572758,0.8571428571428571,12.038118410381184,12.0,2.808724191582657,2.814242917426953,0.0,0.0,0.07380373073803731,0.0,0.0072992700729927005,0.0,0.038929440389294405,0.0,0.034874290348742905,0.0,0.0,0.0,0.0665044606650446,0.0,0.039740470397404706,0.0,0.025141930251419302,0.0,0.0024330900243309003,0.0,0.0024330900243309003,0.0,0.0,0.0,0.013787510137875101,0.0,0.07218167072181671,0.0,0.20762368207623683,0.0,0.23114355231143552,0.0,0.20843471208434713,0.0,0.0373073803730738,0.0,0.01228586416346704,0.0113314447592068,1.2100567721005677,1.0,0.3795620437956204,0.0,0.004616359698366031,0.003663003663003663,0.0014112623355340408,0.0,24.083333333333332,24.083333333333332,2.0318048780487805,2.0318048780487805,15.800816631566647,15.800816631566647,16.61607423657424,16.61607423657424,14.008997643617644,14.008997643617644
2020-12-01,1020,269.83235294117645,254.0,11.724509803921569,11.0,0.03137254901960784,0.0,0.10695477906585839,0.0,0.7833333333333333,0.0,2.71462460664753,0.0,1.1509803921568627,1.0,4.2507157365758435,2.5542825825982565,2.2549019607843137,2.0,11.500980392156864,10.0,0.9065597866124303,0.875,12.196078431372548,12.0,2.809092598599364,2.815545763050068,0.0,0.0,0.07941176470588235,0.0,0.0058823529411764705,0.0,0.04411764705882353,0.0,0.03529411764705882,0.0,0.0,0.0,0.05588235294117647,0.0,0.04607843137254902,0.0,0.025490196078431372,0.0,0.0029411764705882353,0.0,0.0,0.0,0.000980392156862745,0.0,0.023529411764705882,0.0,0.06764705882352941,0.0,0.20392156862745098,0.0,0.23823529411764705,0.0,0.25588235294117645,0.0,0.0392156862745098,0.0,0.012134068257494416,0.011001113424020914,1.218627450980392,1.0,0.403921568627451,0.0,0.004555597521498593,0.0037244077012705988,0.0015227164502525142,0.0,33.06818181818182,33.06818181818182,2.0221517214331737,2.0221517214331737,6.096381033420201,6.096381033420201,19.66960459862574,19.66960459862574,13.349472760816234,13.349472760816234
2021-01-01,1099,264.8407643312102,250.0,11.650591446769791,11.0,0.026387625113739762,0.0,0.10555112273529609,0.0,0.824385805277525,0.0,2.8899793283273527,0.0,1.1228389444949956,1.0,4.239812505155367,2.577319587628866,2.315741583257507,2.0,11.232029117379437,10.0,0.8978924440717706,0.8636363636363636,12.102820746132847,12.0,2.806590271751625,2.808114183027392,0.0,0.0,0.07006369426751592,0.0,0.007279344858962694,0.0,0.05368516833484986,0.0,0.040036396724294813,0.0,0.0018198362147406734,0.0,0.055505004549590536,0.0,0.03275705186533212,0.0,0.03184713375796178,0.0,0.003639672429481347,0.0,0.0009099181073703367,0.0,0.0,0.0,0.018198362147406732,0.0,0.07097361237488627,0.0,0.21747042766151045,0.0,0.19745222929936307,0.0,0.2584167424931756,0.0,0.034576888080072796,0.0,0.012567008039272194,0.011235955056179775,1.2174704276615105,1.0,0.3393994540491356,0.0,0.004685749475927347,0.003745318352059925,0.0013166960407698825,0.0,24.47222222222222,24.47222222222222,1.9198436575261393,1.9198436575261393,25.664770102527328,25.664770102527328,15.284415898491726,15.284415898491726,13.490882580391911,13.490882580391911
2021-02-01,1059,262.60339943342774,251.0,11.441926345609065,11.0,0.03777148253068933,0.0,0.14143564985668625,0.0,1.0226628895184136,0.0,3.888181294267116,0.0,1.1841359773371105,1.0,4.486303246291043,2.631578947368421,2.332389046270066,2.0,11.385269121813032,10.0,0.9253691574688232,0.875,12.039660056657224,12.0,2.8074930424392255,2.812141886684768,0.0,0.0,0.07271010387157696,0.0,0.013220018885741265,0.0,0.0339943342776204,0.0,0.04060434372049103,0.0,0.0009442870632672333,0.0,0.039660056657223795,0.0,0.03588290840415486,0.0,0.016052880075542966,0.0,0.004721435316336166,0.0,0.0,0.0,0.0,0.0,0.014164305949008499,0.0,0.0679886685552408,0.0,0.2360717658168083,0.0,0.23040604343720492,0.0,0.24929178470254956,0.0,0.028328611898016998,0.0,0.012630524922326497,0.011583011583011582,1.1671388101983002,1.0,0.38526912181303113,0.0,0.004552359419985235,0.0036231884057971015,0.001565449154086163,0.0,19.463562753036438,19.463562753036438,2.0929568120532465,2.0929568120532465,14.021944444444472,14.021944444444472,15.943824955908292,15.943824955908292,13.41884037330982,13.41884037330982
2021-03-01,1432,264.67388268156424,251.0,11.585893854748603,11.0,0.03212290502793296,0.0,0.13130798539902755,0.0,0.8289106145251397,0.0,2.911026848715446,0.0,1.0279329608938548,1.0,3.7991337778897893,2.2101633322913408,2.224860335195531,2.0,11.115223463687151,10.0,0.882816076091125,0.8461538461538461,12.067737430167599,12.0,2.807324486204579,2.8110327667150585,0.0,0.0,0.0935754189944134,0.0,0.011871508379888268,0.0,0.04818435754189944,0.0,0.037011173184357544,0.0,0.002094972067039106,0.0,0.06005586592178771,0.0,0.039804469273743016,0.0,0.023044692737430168,0.0,0.01047486033519553,0.0,0.002793296089385475,0.0,0.0006983240223463687,0.0,0.017458100558659217,0.0,0.07681564245810056,0.0,0.22416201117318435,0.0,0.24720670391061453,0.0,0.25837988826815644,0.0,0.0356145251396648,0.0,0.012511630163501526,0.01127290056126231,1.1808659217877095,1.0,0.3442737430167598,0.0,0.004337086674132864,0.0034423509894537267,0.001327353456064925,0.0,24.234126984126984,24.234126984126984,1.9432489165763815,1.9432489165763815,31.562346562249786,31.562346562249786,13.84927370844604,13.84927370844604,13.229662636349364,13.229662636349364
2021-04-01,1104,264.10597826086956,250.0,11.544384057971014,11.0,0.020833333333333332,0.0,0.08904269240103478,0.0,0.9519927536231884,0.0,3.427101284725856,0.0,1.1286231884057971,1.0,4.168920632857802,2.2607211828297586,2.2871376811594204,2.0,11.304347826086957,11.0,0.9085747922289618,0.8666666666666667,11.98731884057971,12.0,2.80287563738948,2.804541829075586,0.0,0.0,0.08786231884057971,0.0,0.01358695652173913,0.0,0.030797101449275364,0.0,0.028079710144927536,0.0,0.0018115942028985507,0.0,0.059782608695652176,0.0,0.03170289855072464,0.0,0.029891304347826088,0.0,0.0009057971014492754,0.0,0.0,0.0,0.0,0.0,0.014492753623188406,0.0,0.07880434782608696,0.0,0.18931159420289856,0.0,0.23278985507246377,0.0,0.2617753623188406,0.0,0.03894927536231884,0.0,0.012377887045226315,0.011532919530037686,1.1322463768115942,1.0,0.36231884057971014,0.0,0.004349443548964616,0.003514949345193971,0.0014193814126028253,0.0,24.238095238095237,24.238095238095237,1.8513157894736842,1.8513157894736842,32.674599786294664,32.674599786294664,13.379418537068668,13.379418537068668,12.921101362530134,12.921101362530134
2021-05-01,1084,269.99354243542433,254.0,11.819188191881919,11.0,0.033210332103321034,0.0,0.11119903524097377,0.0,0.915129151291513,0.0,3.2246412631151635,0.0,1.118081180811808,1.0,4.1463075359406,2.345829758211779,2.379151291512915,2.0,11.687269372693727,10.0,0.9144555163212723,0.8461538461538461,12.254612546125461,12.0,2.8092732974591006,2.8137949802718656,0.0,0.0,0.08210332103321033,0.0,0.013837638376383764,0.0,0.04059040590405904,0.0,0.03505535055350553,0.0,0.0009225092250922509,0.0,0.06365313653136531,0.0,0.04428044280442804,0.0,0.02859778597785978,0.0,0.0018450184501845018,0.0,0.0018450184501845018,0.0,0.0,0.0,0.021217712177121772,0.0,0.08579335793357934,0.0,0.2066420664206642,0.0,0.2370848708487085,0.0,0.26383763837638374,0.0,0.035977859778597784,0.0,0.012731196110092158,0.011278195488721804,1.2066420664206643,1.0,0.3773062730627306,0.0,0.0044461058823330015,0.0035460992907801418,0.0013958751738760411,0.0,28.25,28.25,1.9115510718789408,1.9115510718789408,25.994896946606886,25.994896946606886,14.932414572674006,14.932414572674006,13.483411945776098,13.483411945776098
2021-06-01,1026,261.3908382066277,247.0,11.47270955165692,11.0,0.02631578947368421,0.0,0.08971954486672801,0.0,0.8840155945419104,0.0,3.21520426641295,0.0,1.1033138401559455,1.0,4.113337584946064,1.9067873632166359,2.260233918128655,2.0,11.23391812865497,10.0,0.9045155755426366,0.8666666666666667,11.958089668615985,12.0,2.806215674806981,2.8113998311323787,0.0,0.0,0.07504873294346978,0.0,0.00682261208576998,0.0,0.042884990253411304,0.0,0.028265107212475632,0.0,0.0,0.0,0.057504873294346975,0.0,0.04873294346978557,0.0,0.02729044834307992,0.0,0.003898635477582846,0.0,0.0,0.0,0.0009746588693957114,0.0,0.018518518518518517,0.0,0.0682261208576998,0.0,0.20662768031189083,0.0,0.22612085769980506,0.0,0.23391812865497075,0.0,0.029239766081871343,0.0,0.012279543681401005,0.011235955056179775,1.158869395711501,1.0,0.3460038986354776,0.0,0.004341006401353987,0.0035587639311043563,0.00139312705340623,0.0,21.833333333333336,21.833333333333336,1.9572354848216917,1.9572354848216917,20.47507962820596,20.47507962820596,15.87577855724262,15.87577855724262,13.136046449697824,13.136046449697824
2021-07-01,1213,272.3132728771641,254.0,11.953009068425391,11.0,0.018961253091508656,0.0,0.05727904339079077,0.0,0.8458367683429514,0.0,2.934323264720668,0.0,1.065952184666117,1.0,3.8219382268537463,2.237136465324385,2.288540807914262,2.0,11.640560593569662,11.0,0.9082645433218219,0.8666666666666667,12.012366034624897,12.0,2.806644897330227,2.8060605926449242,0.0,0.0,0.08738664468260511,0.0,0.005770816158285243,0.0,0.04781533388293487,0.0,0.036273701566364384,0.0,0.0016488046166529267,0.0,0.06100577081615829,0.0,0.05193734542456719,0.0,0.030502885408079144,0.0,0.004122011541632316,0.0,0.0,0.0,0.0008244023083264633,0.0,0.018136850783182192,0.0,0.07502061005770816,0.0,0.2448474855729596,0.0,0.24567188788128608,0.0,0.26875515251442705,0.0,0.04204451772464963,0.0,0.012640069472461421,0.011450381679389313,1.2044517724649628,1.0,0.3685078318219291,0.0,0.0044375604951632265,0.0035211267605633804,0.0013850222805330825,0.0,23.348484848484848,23.348484848484848,1.9245240761478164,1.9245240761478164,30.744890629498997,30.744890629498997,13.61463716270413,13.61463716270413,14.055476780245382,14.055476780245382
2021-08-01,902,269.0354767184036,251.0,11.689578713968958,11.0,0.038802660753880266,0.0,0.14422407582163663,0.0,0.7971175166297118,0.0,2.839793272780801,0.0,1.0909090909090908,1.0,4.089130896915926,2.4844758836092486,2.3126385809312637,2.0,11.669623059866963,11.0,0.9315860282141337,0.8823529411764706,12.110864745011087,12.0,2.809408270894119,2.8134969501403773,0.0,0.0,0.0787139689578714,0.0,0.012195121951219513,0.0,0.0565410199556541,0.0,0.037694013303769404,0.0,0.0022172949002217295,0.0,0.045454545454545456,0.0,0.045454545454545456,0.0,0.031042128603104215,0.0,0.0033259423503325942,0.0,0.0,0.0,0.0,0.0,0.013303769401330377,0.0,0.07317073170731707,0.0,0.21286031042128603,0.0,0.21286031042128603,0.0,0.2572062084257206,0.0,0.04212860310421286,0.0,0.012491627900556142,0.011401427751237637,1.1430155210643016,1.0,0.34700665188470065,0.0,0.0042576721397464415,0.0033956738308274148,0.0012867606083030241,0.0,21.73076923076923,21.73076923076923,2.1165596179183135,2.1165596179183135,26.675918162676908,26.675918162676908,13.059706582563766,13.059706582563766,13.761800957699151,13.761800957699151
2021-09-01,997,267.17251755265795,252.0,11.549648946840522,11.0,0.03510531594784353,0.0,0.13433897116251067,0.0,0.8976930792377131,0.0,3.1639074431851832,0.0,1.0952858575727182,1.0,4.007175414801008,2.293577981651376,2.386158475426279,2.0,11.776328986960882,11.0,0.9486675496292168,0.9090909090909091,12.066198595787363,12.0,2.8010247143156906,2.8053802480881975,0.0,0.0,0.07923771313941826,0.0,0.009027081243731194,0.0,0.041123370110330994,0.0,0.041123370110330994,0.0,0.0020060180541624875,0.0,0.06820461384152457,0.0,0.03911735205616851,0.0,0.0160481444332999,0.0,0.0020060180541624875,0.0,0.0,0.0,0.0,0.0,0.013039117352056168,0.0,0.06920762286860582,0.0,0.2176529588766299,0.0,0.22567703109327983,0.0,0.25376128385155466,0.0,0.03610832497492478,0.0,0.012925410098577,0.011467889908256881,1.1494483450351054,1.0,0.3520561685055166,0.0,0.004305175970495958,0.0035842293906810036,0.0012906031740477616,0.0,29.707692307692305,29.707692307692305,1.9433737314021085,1.9433737314021085,17.832714786893362,17.832714786893362,17.659318949902097,17.659318949902097,13.85710723489184,13.85710723489184
2021-10-01,953,272.57922350472194,255.0,11.856243441762855,11.0,0.02938090241343127,0.0,0.10954382310954165,0.0,1.0692549842602308,0.0,3.6999308141254077,0.0,1.2067156348373558,1.0,4.304712108101945,2.770083102493075,2.5047219307450157,2.0,11.906610703043022,11.0,0.9303722802839306,0.875,12.15215110178384,12.0,2.802762098700582,2.807054108491595,0.0,0.0,0.08814270724029381,0.0,0.012591815320041973,0.0,0.06295907660020986,0.0,0.035676810073452254,0.0,0.0031479538300104933,0.0,0.06925498426023086,0.0,0.040923399790136414,0.0,0.030430220356768102,0.0,0.0031479538300104933,0.0,0.001049317943336831,0.0,0.0,0.0,0.01049317943336831,0.0,0.06925498426023086,0.0,0.20776495278069254,0.0,0.20356768100734524,0.0,0.2885624344176285,0.0,0.03987408184679958,0.0,0.01288192428706855,0.011764705882352941,1.050367261280168,1.0,0.3273871983210913,0.0,0.003860717194713489,0.0028653295128939827,0.0012492015129967743,0.0,20.299450549450547,20.299450549450547,2.0483825766674673,2.0483825766674673,11.770983082706792,11.770983082706792,16.417492481203006,16.417492481203006,13.271787833219411,13.271787833219411
2021-11-01,863,273.99536500579376,257.0,11.860950173812283,11.0,0.0220162224797219,0.0,0.07623877378476374,0.0,1.0544611819235226,0.0,3.814198991938052,0.0,1.2618771726535343,1.0,4.7685951551578,2.493765586034913,2.444959443800695,2.0,11.881807647740441,11.0,0.9227315178342864,0.8666666666666667,12.156431054461182,12.0,2.802778005576596,2.8088071806239223,0.0,0.0,0.07184241019698726,0.0,0.005793742757821553,0.0,0.05330243337195829,0.0,0.0440324449594438,0.0,0.0011587485515643105,0.0,0.06488991888760139,0.0,0.055619930475086905,0.0,0.026651216685979143,0.0,0.006952491309385863,0.0,0.0,0.0,0.0,0.0,0.013904982618771726,0.0,0.07647740440324449,0.0,0.23870220162224798,0.0,0.20509849362688296,0.0,0.29779837775202783,0.0,0.0440324449594438,0.0,0.012878535442080829,0.011627906976744186,1.0753186558516803,1.0,0.3522595596755504,0.0,0.003956438326367251,0.0030211480362537764,0.0013482942221456353,0.0,21.357142857142858,21.357142857142858,1.9716183574879227,1.9716183574879227,27.70240459414748,27.70240459414748,14.05765508400995,14.05765508400995,14.054235458417422,14.054235458417422
2021-12-01,1016,271.0127952755906,253.0,11.66240157480315,11.0,0.018700787401574805,0.0,0.07047961146986434,0.0,0.8966535433070866,0.0,3.0857897817408566,0.0,1.0551181102362204,1.0,3.9310101631438474,1.8691850004017874,2.2568897637795278,2.0,11.674212598425196,10.0,0.9289171335469565,0.9,11.989173228346457,12.0,2.8003280647960063,2.8085419895463786,0.000984251968503937,0.0,0.08562992125984252,0.0,0.005905511811023622,0.0,0.03543307086614173,0.0,0.0531496062992126,0.0,0.000984251968503937,0.0,0.06594488188976377,0.0,0.047244094488188976,0.0,0.024606299212598427,0.0,0.002952755905511811,0.0,0.000984251968503937,0.0,0.0,0.0,0.015748031496062992,0.0,0.058070866141732284,0.0,0.2017716535433071,0.0,0.19094488188976377,0.0,0.2578740157480315,0.0,0.040354330708661415,0.0,0.012178700744637687,0.01102434775563118,1.1210629921259843,1.0,0.39173228346456695,0.0,0.004108815610244653,0.0032949018586069133,0.0014820709160640922,0.0,24.018181818181816,24.018181818181816,1.958645606046232,1.958645606046232,20.00709099910418,20.00709099910418,15.769676391989305,15.769676391989305,13.303398046134177,13.303398046134177
2022-01-01,1010,268.1019801980198,254.0,11.656435643564356,11.0,0.023762376237623763,0.0,0.08422286736916869,0.0,0.8841584158415842,0.0,3.0537196719177335,0.0,1.1455445544554455,1.0,4.176100776487078,2.528481376823639,2.274257425742574,2.0,11.657425742574258,11.0,0.9347366981737134,0.8888888888888888,12.176237623762376,12.0,2.8020154819028456,2.805895739681098,0.0,0.0,0.0891089108910891,0.0,0.009900990099009901,0.0,0.04950495049504951,0.0,0.047524752475247525,0.0,0.0009900990099009901,0.0,0.05148514851485148,0.0,0.04356435643564356,0.0,0.026732673267326732,0.0,0.007920792079207921,0.0,0.0,0.0,0.0,0.0,0.01287128712871287,0.0,0.07227722772277227,0.0,0.22871287128712872,0.0,0.20693069306930692,0.0,0.22277227722772278,0.0,0.032673267326732675,0.0,0.012453156926136882,0.011177372068230277,1.115841584158416,1.0,0.35346534653465345,0.0,0.004241008215129694,0.003418813408761513,0.0013719924903268237,0.0,21.427272727272726,21.427272727272726,1.988531926796132,1.988531926796132,23.308619936204153,23.308619936204153,14.450369514695835,14.450369514695835,13.814412558669401,13.814412558669401
2022-02-01,953,274.5855194123819,260.0,11.976915005246589,11.0,0.011542497376705142,0.0,0.04001216143433942,0.0,0.9559286463798531,0.0,3.344907653176499,0.0,1.1878279118572928,1.0,4.30044325364145,2.5906735751295336,2.517313746065058,2.0,12.182581322140608,11.0,0.9541365472781437,0.9,12.17208814270724,12.0,2.801443575639926,2.8068433291163264,0.0,0.0,0.080797481636936,0.0,0.008394543546694649,0.0,0.046169989506820566,0.0,0.03462749213011543,0.0,0.0,0.0,0.06820566631689402,0.0,0.04512067156348373,0.0,0.030430220356768102,0.0,0.004197271773347324,0.0,0.001049317943336831,0.0,0.0,0.0,0.008394543546694649,0.0,0.05246589716684155,0.0,0.23084994753410285,0.0,0.20566631689401887,0.0,0.2402938090241343,0.0,0.0472193074501574,0.0,0.01283956509121587,0.011450381679389313,1.1206715634837356,1.0,0.3672612801678909,0.0,0.004141503032346419,0.003436426116838488,0.0013964650082026698,0.0,18.13903743315508,18.13903743315508,2.2490998363338788,2.2490998363338788,26.357438136776963,26.357438136776963,13.120542801556422,13.120542801556422,14.819716099040006,14.819716099040006
2022-03-01,1034,283.13442940038686,258.0,12.26982591876209,11.0,0.05029013539651837,0.0,0.18545769405970816,0.0,0.9806576402321083,0.0,3.3245957562760355,0.0,1.297872340425532,1.0,4.565882000218642,2.706483841668864,2.5851063829787235,2.0,12.620889748549324,11.0,0.9602443423894925,0.8908730158730158,12.336557059961315,12.0,2.802669183709169,2.805509531969542,0.0,0.0,0.10251450676982592,0.0,0.013539651837524178,0.0,0.04448742746615087,0.0,0.035783365570599614,0.0,0.0009671179883945841,0.0,0.048355899419729204,0.0,0.045454545454545456,0.0,0.02804642166344294,0.0,0.0019342359767891683,0.0,0.0,0.0,0.0,0.0,0.01644100580270793,0.0,0.059961315280464215,0.0,0.22340425531914893,0.0,0.21566731141199227,0.0,0.28916827852998067,0.0,0.047388781431334626,0.0,0.01289452108012435,0.012048192771084338,1.172147001934236,1.0,0.3288201160541586,0.0,0.0041059976901234325,0.0034424325733516613,0.0011980122591057428,0.0,24.905370843989772,24.905370843989772,1.9899758429170193,1.9899758429170193,28.300912778385097,28.300912778385097,14.10187689635919,14.10187689635919,13.508524275541237,13.508524275541237
2022-04-01,932,274.4624463519313,259.0,12.031115879828326,11.0,0.027896995708154508,0.0,0.11032871356829063,0.0,0.8508583690987125,0.0,3.035412373600947,0.0,1.1695278969957081,1.0,4.28246578126441,2.881844380403458,2.2757510729613735,2.0,12.089055793991417,11.0,0.9403369547292308,0.8888888888888888,12.11480686695279,12.0,2.8100765649806796,2.8142414764149186,0.0,0.0,0.0890557939914163,0.0,0.0075107296137339056,0.0,0.04935622317596566,0.0,0.046137339055793994,0.0,0.0,0.0,0.06759656652360516,0.0,0.04291845493562232,0.0,0.027896995708154508,0.0,0.003218884120171674,0.0,0.0,0.0,0.0,0.0,0.017167381974248927,0.0,0.08047210300429185,0.0,0.23283261802575106,0.0,0.2145922746781116,0.0,0.24892703862660945,0.0,0.0407725321888412,0.0,0.012390552973704725,0.011288815258485196,1.0686695278969958,1.0,0.2811158798283262,0.0,0.0039043222100740614,0.0031747311557029255,0.0011139759907679337,0.0,22.636363636363637,22.636363636363637,1.7968732706142778,1.7968732706142778,33.36922252853539,33.36922252853539,13.707642760902765,13.707642760902765,12.097342422887229,12.097342422887229
2022-05-01,956,278.8755230125523,260.0,12.277196652719665,12.0,0.04184100418410042,0.0,0.18416242481402031,0.0,0.9843096234309623,0.0,3.3707758094841505,0.0,1.155857740585774,1.0,4.088254639325463,2.638522427440633,2.4602510460251046,2.0,12.346234309623432,11.0,0.9371802479381051,0.9,12.07531380753138,12.0,2.8066713816736755,2.811119094497168,0.0010460251046025104,0.0,0.10146443514644352,0.0,0.012552301255230125,0.0,0.05439330543933055,0.0,0.0397489539748954,0.0,0.0020920502092050207,0.0,0.06694560669456066,0.0,0.051255230125523014,0.0,0.012552301255230125,0.0,0.0031380753138075313,0.0,0.0,0.0,0.0,0.0,0.02092050209205021,0.0,0.06903765690376569,0.0,0.23535564853556484,0.0,0.24686192468619247,0.0,0.23535564853556484,0.0,0.043933054393305436,0.0,0.012785078017918205,0.01200661688386576,1.1893305439330544,1.0,0.3127615062761506,0.0,0.004210715964152734,0.0032679738562091504,0.0011987425096899426,0.0,21.91826923076923,21.91826923076923,1.907181054239878,1.907181054239878,26.26048824954178,26.26048824954178,14.7658862922231,14.7658862922231,13.057573498297984,13.057573498297984
2022-06-01,861,288.5876887340302,265.0,12.70267131242741,12.0,0.032520325203252036,0.0,0.10641622923738123,0.0,1.0452961672473868,0.0,3.4282714728607484,0.0,1.2346109175377469,1.0,4.246892816994829,2.7027027027027026,2.5121951219512195,2.0,12.596980255516842,11.0,0.9237669674257738,0.8636363636363636,11.965156794425088,12.0,2.8040364474597252,2.8081142359654216,0.0,0.0,0.09059233449477352,0.0,0.008130081300813009,0.0,0.09175377468060394,0.0,0.0313588850174216,0.0,0.0023228803716608595,0.0,0.07665505226480836,0.0,0.0429732868757259,0.0,0.013937282229965157,0.0,0.0023228803716608595,0.0,0.0,0.0,0.0,0.0,0.018583042973286876,0.0,0.08013937282229965,0.0,0.1986062717770035,0.0,0.2264808362369338,0.0,0.3077816492450639,0.0,0.04529616724738676,0.0,0.012633818113661661,0.011428571428571429,1.1742160278745644,1.0,0.3704994192799071,0.0,0.004081143107896863,0.0033444816053511705,0.0013764572444153037,0.0,21.904135338345867,21.904135338345867,2.1185479723046488,2.1185479723046488,19.127984181646553,19.127984181646553,15.487042553072158,15.487042553072158,13.743602998476309,13.743602998476309
2022-07-01,762,290.23359580052494,271.0,12.656167979002625,12.0,0.03543307086614173,0.0,0.10787264104340745,0.0,0.9238845144356955,0.0,3.1451163200502674,0.0,1.3648293963254594,1.0,4.6455090123226235,2.881844380403458,2.65748031496063,2.0,12.97769028871391,12.0,0.9584300525699174,0.9166666666666666,12.196850393700787,12.0,2.8075494637571374,2.807237984762331,0.0,0.0,0.10498687664041995,0.0,0.01706036745406824,0.0,0.05511811023622047,0.0,0.024934383202099737,0.0,0.003937007874015748,0.0,0.06692913385826772,0.0,0.04199475065616798,0.0,0.023622047244094488,0.0,0.005249343832020997,0.0,0.0,0.0,0.0,0.0,0.006561679790026247,0.0,0.05643044619422572,0.0,0.23490813648293962,0.0,0.22965879265091863,0.0,0.2690288713910761,0.0,0.05774278215223097,0.0,0.012955167478421906,0.011235955056179775,1.1811023622047243,1.0,0.34120734908136485,0.0,0.004031586637767817,0.0031746031746031746,0.001285131594509591,0.0,25.934782608695652,25.934782608695652,1.8959140374506835,1.8959140374506835,25.34623958302501,25.34623958302501,14.581605597735855,14.581605597735855,13.259750987525756,13.259750987525756
2022-08-01,776,280.0476804123711,263.0,12.18041237113402,11.0,0.03350515463917526,0.0,0.13061089544279633,0.0,1.0231958762886597,0.0,3.425985099288886,0.0,1.3994845360824741,1.0,4.904798820500705,3.1397870662460567,2.564432989690722,2.0,12.400773195876289,11.0,0.948489702695186,0.9,12.15979381443299,12.0,2.8030554021812337,2.809850650538528,0.0,0.0,0.09407216494845361,0.0,0.01675257731958763,0.0,0.07989690721649484,0.0,0.04896907216494845,0.0,0.002577319587628866,0.0,0.05025773195876289,0.0,0.07345360824742268,0.0,0.01804123711340206,0.0,0.005154639175257732,0.0,0.0,0.0,0.0,0.0,0.01675257731958763,0.0,0.08247422680412371,0.0,0.22164948453608246,0.0,0.24742268041237114,0.0,0.3427835051546392,0.0,0.029639175257731958,0.0,0.013600093268906596,0.01179942143774268,1.0644329896907216,1.0,0.2963917525773196,0.0,0.003830957172511321,0.002962969466050954,0.001101502682632645,0.0,24.75,24.75,1.9390666302069093,1.9390666302069093,28.626222173659684,28.626222173659684,13.550889568764571,13.550889568764571,13.994878473193474,13.994878473193474
2022-09-01,789,282.22686945500635,262.0,12.318124207858048,11.0,0.03929024081115336,0.0,0.17042525643062867,0.0,0.9708491761723701,0.0,3.1543510344863606,0.0,1.179974651457541,1.0,4.021895470782129,2.5510204081632653,2.6603295310519646,2.0,12.561470215462611,11.0,0.9546199041732726,0.8863636363636364,12.319391634980988,12.0,2.8066147984067227,2.8095110116522104,0.0,0.0,0.07858048162230671,0.0,0.010139416983523447,0.0,0.05576679340937896,0.0,0.044359949302915085,0.0,0.0,0.0,0.05576679340937896,0.0,0.058301647655259824,0.0,0.03802281368821293,0.0,0.0038022813688212928,0.0,0.0012674271229404308,0.0,0.0,0.0,0.01394169835234474,0.0,0.062103929024081114,0.0,0.22053231939163498,0.0,0.25475285171102663,0.0,0.2965779467680608,0.0,0.036755386565272496,0.0,0.013689023073673841,0.011764705882352941,1.193916349809886,1.0,0.34347275031685676,0.0,0.00427205003669287,0.003424657534246575,0.0013087278116736623,0.0,25.645454545454545,25.645454545454545,2.007936507936508,2.007936507936508,14.798992054263579,14.798992054263579,17.416212790697678,17.416212790697678,13.753910586932449,13.753910586932449
2022-10-01,761,287.00131406044676,269.0,12.438896189224705,12.0,0.022339027595269383,0.0,0.07054349383375229,0.0,0.938239159001314,0.0,3.263851824670476,0.0,1.2444152431011826,1.0,4.338336897446224,2.7624309392265194,2.5321944809461234,2.0,12.634691195795007,12.0,0.9469317659580385,0.9,12.116951379763469,12.0,2.8079401434185276,2.81393712409114,0.0,0.0,0.09461235216819974,0.0,0.013140604467805518,0.0,0.04336399474375821,0.0,0.03679369250985545,0.0,0.001314060446780552,0.0,0.06307490144546649,0.0,0.06176084099868594,0.0,0.04204993429697766,0.0,0.002628120893561104,0.0,0.0,0.0,0.0,0.0,0.017082785808147174,0.0,0.07752956636005257,0.0,0.22864651773981604,0.0,0.2325886990801577,0.0,0.3272010512483574,0.0,0.052562417871222074,0.0,0.013024087168861049,0.011695906432748537,1.137976346911958,1.0,0.30749014454664914,0.0,0.003952392965094515,0.0031545741324921135,0.0011052024225569044,0.0,19.376068376068375,19.376068376068375,2.0,2.0,21.90081097330092,21.90081097330092,13.81516824349486,13.81516824349486,13.523551328241652,13.523551328241652
2022-11-01,869,284.08400460299197,265.0,12.329113924050633,11.0,0.024165707710011506,0.0,0.07185213901019842,0.0,0.9275028768699655,0.0,3.05283838136188,0.0,1.1783659378596087,1.0,4.14547445287437,2.512562814070352,2.567318757192175,2.0,12.614499424626008,11.0,0.9472134952572268,0.9090909090909091,12.286536248561566,12.0,2.8070049951922447,2.814088386515551,0.0,0.0,0.09666283084004602,0.0,0.00805523590333717,0.0,0.04142692750287687,0.0,0.04027617951668585,0.0,0.0011507479861910242,0.0,0.06444188722669736,0.0,0.05638665132336018,0.0,0.024165707710011506,0.0,0.005753739930955121,0.0,0.0,0.0,0.0,0.0,0.01726121979286536,0.0,0.0759493670886076,0.0,0.22324510932105868,0.0,0.19792865362485615,0.0,0.28768699654775604,0.0,0.05408515535097814,0.0,0.012831919211437021,0.011363636363636364,1.1967779056386652,1.0,0.2911392405063291,0.0,0.004165833851244939,0.0035587188612099642,0.0010834330078907217,0.0,23.616161616161616,23.616161616161616,1.9109629454802928,1.9109629454802928,28.67404636889549,28.67404636889549,14.319764670003874,14.319764670003874,13.631718155825808,13.631718155825808
2022-12-01,820,285.1609756097561,268.5,12.453658536585365,12.0,0.025609756097560974,0.0,0.08426603302400054,0.0,1.1353658536585365,0.0,3.7135053653223085,0.0,1.3670731707317074,1.0,4.790313180785736,2.9304045031622605,2.574390243902439,2.0,12.491463414634147,11.0,0.9356365401918975,0.8947368421052632,12.170731707317072,12.0,2.805260939499059,2.8085024826513725,0.0,0.0,0.0975609756097561,0.0,0.013414634146341463,0.0,0.05121951219512195,0.0,0.03414634146341464,0.0,0.0024390243902439024,0.0,0.0524390243902439,0.0,0.03536585365853658,0.0,0.02926829268292683,0.0,0.0024390243902439024,0.0,0.0,0.0,0.0,0.0,0.012195121951219513,0.0,0.07073170731707316,0.0,0.2121951219512195,0.0,0.2097560975609756,0.0,0.26951219512195124,0.0,0.045121951219512194,0.0,0.012580551406400284,0.011398182873277499,1.1109756097560977,1.0,0.31585365853658537,0.0,0.0038749655693395084,0.003134796238244514,0.0011405795558657316,0.0,25.128205128205128,25.128205128205128,2.0230366492146596,2.0230366492146596,14.15630527645844,14.15630527645844,17.100089118255998,17.100089118255998,13.737624031177688,13.737624031177688
2023-01-01,751,284.7856191744341,261.0,12.391478029294275,12.0,0.017310252996005325,0.0,0.06818381778971248,0.0,0.9494007989347537,0.0,3.192609565090587,0.0,1.33288948069241,1.0,4.602071314012869,3.1545741324921135,2.681757656458056,2.0,12.636484687083888,12.0,0.9535104830474015,0.9166666666666666,12.246338215712383,12.0,2.8063628976849824,2.8096312517577053,0.0,0.0,0.08655126498002663,0.0,0.013315579227696404,0.0,0.07456724367509987,0.0,0.03062583222370173,0.0,0.0013315579227696406,0.0,0.06125166444740346,0.0,0.08255659121171771,0.0,0.03062583222370173,0.0,0.005326231691078562,0.0,0.0,0.0,0.0,0.0,0.011984021304926764,0.0,0.06258322237017311,0.0,0.20772303595206393,0.0,0.22769640479360853,0.0,0.2609853528628495,0.0,0.05193075898801598,0.0,0.013276035992235735,0.012195121951219513,1.0892143808255659,1.0,0.3288948069241012,0.0,0.003860724501591678,0.003215434083601286,0.0011884128376019568,0.0,27.433823529411764,27.433823529411764,1.9104852298909867,1.9104852298909867,33.80633665472497,33.80633665472497,15.417643440696708,15.417643440696708,13.263490059632659,13.263490059632659
2023-02-01,828,281.17391304347825,268.0,12.468599033816425,12.0,0.030193236714975844,0.0,0.1058208444513559,0.0,1.0603864734299517,0.0,3.6005232704304424,0.0,1.2632850241545894,1.0,4.570180211975117,2.812945086247824,2.5519323671497585,2.0,12.518115942028986,12.0,0.9481645412512625,0.9,12.131642512077295,12.0,2.804669219838087,2.802862081902891,0.0,0.0,0.09057971014492754,0.0,0.00966183574879227,0.0,0.043478260869565216,0.0,0.04710144927536232,0.0,0.0012077294685990338,0.0,0.057971014492753624,0.0,0.050724637681159424,0.0,0.030193236714975844,0.0,0.0012077294685990338,0.0,0.0,0.0,0.0012077294685990338,0.0,0.021739130434782608,0.0,0.06280193236714976,0.0,0.2210144927536232,0.0,0.18115942028985507,0.0,0.26811594202898553,0.0,0.049516908212560384,0.0,0.013057388875556058,0.011764705882352941,1.0736714975845412,1.0,0.28381642512077293,0.0,0.003830151970370452,0.003115264797507788,0.0010385685644584053,0.0,25.52922077922078,25.52922077922078,1.9890231733008092,1.9890231733008092,15.598993468795385,15.598993468795385,16.698050556361878,16.698050556361878,12.978076231253024,12.978076231253024
2023-03-01,1066,283.4634146341463,263.0,12.481238273921202,12.0,0.024390243902439025,0.0,0.08956342305506242,0.0,0.9878048780487805,0.0,3.345107570130777,0.0,1.3545966228893058,1.0,4.717031516696047,2.9455144889814333,2.4906191369606003,2.0,12.454033771106943,11.0,0.9351126376334687,0.8888888888888888,12.103189493433396,12.0,2.8012629345512363,2.8048269296810284,0.0,0.0,0.09568480300187618,0.0,0.013133208255159476,0.0,0.07692307692307693,0.0,0.0525328330206379,0.0,0.001876172607879925,0.0,0.08348968105065666,0.0,0.05347091932457786,0.0,0.03283302063789869,0.0,0.006566604127579738,0.0,0.0,0.0,0.0,0.0,0.014071294559099437,0.0,0.07786116322701689,0.0,0.2223264540337711,0.0,0.22607879924953095,0.0,0.3339587242026266,0.0,0.06378986866791744,0.0,0.013231687754302428,0.011764705882352941,1.1848030018761726,1.0,0.3883677298311445,0.0,0.004038107738022338,0.0031397251631474143,0.0014338258727918387,0.0,31.875,31.875,1.9347442680776015,1.9347442680776015,18.148313399606522,18.148313399606522,18.41546442994719,18.41546442994719,13.158215690690692,13.158215690690692
2023-04-01,800,285.54,267.0,12.50625,12.0,0.03,0.0,0.12398618999097788,0.0,0.87625,0.0,2.991227905425677,0.0,1.18625,1.0,4.051891758894479,2.5252525252525255,2.65,2.0,12.5575,12.0,0.9406691878947777,0.9,12.30125,12.0,2.8078035516121878,2.812291983668786,0.0,0.0,0.10375,0.0,0.01,0.0,0.05875,0.0,0.03375,0.0,0.00125,0.0,0.08125,0.0,0.06625,0.0,0.04,0.0,0.00375,0.0,0.00375,0.0,0.0,0.0,0.015,0.0,0.07125,0.0,0.2425,0.0,0.19375,0.0,0.275,0.0,0.05,0.0,0.013311645031302355,0.011834733893557423,1.1225,1.0,0.3125,0.0,0.0039519127494700955,0.003091197492642281,0.0011724178786642837,0.0,20.383333333333333,20.383333333333333,2.2516135373325037,2.2516135373325037,-7.050910351754638,-7.050910351754638,19.108908291978185,19.108908291978185,14.8113291081389,14.8113291081389
2023-05-01,884,280.9490950226244,265.0,12.408371040723981,12.0,0.026018099547511313,0.0,0.08548669139337398,0.0,0.9015837104072398,0.0,3.0675097689121285,0.0,1.2997737556561086,1.0,4.521791197560308,2.766257020859797,2.5938914027149322,2.0,12.47737556561086,12.0,0.9503070752241725,0.8888888888888888,12.141402714932127,12.0,2.804050513773995,2.806633197011152,0.0,0.0,0.10180995475113122,0.0,0.012443438914027148,0.0,0.07013574660633484,0.0,0.05995475113122172,0.0,0.0011312217194570137,0.0,0.08936651583710407,0.0,0.06108597285067873,0.0,0.042986425339366516,0.0,0.0011312217194570137,0.0,0.0022624434389140274,0.0,0.0,0.0,0.013574660633484163,0.0,0.07692307692307693,0.0,0.2171945701357466,0.0,0.25565610859728505,0.0,0.2680995475113122,0.0,0.05542986425339366,0.0,0.013770728825858376,0.012519592476489028,1.1312217194570136,1.0,0.3201357466063348,0.0,0.00403443305856465,0.003367041538182478,0.0011891709727091019,0.0,22.840909090909093,22.840909090909093,2.0290697674418605,2.0290697674418605,19.61782444849645,19.61782444849645,15.25099257598003,15.25099257598003,13.669193146903016,13.669193146903016
2023-06-01,1014,277.64201183431953,262.5,12.214003944773175,12.0,0.026627218934911243,0.0,0.09228541983161176,0.0,0.928007889546351,0.0,3.0401879367891387,0.0,1.247534516765286,1.0,4.431101091784781,2.9368638951181643,2.4940828402366866,2.0,12.247534516765286,11.0,0.9380307601862107,0.8973684210526316,12.263313609467456,12.0,2.8011284096234377,2.8025721534214796,0.0,0.0,0.10749506903353057,0.0,0.016765285996055226,0.0,0.054240631163708086,0.0,0.06607495069033531,0.0,0.0019723865877712033,0.0,0.07297830374753451,0.0,0.07396449704142012,0.0,0.04240631163708087,0.0,0.0039447731755424065,0.0,0.0029585798816568047,0.0,0.0009861932938856016,0.0,0.029585798816568046,0.0,0.07790927021696252,0.0,0.20808678500986194,0.0,0.23471400394477318,0.0,0.3214990138067061,0.0,0.05226824457593689,0.0,0.013695991910100049,0.01253525663689003,1.081854043392505,1.0,0.3343195266272189,0.0,0.0038836092936623636,0.003367003367003367,0.0012465317937738988,0.0,19.185714285714287,19.185714285714287,2.141895881895882,2.141895881895882,20.527373225165874,20.527373225165874,14.119314748534148,14.119314748534148,13.92229113361861,13.92229113361861
2023-07-01,802,288.74563591022445,269.5,12.817955112219451,12.0,0.016209476309226933,0.0,0.05139233015215886,0.0,1.057356608478803,0.0,3.5408906777001485,0.0,1.3753117206982544,1.0,4.7979181113804135,3.0120755196283895,2.7955112219451372,2.0,12.834164588528678,12.0,0.9405068270459872,0.9,12.271820448877806,12.0,2.806233466393963,2.8092890042979537,0.003740648379052369,0.0,0.12219451371571072,0.0,0.0199501246882793,0.0,0.09600997506234414,0.0,0.07231920199501247,0.0,0.007481296758104738,0.0,0.08478802992518704,0.0,0.08728179551122195,0.0,0.05112219451371571,0.0,0.012468827930174564,0.0,0.003740648379052369,0.0,0.0,0.0,0.028678304239401497,0.0,0.08229426433915212,0.0,0.256857855361596,0.0,0.2256857855361596,0.0,0.2805486284289277,0.0,0.06608478802992519,0.0,0.014579547457613777,0.013513513513513514,1.0236907730673317,1.0,0.3541147132169576,0.0,0.0035389756182623994,0.002857166180948416,0.0013102922760829167,0.0,25.666666666666664,25.666666666666664,2.037684649967887,2.037684649967887,12.07033163265308,12.07033163265308,18.09698979591837,18.09698979591837,14.377590136054422,14.377590136054422
2023-08-01,1016,283.2165354330709,264.0,12.608267716535433,12.0,0.03248031496062992,0.0,0.14761844314684178,0.0,0.9753937007874016,0.0,3.4242651197704914,0.0,1.2677165354330708,1.0,4.517089996854529,2.9851012261191903,2.5127952755905514,2.0,12.616141732283465,11.0,0.9420661933373993,0.8888888888888888,12.179133858267717,12.0,2.802077026850467,2.804958180012391,0.0,0.0,0.11614173228346457,0.0,0.022637795275590553,0.0,0.09055118110236221,0.0,0.06988188976377953,0.0,0.001968503937007874,0.0,0.09153543307086615,0.0,0.08956692913385826,0.0,0.04625984251968504,0.0,0.007874015748031496,0.0,0.000984251968503937,0.0,0.0,0.0,0.025590551181102362,0.0,0.10334645669291338,0.0,0.23917322834645668,0.0,0.23818897637795275,0.0,0.3001968503937008,0.0,0.07086614173228346,0.0,0.01418187281163992,0.012903225806451613,1.1190944881889764,1.0,0.327755905511811,0.0,0.003939881379451931,0.0032258064516129032,0.0012243227804936295,0.0,28.442857142857143,28.442857142857143,1.971367974549311,1.971367974549311,12.47622462314915,12.47622462314915,17.738310142827473,17.738310142827473,13.787374712086592,13.787374712086592
2023-09-01,1012,280.3853754940711,261.5,12.596837944664031,12.0,0.02865612648221344,0.0,0.10233597911907447,0.0,1.0009881422924902,0.0,3.546260063331329,0.0,1.2895256916996047,1.0,4.6994545235315295,3.149614110271214,2.5454545454545454,2.0,12.122529644268775,11.0,0.9069002273865375,0.8571428571428571,12.129446640316205,12.0,2.7981691487558136,2.7994548676972504,0.0029644268774703555,0.0,0.11857707509881422,0.0,0.039525691699604744,0.0,0.09881422924901186,0.0,0.07312252964426877,0.0,0.00691699604743083,0.0,0.10375494071146245,0.0,0.08893280632411067,0.0,0.044466403162055336,0.0,0.010869565217391304,0.0,0.008893280632411068,0.0,0.0009881422924901185,0.0,0.03359683794466403,0.0,0.08794466403162056,0.0,0.25296442687747034,0.0,0.2025691699604743,0.0,0.29545454545454547,0.0,0.06719367588932806,0.0,0.01440795802374695,0.01293103448275862,1.0543478260869565,1.0,0.28952569169960474,0.0,0.0037450053713534944,0.002932551319648094,0.0010688045104265693,0.0,19.22252747252747,19.22252747252747,1.9250059822924144,1.9250059822924144,27.68703190659943,27.68703190659943,13.972556339132254,13.972556339132254,14.735272767830025,14.735272767830025
2023-10-01,1004,283.0268924302789,263.0,12.45617529880478,12.0,0.030876494023904383,0.0,0.11033662768165507,0.0,0.952191235059761,0.0,3.1859477439645967,0.0,1.2221115537848606,1.0,4.20110457078312,2.941176470588235,2.587649402390438,2.0,12.630478087649402,11.5,0.9486728691640158,0.9045454545454545,12.139442231075698,12.0,2.799995145184616,2.8020820375282938,0.00199203187250996,0.0,0.14641434262948208,0.0,0.052788844621513946,0.0,0.11055776892430279,0.0,0.07669322709163347,0.0,0.00199203187250996,0.0,0.11155378486055777,0.0,0.06772908366533864,0.0,0.054780876494023904,0.0,0.010956175298804782,0.0,0.0069721115537848604,0.0,0.0,0.0,0.030876494023904383,0.0,0.08266932270916334,0.0,0.24800796812749004,0.0,0.2679282868525896,0.0,0.3545816733067729,0.0,0.061752988047808766,0.0,0.014913808513932593,0.013559322033898305,1.097609561752988,1.0,0.3615537848605578,0.0,0.0038474024743515843,0.003076923076923077,0.001307594842610566,0.0,28.120833333333334,28.120833333333334,2.204982474530743,2.204982474530743,-2.4991925896831475,-2.4991925896831475,19.214102906520036,19.214102906520036,14.672965827005324,14.672965827005324
2023-11-01,934,284.3865096359743,262.5,12.544967880085654,12.0,0.029978586723768737,0.0,0.114962099009696,0.0,0.930406852248394,0.0,3.1508050453678047,0.0,1.3629550321199144,1.0,4.637429724394134,3.205128205128205,2.682012847965739,2.0,12.764453961456104,12.0,0.9485167083203679,0.9090909090909091,12.248394004282655,12.0,2.7970751055680894,2.7973637204034305,0.0021413276231263384,0.0,0.1423982869379015,0.0,0.048179871520342615,0.0,0.09421841541755889,0.0,0.06852248394004283,0.0,0.0032119914346895075,0.0,0.10813704496788008,0.0,0.09314775160599571,0.0,0.06316916488222699,0.0,0.007494646680942184,0.0,0.0032119914346895075,0.0,0.0021413276231263384,0.0,0.04068522483940043,0.0,0.08565310492505353,0.0,0.2558886509635974,0.0,0.24197002141327623,0.0,0.36295503211991437,0.0,0.07601713062098502,0.0,0.015263703023712853,0.0136986301369863,1.1884368308351179,1.0,0.3511777301927195,0.0,0.004166356074608397,0.0032232091839384967,0.001287369251573954,0.0,20.825,20.825,2.052157252341754,2.052157252341754,10.446763994221769,10.446763994221769,16.676495305164316,16.676495305164316,14.015948242555567,14.015948242555567
2023-12-01,935,284.096256684492,267.0,12.828877005347593,12.0,0.0213903743315508,0.0,0.09099895912902374,0.0,0.9508021390374332,0.0,3.1483466248358067,0.0,1.2064171122994651,1.0,4.2945574957546855,2.8328611898017,2.6374331550802137,2.0,12.573262032085562,12.0,0.9298341966680131,0.8666666666666667,12.131550802139037,12.0,2.7990854241111824,2.801222022300889,0.0053475935828877,0.0,0.12513368983957218,0.0,0.040641711229946524,0.0,0.13475935828877006,0.0,0.08877005347593583,0.0,0.0042780748663101605,0.0,0.1304812834224599,0.0,0.10374331550802139,0.0,0.053475935828877004,0.0,0.014973262032085561,0.0,0.008556149732620321,0.0,0.0010695187165775401,0.0,0.039572192513368985,0.0,0.1144385026737968,0.0,0.2620320855614973,0.0,0.23957219251336898,0.0,0.3336898395721925,0.0,0.08342245989304813,0.0,0.015543435643428553,0.014450867052023121,1.0705882352941176,1.0,0.32620320855614976,0.0,0.0037087931774738734,0.003115264797507788,0.0012075940364296592,0.0,24.333333333333332,24.333333333333332,2.030262531995379,2.030262531995379,19.032717573878998,19.032717573878998,16.255725469663016,16.255725469663016,14.499296040798374,14.499296040798374
2024-01-01,946,284.5718816067653,263.0,12.788583509513742,12.0,0.05813953488372093,0.0,0.20378269787549647,0.0,0.9566596194503171,0.0,3.1163514858788894,0.0,1.4989429175475688,1.0,5.180422540745404,3.23102620315273,2.6744186046511627,2.0,12.523255813953488,11.0,0.922241987482289,0.8666666666666667,12.006342494714588,12.0,2.7967866692493777,2.7988209339780132,0.0021141649048625794,0.0,0.14482029598308668,0.0,0.0507399577167019,0.0,0.11945031712473574,0.0,0.08773784355179703,0.0,0.007399577167019027,0.0,0.10465116279069768,0.0,0.10676532769556026,0.0,0.05919661733615222,0.0,0.010570824524312896,0.0,0.010570824524312896,0.0,0.0,0.0,0.03805496828752643,0.0,0.11205073995771671,0.0,0.24947145877378435,0.0,0.22938689217758984,0.0,0.38160676532769555,0.0,0.07928118393234672,0.0,0.015514593304239349,0.014026889654041646,1.0930232558139534,1.0,0.36152219873150104,0.0,0.0037107588303534602,0.0029941193344807803,0.0012958307982963272,0.0,29.17857142857143,29.17857142857143,1.9428141937669374,1.9428141937669374,19.308416984006115,19.308416984006115,17.531726072607263,17.531726072607263,13.07255142168063,13.07255142168063
2024-02-01,979,287.7681307456588,268.0,12.825331971399388,12.0,0.059244126659857,0.0,0.20368236609671217,0.0,0.9366700715015321,0.0,3.190207143163795,0.0,1.264555669050051,1.0,4.320843120331734,2.9154518950437316,2.540347293156282,2.0,12.443309499489274,12.0,0.9217305734012502,0.875,12.17773237997957,12.0,2.8017992467735024,2.8047740244032844,0.0040858018386108275,0.0,0.14300306435137897,0.0,0.0602655771195097,0.0,0.1348314606741573,0.0,0.06741573033707865,0.0,0.005107252298263534,0.0,0.11746680286006128,0.0,0.08784473953013279,0.0,0.06639427987742594,0.0,0.013278855975485188,0.0,0.0040858018386108275,0.0,0.0010214504596527069,0.0,0.03575076608784474,0.0,0.10929519918283963,0.0,0.24923391215526047,0.0,0.25638406537282943,0.0,0.3881511746680286,0.0,0.0735444330949949,0.0,0.015205946505376463,0.013245033112582781,1.1940755873340143,1.0,0.3564862104187947,0.0,0.004109164511879916,0.003289473684210526,0.0012572252532150644,0.0,25.325,25.325,1.931743971045281,1.931743971045281,23.60682995495496,23.60682995495496,15.353688456693778,15.353688456693778,13.82144270744909,13.82144270744909
2024-03-01,1081,289.7345050878816,273.0,12.83163737280296,12.0,0.05735430157261795,0.0,0.20616442105201468,0.0,0.9611470860314524,0.0,3.2743133638535054,0.0,1.3940795559666974,1.0,4.835763292629847,3.105590062111801,2.788159111933395,2.0,13.104532839962998,12.0,0.9551588267633606,0.9230769230769231,12.227567067530066,12.0,2.797933046249496,2.798745625632866,0.0018501387604070306,0.0,0.1498612395929695,0.0,0.04810360777058279,0.0,0.12488436632747456,0.0,0.08325624421831637,0.0,0.010175763182238668,0.0,0.1211840888066605,0.0,0.12488436632747456,0.0,0.07030527289546716,0.0,0.014801110083256245,0.0,0.010175763182238668,0.0,0.0009250693802035153,0.0,0.03515263644773358,0.0,0.11933395004625347,0.0,0.24051803885291398,0.0,0.2627197039777983,0.0,0.3940795559666975,0.0,0.08880666049953746,0.0,0.015854564089039905,0.015015015015015015,1.0582793709528215,1.0,0.35337650323774283,0.0,0.00361396140096768,0.0029940119760479044,0.0012800708425741718,0.0,22.83730158730159,22.83730158730159,2.127174974047505,2.127174974047505,11.092442807917834,11.092442807917834,16.59238136826783,16.59238136826783,14.311938458211007,14.311938458211007
2024-04-01,1022,294.146771037182,269.0,12.909001956947163,12.0,0.04207436399217221,0.0,0.1525612337636113,0.0,0.8904109589041096,0.0,2.8165938635751187,0.0,1.216242661448141,1.0,4.078556580091365,2.832883923985619,2.8111545988258317,2.0,13.081213307240704,12.0,0.9584766623657098,0.9069264069264069,12.326810176125244,12.0,2.7991789513722094,2.8004423722532943,0.005870841487279843,0.0,0.16634050880626222,0.0,0.07436399217221135,0.0,0.15459882583170254,0.0,0.10665362035225048,0.0,0.00684931506849315,0.0,0.12426614481409001,0.0,0.11154598825831702,0.0,0.07142857142857142,0.0,0.01761252446183953,0.0,0.00684931506849315,0.0,0.0,0.0,0.03913894324853229,0.0,0.11154598825831702,0.0,0.29354207436399216,0.0,0.2573385518590998,0.0,0.37573385518590996,0.0,0.07632093933463796,0.0,0.016353760277135528,0.014971933462224588,1.0880626223091976,1.0,0.41682974559686886,0.0,0.0036389492735633983,0.0028653295128939827,0.0014747982578937149,0.0,27.479166666666668,27.479166666666668,1.9984249160450533,1.9984249160450533,20.166352031101255,20.166352031101255,15.807244465098009,15.807244465098009,14.126677180940291,14.126677180940291
2024-05-01,1141,284.32953549517964,265.0,12.754601226993865,12.0,0.051709027169149865,0.0,0.17356979081024898,0.0,0.8992112182296231,0.0,3.0572305422156605,0.0,1.2576687116564418,1.0,4.431399230341481,3.115264797507788,2.6345311130587206,2.0,12.78965819456617,12.0,0.9431174394189227,0.8888888888888888,12.166520595968448,12.0,2.7982927518072693,2.8034106782332806,0.0026292725679228747,0.0,0.15337423312883436,0.0,0.058720420683610865,0.0,0.14899211218229624,0.0,0.0876424189307625,0.0,0.007887817703768623,0.0,0.09815950920245399,0.0,0.10078878177037687,0.0,0.07274320771253287,0.0,0.014022787028921999,0.0,0.0035056967572304996,0.0,0.0008764241893076249,0.0,0.03593339176161262,0.0,0.11481156879929887,0.0,0.2366345311130587,0.0,0.2751971954425942,0.0,0.3453111305872042,0.0,0.09728308501314636,0.0,0.015493424921091832,0.013888888888888888,1.0815074496056092,1.0,0.3444347063978966,0.0,0.003817953736491302,0.003067484662576687,0.0012829678406657695,0.0,20.633333333333333,20.633333333333333,2.135203277655216,2.135203277655216,13.540480097887482,13.540480097887482,15.413999961754524,15.413999961754524,14.265398425929119,14.265398425929119
2024-06-01,1005,286.59800995024875,267.0,12.713432835820896,12.0,0.04477611940298507,0.0,0.13587492435362492,0.0,0.9164179104477612,0.0,3.0075782968529547,0.0,1.2835820895522387,1.0,4.508338837677612,3.1446540880503147,2.7701492537313435,2.0,12.883582089552238,12.0,0.9489368030867323,0.9090909090909091,12.14726368159204,12.0,2.7988697021651174,2.8000435137690958,0.008955223880597015,0.0,0.16119402985074627,0.0,0.06766169154228856,0.0,0.15422885572139303,0.0,0.07661691542288557,0.0,0.006965174129353234,0.0,0.11144278606965174,0.0,0.1154228855721393,0.0,0.07562189054726368,0.0,0.011940298507462687,0.0,0.005970149253731343,0.0,0.003980099502487562,0.0,0.042786069651741296,0.0,0.08656716417910448,0.0,0.2716417910447761,0.0,0.23980099502487562,0.0,0.3592039800995025,0.0,0.08656716417910448,0.0,0.016114811273081762,0.014814814814814815,1.0776119402985074,1.0,0.382089552238806,0.0,0.003734031381879119,0.002932551319648094,0.0014344558341922347,0.0,32.458333333333336,32.458333333333336,1.9876225490196078,1.9876225490196078,21.383022855001897,21.383022855001897,16.28877931809667,16.28877931809667,14.498162325465218,14.498162325465218
2024-07-01,1014,288.31360946745565,267.0,12.938856015779093,12.0,0.055226824457593686,0.0,0.20227098824017922,0.0,0.8648915187376726,0.0,2.8418937896553143,0.0,1.339250493096647,1.0,4.5407502783435065,3.0120755196283895,2.660749506903353,2.0,12.87475345167653,12.0,0.9410308908148025,0.8888888888888888,12.19723865877712,12.0,2.7984609139100547,2.8000716530596916,0.0019723865877712033,0.0,0.1893491124260355,0.0,0.054240631163708086,0.0,0.20118343195266272,0.0,0.09566074950690336,0.0,0.004930966469428008,0.0,0.16074950690335305,0.0,0.09467455621301775,0.0,0.08382642998027613,0.0,0.011834319526627219,0.0,0.006903353057199211,0.0,0.0009861932938856016,0.0,0.05325443786982249,0.0,0.1242603550295858,0.0,0.2879684418145957,0.0,0.28402366863905326,0.0,0.3609467455621302,0.0,0.09566074950690336,0.0,0.016405932448968052,0.014875420428394405,1.0798816568047338,1.0,0.38560157790927024,0.0,0.00369958439752416,0.0030075255978870437,0.0013408244200303699,0.0,25.767973856209153,25.767973856209153,1.9258389328259105,1.9258389328259105,25.651175189451834,25.651175189451834,15.667611295422596,15.667611295422596,12.822071387633905,12.822071387633905
2024-08-01,1127,287.5856255545697,267.0,12.681455190771961,12.0,0.03637976929902396,0.0,0.13404179541847563,0.0,0.8899733806566105,0.0,3.041510042344356,0.0,1.2812777284826975,1.0,4.381454439940014,3.0864197530864197,2.8101153504880214,2.0,12.892635314995564,12.0,0.9519971378688057,0.8888888888888888,12.086069210292813,12.0,2.7954624908011407,2.796560259203801,0.001774622892635315,0.0,0.19875776397515527,0.0,0.0878438331854481,0.0,0.2067435669920142,0.0,0.09050576752440107,0.0,0.005323868677905945,0.0,0.11357586512866016,0.0,0.09228039041703638,0.0,0.09228039041703638,0.0,0.01064773735581189,0.0,0.0026619343389529724,0.0,0.0008873114463176575,0.0,0.04525288376220053,0.0,0.1233362910381544,0.0,0.26796805678793256,0.0,0.2573203194321207,0.0,0.3762200532386868,0.0,0.07985803016858918,0.0,0.016740434452070463,0.015151515151515152,1.1197870452528838,1.0,0.37888198757763975,0.0,0.0038847480021144258,0.003236245954692557,0.0014210809174297217,0.0,27.446969696969695,27.446969696969695,1.9856683093633714,1.9856683093633714,12.876632735396484,12.876632735396484,17.782074390810656,17.782074390810656,13.338416740402455,13.338416740402455
2024-09-01,1175,283.6272340425532,268.0,12.708936170212766,12.0,0.05276595744680851,0.0,0.1937583484836238,0.0,0.8212765957446808,0.0,2.762391623283405,0.0,1.3046808510638297,1.0,4.604499183721727,3.1545741324921135,2.64,2.0,12.586382978723405,12.0,0.9294066913181249,0.8888888888888888,12.041702127659574,12.0,2.798830249577406,2.805663684804723,0.002553191489361702,0.0,0.2051063829787234,0.0,0.05872340425531915,0.0,0.18382978723404256,0.0,0.08936170212765958,0.0,0.006808510638297872,0.0,0.13702127659574467,0.0,0.09787234042553192,0.0,0.06723404255319149,0.0,0.005106382978723404,0.0,0.007659574468085106,0.0,0.001702127659574468,0.0,0.04425531914893617,0.0,0.14042553191489363,0.0,0.2868085106382979,0.0,0.1974468085106383,0.0,0.4204255319148936,0.0,0.07659574468085106,0.0,0.01647094771716449,0.015337423312883436,1.1974468085106382,1.0,0.4034042553191489,0.0,0.004157518400163508,0.0032258064516129032,0.0015047316198558564,0.0,19.615384615384613,19.615384615384613,2.1516350210970465,2.1516350210970465,11.862583465189914,11.862583465189914,15.618397415611815,15.618397415611815,13.563689541892707,13.563689541892707
2024-10-01,1169,283.3635585970915,263.0,12.652694610778443,12.0,0.05902480752780154,0.0,0.22584179081439,0.0,0.8879384088964928,0.0,3.0132792217876827,0.0,1.2147134302822926,1.0,4.23143705766123,3.048780487804878,2.756201881950385,2.0,12.846022241231822,12.0,0.9505867777923338,0.9,12.11120615911035,12.0,2.79344791138304,2.794900842379971,0.003421727972626176,0.0,0.19076133447390933,0.0,0.07271171941830624,0.0,0.16082121471343028,0.0,0.08639863130881095,0.0,0.0025662959794696323,0.0,0.10008554319931566,0.0,0.12061591103507271,0.0,0.06159110350727117,0.0,0.00427715996578272,0.0,0.000855431993156544,0.0,0.003421727972626176,0.0,0.033361847733105215,0.0,0.1394354148845167,0.0,0.2745936698032506,0.0,0.24037639007698888,0.0,0.3900769888793841,0.0,0.0855431993156544,0.0,0.016626057251964428,0.014925373134328358,1.1171941830624466,1.0,0.3609923011120616,0.0,0.0038332620085861895,0.003115264797507788,0.0013843622674065748,0.0,24.94298245614035,24.94298245614035,2.1503095799369483,2.1503095799369483,-2.479125755565363,-2.479125755565363,19.484574671974055,19.484574671974055,14.492362612413388,14.492362612413388
2024-11-01,1142,288.0323992994746,264.0,12.974605954465849,12.0,0.07267950963222417,0.0,0.24065236758635,0.0,0.9071803852889667,0.0,3.049330653072928,0.0,1.3047285464098073,1.0,4.445021787321883,3.3112582781456954,2.641856392294221,2.0,12.987740805604203,12.0,0.9412411062767183,0.9,11.942206654991244,12.0,2.796217452452684,2.7981491837474723,0.0008756567425569177,0.0,0.2031523642732049,0.0,0.06742556917688267,0.0,0.1681260945709282,0.0,0.09632224168126094,0.0,0.0070052539404553416,0.0,0.1243432574430823,0.0,0.10157618213660245,0.0,0.07267950963222417,0.0,0.00788091068301226,0.0,0.0043782837127845885,0.0,0.0008756567425569177,0.0,0.04903677758318739,0.0,0.13660245183887915,0.0,0.3283712784588441,0.0,0.22679509632224168,0.0,0.43695271453590195,0.0,0.10683012259194395,0.0,0.01649202175905869,0.015278847725097463,1.2180385288966724,1.0,0.37478108581436076,0.0,0.0041776283837548145,0.003372690872690873,0.0013698791023666421,0.0,23.960317460317462,23.960317460317462,2.1209174498201646,2.1209174498201646,13.05503675235127,13.05503675235127,15.804478138419498,15.804478138419498,14.782804934585428,14.782804934585428
2024-12-01,1061,284.9000942507069,266.0,12.794533459000942,12.0,0.07917059377945335,0.0,0.26449558001104695,0.0,0.8897266729500471,0.0,2.9263646049679086,0.0,1.3675777568331762,1.0,4.81529543211582,3.4602076124567476,2.75306314797361,2.0,12.90009425070688,12.0,0.9489396699312025,0.9166666666666666,11.865221489161168,12.0,2.793933301039444,2.7993842025467663,0.001885014137606032,0.0,0.22808671065032987,0.0,0.08953817153628653,0.0,0.15739868049010367,0.0,0.07257304429783223,0.0,0.005655042412818096,0.0,0.14514608859566447,0.0,0.10838831291234684,0.0,0.08294062205466542,0.0,0.011310084825636193,0.0,0.007540056550424128,0.0,0.001885014137606032,0.0,0.05560791705937795,0.0,0.13289349670122527,0.0,0.31196983977379833,0.0,0.2535344015080113,0.0,0.3826578699340245,0.0,0.09613572101790764,0.0,0.017039387335889302,0.015706806282722512,1.169651272384543,1.0,0.40150801131008484,0.0,0.004059903172374941,0.003278688524590164,0.001481483394574018,0.0,21.334415584415584,21.334415584415584,1.9989246843076565,1.9989246843076565,19.445007442380387,19.445007442380387,14.679389497058711,14.679389497058711,12.885859881269536,12.885859881269536
2025-01-01,1068,283.82771535580525,269.0,12.677902621722847,12.0,0.054307116104868915,0.0,0.1926397604475658,0.0,0.9316479400749064,0.0,3.1309832666459587,0.0,1.3361423220973783,1.0,4.635672031176515,3.273331190399657,2.6282771535580522,2.0,13.049625468164795,12.0,0.9663836768262555,0.9285714285714286,11.985955056179776,12.0,2.793996947012647,2.797640739323676,0.0009363295880149813,0.0,0.21067415730337077,0.0,0.07771535580524344,0.0,0.19382022471910113,0.0,0.09831460674157304,0.0,0.00749063670411985,0.0,0.15917602996254682,0.0,0.09831460674157304,0.0,0.05898876404494382,0.0,0.020599250936329586,0.0,0.0056179775280898875,0.0,0.0,0.0,0.04588014981273408,0.0,0.15355805243445692,0.0,0.31647940074906367,0.0,0.25187265917602997,0.0,0.449438202247191,0.0,0.08052434456928839,0.0,0.016909526766035438,0.01518032031340016,1.0749063670411985,1.0,0.448501872659176,0.0,0.003821459828432809,0.0028249489274770174,0.0016156494649781905,0.0,19.9,19.9,2.1404523185598725,2.1404523185598725,15.112982038784892,15.112982038784892,15.46375317333425,15.46375317333425,14.048079151981938,14.048079151981938
2025-02-01,1117,279.04476275738585,262.0,12.472694717994628,12.0,0.08683974932855863,0.0,0.33969313687023084,0.0,0.7994628469113697,0.0,2.8152519078511924,0.0,1.2220232766338406,1.0,4.312976987471571,3.0864197530864197,2.7350044762757384,2.0,12.803043867502238,12.0,0.96097292922236,0.92,11.879140555058191,12.0,2.792376392760944,2.7954539504264315,0.0017905102954341987,0.0,0.25156669650850494,0.0,0.09310653536257833,0.0,0.20143240823634737,0.0,0.08952551477170993,0.0,0.006266786034019696,0.0,0.1575649059982095,0.0,0.09579230080572963,0.0,0.06624888093106536,0.0,0.008057296329453895,0.0,0.007162041181736795,0.0,0.0008952551477170994,0.0,0.044762757385854966,0.0,0.1468218442256043,0.0,0.3160250671441361,0.0,0.23813786929274844,0.0,0.4368845120859445,0.0,0.06893464637421665,0.0,0.01764179503273468,0.016666666666666666,1.135183527305282,1.0,0.38854073410922113,0.0,0.004062519592007446,0.0034129692832764505,0.0014517705125539045,0.0,21.52139037433155,21.52139037433155,2.1142071723103837,2.1142071723103837,21.07922921662673,21.07922921662673,14.25401918465228,14.25401918465228,14.958064486910471,14.958064486910471
2025-03-01,1244,286.13263665594855,265.0,12.764469453376206,12.0,0.08922829581993569,0.0,0.3162370712432828,0.0,0.9453376205787781,0.0,3.216328476517171,0.0,1.4855305466237942,1.0,5.142885055772566,3.3557046979865772,2.9059485530546625,2.0,13.356109324758842,12.0,0.9815106445502599,0.9375,11.938102893890676,12.0,2.7921490950657284,2.793595409102839,0.0008038585209003215,0.0,0.24437299035369775,0.0,0.08360128617363344,0.0,0.21141479099678456,0.0,0.11173633440514469,0.0,0.003215434083601286,0.0,0.12620578778135047,0.0,0.09807073954983923,0.0,0.07234726688102894,0.0,0.008842443729903537,0.0,0.002411575562700965,0.0,0.001607717041800643,0.0,0.04019292604501608,0.0,0.15434083601286175,0.0,0.3536977491961415,0.0,0.24678456591639872,0.0,0.4991961414790997,0.0,0.08118971061093247,0.0,0.018048419020810398,0.016722408026755852,1.0916398713826367,1.0,0.4003215434083601,0.0,0.0038187767965906527,0.003058132575190783,0.0014296499748199685,0.0,28.166666666666664,28.166666666666664,1.9857062117189348,1.9857062117189348,16.144304033356036,16.144304033356036,17.448013444520086,17.448013444520086,13.8244836608426,13.8244836608426
2025-04-01,1116,279.1666666666667,262.0,12.473118279569892,12.0,0.0931899641577061,0.0,0.32187285800178617,0.0,0.9247311827956989,0.0,3.1660686410646757,0.0,1.3691756272401434,1.0,5.064521757258958,3.305794155574498,2.824372759856631,2.0,12.82168458781362,12.0,0.9663105316103195,0.9285714285714286,11.900537634408602,11.0,2.7853290576277545,2.78476757619407,0.0017921146953405018,0.0,0.23745519713261648,0.0,0.07347670250896057,0.0,0.20878136200716846,0.0,0.12186379928315412,0.0,0.002688172043010753,0.0,0.14157706093189965,0.0,0.11648745519713262,0.0,0.06989247311827956,0.0,0.008064516129032258,0.0,0.0017921146953405018,0.0,0.0,0.0,0.042114695340501794,0.0,0.19444444444444445,0.0,0.36917562724014336,0.0,0.2482078853046595,0.0,0.496415770609319,0.0,0.07526881720430108,0.0,0.018596831823484025,0.017574746725969856,1.0788530465949822,1.0,0.3960573476702509,0.0,0.0039030661415828936,0.003003003003003003,0.0014961023736041427,0.0,22.805555555555557,22.805555555555557,2.1184394618834084,2.1184394618834084,13.429131147541,13.429131147541,17.02554553734062,17.02554553734062,14.209250763726256,14.209250763726256
2025-05-01,1260,279.1039682539683,266.0,12.71031746031746,12.0,0.14365079365079364,0.0,0.4808635699812763,0.0,0.8515873015873016,0.0,2.945261183600729,0.0,1.5396825396825398,1.0,5.479558971764197,3.6496350364963503,2.8404761904761906,2.0,12.817460317460318,12.0,0.941102279549952,0.9090909090909091,11.855555555555556,11.0,2.785640480598833,2.7896326372376126,0.0,0.0,0.21587301587301588,0.0,0.08174603174603175,0.0,0.2,0.0,0.10873015873015873,0.0,0.002380952380952381,0.0,0.13412698412698412,0.0,0.1,0.0,0.05555555555555555,0.0,0.007936507936507936,0.0,0.002380952380952381,0.0,0.0,0.0,0.04365079365079365,0.0,0.2119047619047619,0.0,0.36587301587301585,0.0,0.24682539682539684,0.0,0.5388888888888889,0.0,0.07301587301587302,0.0,0.01854231071893985,0.01694915254237288,1.0563492063492064,1.0,0.3817460317460317,0.0,0.0037660049041321757,0.0030581039755351682,0.0014456322368480519,0.0,22.304621848739494,22.304621848739494,2.137504918986432,2.137504918986432,10.04450337608273,10.04450337608273,15.717233177646463,15.717233177646463,15.116634003216955,15.116634003216955
2025-06-01,1246,287.7792937399679,268.0,13.186998394863563,12.0,0.12279293739967898,0.0,0.422858887720689,0.0,0.992776886035313,0.0,3.399087411716501,0.0,1.4895666131621188,1.0,5.193527330314567,3.514949345193971,2.826645264847512,2.0,13.194221508828251,12.0,0.9433009285622128,0.9090909090909091,11.78812199036918,12.0,2.794685782272112,2.797472834444001,0.0,0.0,0.2247191011235955,0.0,0.09069020866773676,0.0,0.16934189406099517,0.0,0.0971107544141252,0.0,0.0040128410914927765,0.0,0.11797752808988764,0.0,0.09791332263242375,0.0,0.045746388443017656,0.0,0.0072231139646869984,0.0,0.0008025682182985554,0.0,0.0,0.0,0.026484751203852328,0.0,0.18057784911717495,0.0,0.3475120385232745,0.0,0.2592295345104334,0.0,0.5353130016051364,0.0,0.06019261637239166,0.0,0.01774271639535348,0.016366655951998287,1.081059390048154,1.0,0.4261637239165329,0.0,0.003627321408118532,0.0029806325515280736,0.0014969456091340789,0.0,29.083333333333332,29.083333333333332,1.9880698480405226,1.9880698480405226,15.236142297516423,15.236142297516423,17.512388580610043,17.512388580610043,13.626562134131403,13.626562134131403
2025-07-01,1210,281.22644628099175,266.0,12.808264462809918,12.0,0.17768595041322313,0.0,0.6018881349040195,0.0,0.9537190082644628,0.0,3.2429625092006407,0.0,1.5404958677685952,1.0,5.538812759168318,3.6363636363636362,2.852892561983471,2.0,13.047107438016528,12.0,0.9519216071583373,0.9090909090909091,11.769421487603307,11.0,2.7910082876556706,2.7950736363089153,0.0,0.0,0.22479338842975208,0.0,0.07851239669421488,0.0,0.1743801652892562,0.0,0.09173553719008265,0.0,0.004132231404958678,0.0,0.11487603305785124,0.0,0.1322314049586777,0.0,0.045454545454545456,0.0,0.008264462809917356,0.0,0.001652892561983471,0.0,0.0,0.0,0.04628099173553719,0.0,0.17603305785123968,0.0,0.3760330578512397,0.0,0.24049586776859505,0.0,0.6041322314049586,0.0,0.05289256198347107,0.0,0.018432250079458878,0.016865784857535676,1.1371900826446282,1.0,0.4132231404958678,0.0,0.003993215067395741,0.0031545741324921135,0.0015406604120737806,0.0,25.810457516339866,25.810457516339866,2.0112306604884944,2.0112306604884944,9.032352409476019,9.032352409476019,18.141184231827754,18.141184231827754,13.465645668069723,13.465645668069723
2025-08-01,1383,283.19812002892263,271.0,13.02819956616052,13.0,0.1735357917570499,0.0,0.6254248400177053,0.0,1.1590744757772957,0.0,4.006347641885834,0.0,1.6037599421547362,1.0,5.788338181952316,3.7037037037037037,2.9074475777295734,2.0,13.237888647866956,13.0,0.9584872500403899,0.9230769230769231,11.767172812725958,11.0,2.7891123544102583,2.7919631372159506,0.0,0.0,0.24005784526391902,0.0,0.08966015907447578,0.0,0.17064352856109907,0.0,0.1012292118582791,0.0,0.0,0.0,0.10556760665220535,0.0,0.10773680404916848,0.0,0.05133767172812726,0.0,0.01012292118582791,0.0,0.0021691973969631237,0.0,0.0,0.0,0.04338394793926247,0.0,0.19305856832971802,0.0,0.4135936370209689,0.0,0.22559652928416485,0.0,0.5242227042660882,0.0,0.0650759219088937,0.0,0.0184482015542034,0.01680672268907563,1.0650759219088937,1.0,0.4049168474331164,0.0,0.0037370778587785146,0.002840909090909091,0.001484757062285091,0.0,25.285714285714285,25.285714285714285,2.0712314767501274,2.0712314767501274,12.920506652537412,12.920506652537412,16.62210945148105,16.62210945148105,13.853558246034552,13.853558246034552
2025-09-01,1446,284.54218533886586,268.0,13.001383125864454,12.0,0.13278008298755187,0.0,0.46872948456835756,0.0,1.0988934993084372,0.0,3.7309028050228816,0.0,1.56984785615491,1.0,5.425656447163379,3.6900369003690034,2.9688796680497926,2.0,13.341632088520056,12.0,0.9628488991189537,0.9333333333333333,11.795988934993085,11.0,2.7883428108178587,2.7901170663072863,0.0,0.0,0.22614107883817428,0.0,0.07745504840940526,0.0,0.17219917012448133,0.0,0.09197786998616875,0.0,0.002074688796680498,0.0,0.10442600276625173,0.0,0.10650069156293222,0.0,0.040110650069156296,0.0,0.007607192254495159,0.0,0.002074688796680498,0.0,0.0006915629322268327,0.0,0.035269709543568464,0.0,0.17911479944674966,0.0,0.39073305670816044,0.0,0.27385892116182575,0.0,0.6092669432918395,0.0,0.05739972337482711,0.0,0.018642440554267663,0.01684447470964325,1.0546334716459198,1.0,0.4218533886583679,0.0,0.003680907137742074,0.003044147082808214,0.0015092105703677092,0.0,29.19047619047619,29.19047619047619,1.9375652206320813,1.9375652206320813,14.685494138778623,14.685494138778623,17.810896010588017,17.810896010588017,14.25176707506145,14.25176707506145
2025-10-01,1438,284.1981919332406,267.0,12.863004172461752,12.0,0.1592489568845619,0.0,0.5578376800881581,0.0,1.0737134909596662,0.0,3.5419365150595623,0.0,1.5257301808066759,1.0,5.215562615930798,3.558718861209964,3.0285118219749654,3.0,13.242002781641169,12.0,0.9593015047236568,0.9166666666666666,11.77538247566064,11.0,2.7906751591975607,2.791867308658566,0.0,0.0,0.22739916550764952,0.0,0.08762169680111266,0.0,0.16968011126564672,0.0,0.09666203059805285,0.0,0.0013908205841446453,0.0,0.09666203059805285,0.0,0.1105702364394993,0.0,0.0458970792767733,0.0,0.0034770514603616135,0.0,0.0006954102920723226,0.0,0.0,0.0,0.037552155771905425,0.0,0.1599443671766342,0.0,0.38873435326842837,0.0,0.2510431154381085,0.0,0.5771905424200278,0.0,0.0521557719054242,0.0,0.018526105387490097,0.017341040462427744,1.0785813630041725,1.0,0.4478442280945758,0.0,0.0037609040485722073,0.0031496141102712143,0.0016614728690595053,0.0,22.819444444444443,22.819444444444443,2.2620491584290674,2.2620491584290674,-7.281833133971276,-7.281833133971276,19.957783758639025,19.957783758639025,14.700080329611911,14.700080329611911
2025-11-01,1235,290.86072874493925,271.0,13.11417004048583,13.0,0.12226720647773279,0.0,0.3985521795447482,0.0,1.2121457489878542,0.0,4.032012563925788,0.0,1.528744939271255,1.0,5.197645924700389,3.6363636363636362,2.9587044534412956,2.0,13.606477732793522,13.0,0.977322993650381,0.9285714285714286,11.724696356275304,11.0,2.7871513932220635,2.7864875158423867,0.0008097165991902834,0.0,0.22105263157894736,0.0,0.08016194331983806,0.0,0.16194331983805668,0.0,0.09149797570850203,0.0,0.0,0.0,0.09959514170040486,0.0,0.10526315789473684,0.0,0.0340080971659919,0.0,0.0072874493927125505,0.0,0.0024291497975708503,0.0,0.0008097165991902834,0.0,0.03076923076923077,0.0,0.16680161943319838,0.0,0.36761133603238866,0.0,0.31659919028340083,0.0,0.6186234817813765,0.0,0.04696356275303644,0.0,0.01823687441299155,0.01627906976744186,1.1303643724696357,1.0,0.43724696356275305,0.0,0.0038487849006620806,0.003125,0.001582507137885405,0.0,24.952380952380953,24.952380952380953,2.2019952053205474,2.2019952053205474,0.5195784792329903,0.5195784792329903,18.748535005260656,18.748535005260656,14.497449697637716,14.497449697637716
2025-12-01,1241,291.96051571313455,271.0,13.26672038678485,13.0,0.12248186946011282,0.0,0.40280242571927166,0.0,1.2207896857373086,0.0,4.127631147311829,0.0,1.5503626107977437,1.0,5.277975722954405,3.4364261168384878,2.998388396454472,2.0,13.780016116035455,13.0,0.9765845796801599,0.9285714285714286,11.543110394842868,11.0,2.786122858894808,2.7863294364702487,0.0,0.0,0.23207091055600323,0.0,0.088638195004029,0.0,0.15551974214343273,0.0,0.1442385173247381,0.0,0.0,0.0,0.10556003223207092,0.0,0.09105560032232071,0.0,0.0378726833199033,0.0,0.004834810636583401,0.0,0.0008058017727639,0.0,0.0008058017727639,0.0,0.028203062046736505,0.0,0.1716357775987107,0.0,0.3843674456083803,0.0,0.2634971796937953,0.0,0.6583400483481063,0.0,0.04754230459307011,0.0,0.01839603900535656,0.0171990171990172,1.1007252215954875,1.0,0.48186946011281223,0.0,0.003706885144838761,0.003205128205128205,0.0017283574687582248,0.0,18.966063348416288,18.966063348416288,2.0450305055568214,2.0450305055568214,27.07016223155931,27.07016223155931,12.809756069094309,12.809756069094309,13.978506197478993,13.978506197478993
2026-01-01,1145,288.7816593886463,267.0,13.02532751091703,12.0,0.12314410480349346,0.0,0.3651076316523783,0.0,1.2777292576419215,0.0,4.3648730832949685,0.0,1.560698689956332,1.0,5.3525152113333325,3.4602076124567476,2.97292576419214,2.0,13.400873362445415,13.0,0.9716446956672397,0.9285714285714286,11.575545851528384,11.0,2.7831814294265307,2.787535819469765,0.0,0.0,0.22358078602620088,0.0,0.07074235807860262,0.0,0.12838427947598252,0.0,0.11877729257641921,0.0,0.0017467248908296944,0.0,0.09344978165938865,0.0,0.09519650655021834,0.0,0.034934497816593885,0.0,0.0069868995633187774,0.0,0.0,0.0,0.0008733624454148472,0.0,0.0445414847161572,0.0,0.15982532751091702,0.0,0.35283842794759823,0.0,0.3537117903930131,0.0,0.7266375545851529,0.0,0.03406113537117904,0.0,0.018698372231402145,0.01728395061728395,1.0978165938864628,1.0,0.46550218340611355,0.0,0.0037699526683385776,0.0030864197530864196,0.0016240256703240535,0.0,28.85576923076923,28.85576923076923,2.1226369196552684,2.1226369196552684,6.740045194572588,6.740045194572588,17.55628617184855,17.55628617184855,14.949295981522496,14.949295981522496
2026-02-01,1228,288.71986970684037,269.0,13.030130293159608,13.0,0.13762214983713356,0.0,0.449535888225394,0.0,1.254071661237785,0.0,4.2322795158011495,0.0,1.503257328990228,1.0,5.213545317457722,3.561890624900882,2.977198697068404,2.0,13.25814332247557,12.0,0.9565332727151299,0.9166666666666666,11.61156351791531,11.0,2.7841972066202496,2.7848104760133325,0.0,0.0,0.19462540716612378,0.0,0.06351791530944625,0.0,0.13680781758957655,0.0,0.10667752442996743,0.0,0.0008143322475570033,0.0,0.09609120521172639,0.0,0.07980456026058631,0.0,0.02280130293159609,0.0,0.008143322475570033,0.0,0.0008143322475570033,0.0,0.0,0.0,0.039902280130293157,0.0,0.1490228013029316,0.0,0.40960912052117265,0.0,0.2899022801302932,0.0,0.7019543973941368,0.0,0.03175895765472313,0.0,0.01810892657702173,0.01736881005173688,1.0618892508143323,1.0,0.501628664495114,0.0,0.003703161220485872,0.0031545741324921135,0.0017823700926821065,0.0,29.340909090909093,29.340909090909093,2.1119465329991645,2.1119465329991645,3.7154636812024364,3.7154636812024364,19.0068404810659,19.0068404810659,14.5319366676115,14.5319366676115
2026-03-01,1531,302.03069888961465,276.0,13.438275636838668,13.0,0.15022860875244937,0.0,0.47288429905738094,0.0,1.3324624428478118,0.0,4.3224630105721555,0.0,1.5682560418027434,1.0,5.167678931934212,3.6101083032490977,2.943174395819726,2.0,13.852384062704115,13.0,0.972055053062629,0.9333333333333333,11.652514696276944,11.0,2.78282526244758,2.783824610676494,0.0,0.0,0.19333768778576094,0.0,0.07642064010450686,0.0,0.14239059438275636,0.0,0.11234487263226649,0.0,0.0013063357282821686,0.0,0.09274983670803397,0.0,0.08425865447419988,0.0,0.028739386022207707,0.0,0.005225342913128674,0.0,0.001959503592423253,0.0,0.0006531678641410843,0.0,0.037883736120182886,0.0,0.1580666231221424,0.0,0.4023514043109079,0.0,0.3193990855649902,0.0,0.743958197256695,0.0,0.041802743305029394,0.0,0.017944543151788686,0.0165016501650165,1.1894186806009144,1.0,0.5127367733507512,0.0,0.0038421441309203215,0.0031847133757961785,0.001750817320391602,0.0,26.708333333333336,26.708333333333336,2.295677570093458,2.295677570093458,-6.11720416037123,-6.11720416037123,20.53175268261848,20.53175268261848,15.261890712589807,15.261890712589807
2026-04-01,945,291.6063492063492,271.0,13.038095238095238,12.0,0.13862433862433862,0.0,0.45668448185196603,0.0,1.42010582010582,0.0,4.6322226939158755,0.0,1.7693121693121694,1.0,6.161130326594789,3.802281368821293,2.9925925925925925,2.0,13.395767195767196,12.0,0.9732606381784046,0.9166666666666666,11.653968253968253,11.0,2.783359459100389,2.7800315799795077,0.0,0.0,0.22328042328042327,0.0,0.07195767195767196,0.0,0.11005291005291006,0.0,0.09523809523809523,0.0,0.0031746031746031746,0.0,0.08571428571428572,0.0,0.07301587301587302,0.0,0.022222222222222223,0.0,0.0010582010582010583,0.0,0.0021164021164021165,0.0,0.0,0.0,0.04021164021164021,0.0,0.16825396825396827,0.0,0.4126984126984127,0.0,0.291005291005291,0.0,0.8507936507936508,0.0,0.04338624338624339,0.0,0.018592271306465603,0.017595307917888565,1.1417989417989418,1.0,0.48994708994708996,0.0,0.0037803236089155694,0.003067484662576687,0.0017121102954762272,0.0,27.43181818181818,27.43181818181818,2.1840471156750225,2.1840471156750225,5.03152838398718,5.03152838398718,18.44527027268264,18.44527027268264,14.787530610523497,14.787530610523497
