feature,family,intervention_date,n_months,n_pre_months,n_post_months,pre_mean,post_mean,pre_slope_per_month,pre_slope_per_year,level_shift,level_shift_se,level_shift_ci_low,level_shift_ci_high,level_shift_p,slope_change_per_month,slope_change_per_year,slope_change_se,slope_change_per_year_se,slope_change_per_year_ci_low,slope_change_per_year_ci_high,slope_change_p,post_slope_per_month,post_slope_per_year,r_squared,model,hac_lags,placebo_year,slope_change_q
marker_adjectives_total_per_1k_words,adjectives,2021-01-01,83,19,64,1.2040310016719318,1.4969680181806835,-0.01526306144385179,-0.18315673732622148,0.019973260729263004,0.10775691982489868,-0.19123030212753842,0.23117682358606442,0.8529507700217484,0.028315889792118132,0.3397906775054176,0.008678548997071685,0.10414258796486023,0.13567120509429154,0.5439101499165436,0.0011033886782788405,0.013052828348266342,0.1566339401791961,0.5534700010786253,monthly_segmented_wls_hac,6,2021,0.006620332069673043
adjective_potential_per_1k_words,adjectives,2021-01-01,83,19,64,0.904064938032089,1.03347064968912,-0.011076275375751513,-0.13291530450901817,0.02876555955770589,0.06400110975232952,-0.09667661555685995,0.15420773467227172,0.6531041305581413,0.017959926661835657,0.21551911994202788,0.00613289953530405,0.07359479442364861,0.07127332287167663,0.3597649170123791,0.0034065000383574004,0.0068836512860841435,0.08260381543300972,0.4982385334119739,monthly_segmented_wls_hac,6,2021,0.010219500115072201
adjective_comprehensive_per_1k_words,adjectives,2021-01-01,83,19,64,0.16106790840995924,0.27010197242425144,-0.0018416127197992882,-0.022099352637591458,-0.0021332700014316773,0.02179508114716431,-0.04485162904987372,0.04058508904701037,0.922028766997904,0.0059386770026435215,0.07126412403172226,0.0021942431919190655,0.026330918303028784,0.019655524157785834,0.12287272390565868,0.0068000520670437,0.004097064282844233,0.0491647713941308,0.7146170207787654,monthly_segmented_wls_hac,6,2021,0.013600104134087401
adjective_pivotal_per_1k_words,adjectives,2021-01-01,83,19,64,0.030393498603873772,0.025105823386839345,-0.0019679005327433276,-0.02361480639291993,0.01227819161681562,0.006428673202027481,-0.00032200785915824197,0.024878391092789484,0.05614471452554583,0.0021979058488653964,0.026374870186384756,0.0010863953634196897,0.013036744361036277,0.0008228512387536569,0.05192688913401585,0.043060998917931116,0.00023000531612206877,0.002760063793464825,0.0973323286443778,monthly_segmented_wls_hac,6,2021,0.06459149837689668
adjective_crucial_per_1k_words,adjectives,2021-01-01,83,19,64,0.1055572124769109,0.1585255336664435,-0.0005392865400735278,-0.0064714384808823334,-0.01854653934494747,0.02431383951469761,-0.06620166479375479,0.029108586103859847,0.44558409017869477,0.002190582865351524,0.026286994384218287,0.002646380267152606,0.03175656320583127,-0.03595586949921101,0.08852985826764757,0.4078031922922433,0.001651296325277996,0.019815555903335953,0.23559412795295098,monthly_segmented_wls_hac,6,2021,0.48936383075069195
adjective_intricate_per_1k_words,adjectives,2021-01-01,83,19,64,0.0029474441490987932,0.009764039014029073,0.00016201372451586809,0.001944164694190417,-0.0003906810988793816,0.0034150952004451695,-0.0070842676917519136,0.00630290549399315,0.9089220583942139,2.8797413422037197e-05,0.0003455689610644464,0.0002127508491440922,0.002553010189729106,-0.004658331010804602,0.005349468932933496,0.8923292607310077,0.00019081113793790528,0.0022897336552548633,0.15867304059428466,monthly_segmented_wls_hac,6,2021,0.8923292607310077
causal_marker_thus_per_1k_words,causal_markers,2021-01-01,83,19,64,0.20428683077774912,0.1835755069084144,0.006536835614525416,0.078442027374305,-0.0045493569949687975,0.016673557798920664,-0.0372295302808533,0.028130816290915704,0.7849695947361925,-0.009593758863703016,-0.1151251063644362,0.0026145106736669248,0.0313741280840031,-0.17661839740908228,-0.053631815319790124,0.00024309372122567721,-0.0030569232491776,-0.0366830789901312,0.7698818512886337,monthly_segmented_wls_hac,6,2021,0.0012154686061283861
causal_marker_thereby_per_1k_words,causal_markers,2021-01-01,83,19,64,0.05014954452511878,0.05561620331630679,-0.001385819839191766,-0.01662983807030119,0.00563657826976259,0.006685801522533797,-0.007467592714403654,0.018740749253928834,0.3991910038141008,0.001916198913577959,0.022994386962935508,0.001087582368139691,0.013050988417676292,-0.0025855503357100247,0.04857432426158104,0.07808813079169294,0.000530379074386193,0.0063645488926343165,0.31341645655685846,monthly_segmented_wls_hac,6,2021,0.19522032697923236
causal_marker_accordingly_per_1k_words,causal_markers,2021-01-01,83,19,64,0.02909457549620621,0.01602601681259134,-0.0004964222714487965,-0.005957067257385559,0.000733095924197533,0.0038292560764137474,-0.006772245985573412,0.008238437833968477,0.8481761498603567,0.00031051074524958845,0.0037261289429950614,0.00044140091999231654,0.005296811039907799,-0.006655620695224224,0.014107878581214347,0.48176509791617766,-0.0001859115261992081,-0.002230938314390497,0.18640154202875914,monthly_segmented_wls_hac,6,2021,0.611017633157051
causal_marker_consequently_per_1k_words,causal_markers,2021-01-01,83,19,64,0.028275771089281358,0.030496228511420205,-0.00044390243679360273,-0.005326829241523233,0.012015279375606779,0.003120411383896178,0.00589927306317027,0.018131285688043286,0.00011785605536058853,0.00017151227622893395,0.0020581473147472072,0.00033721011293720164,0.00404652135524642,-0.005873034541535775,0.009989329171030192,0.611017633157051,-0.0002723901605646688,-0.0032686819267760256,0.1556432074794759,monthly_segmented_wls_hac,6,2021,0.611017633157051
causal_marker_hence_per_1k_words,causal_markers,2021-01-01,83,19,64,0.0638050052383223,0.04523778189338265,-0.0002926971776405076,-0.003512366131686091,0.0011797387547210995,0.0061924392790456235,-0.010957442232208322,0.01331691974165052,0.8489073381068392,-0.0005536902723191001,-0.0066442832678292015,0.0010495235293137529,0.012594282351765036,-0.03132907667728867,0.018040510141630266,0.5978023547159036,-0.0008463874499596076,-0.010156649399515293,0.6044705996514348,monthly_segmented_wls_hac,6,2021,0.611017633157051
contrast_marker_however_per_1k_words,contrast_markers,2021-01-01,83,19,64,1.0679313477279722,1.072220610790199,-0.010212614826194854,-0.12255137791433825,0.12320804052389946,0.04006059674264707,0.04468927090831119,0.20172681013948773,0.002101204610905426,0.010207108407218191,0.1224853008866183,0.00232292064754721,0.02787504777056652,0.06785020725630792,0.17712039451692865,1.1124080920616857e-05,-5.5064189766629995e-06,-6.6077027719956e-05,0.11932351009183917,monthly_segmented_wls_hac,6,2021,5.5620404603084285e-05
contrast_marker_nevertheless_per_1k_words,contrast_markers,2021-01-01,83,19,64,0.03446498990747203,0.027598128774521967,0.0007657017948966098,0.009188421538759317,-0.0024367827517654825,0.004784123907615138,-0.011813665610691151,0.006940100107160187,0.6105084929871941,-0.001018590613538428,-0.012223087362461135,0.0005916577578148507,0.007099893093778209,-0.02613887782626642,0.001692703101344152,0.08514426504428327,-0.0002528888186418181,-0.0030346658237018174,0.18364125683123544,monthly_segmented_wls_hac,6,2021,0.21286066261070818
contrast_marker_nonetheless_per_1k_words,contrast_markers,2021-01-01,83,19,64,0.019691248496056257,0.014279858888518217,-0.000859373563469976,-0.010312482761639711,0.004260597263752388,0.0036321156313652817,-0.0028583493737235647,0.01137954390122834,0.24078193559969352,0.0008608267935748808,0.01032992152289857,0.0006242816241333487,0.0074913794896001844,-0.0043531822767177925,0.02501302532251493,0.16792318658342062,1.453230104904858e-06,1.7438761258858296e-05,0.023271839393842808,monthly_segmented_wls_hac,6,2021,0.2798719776390344
contrast_marker_alternatively_per_1k_words,contrast_markers,2021-01-01,83,19,64,0.003394171213993507,0.003889346647115341,0.0002358519896277042,0.00283022387553245,-0.00317193010178498,0.0011282252735920174,-0.005383251638025334,-0.0009606085655446263,0.00493213159605424,-0.00024141231890934445,-0.0028969478269121334,0.00021527275021521246,0.0025832730025825493,-0.00796016291197393,0.0021662672581496635,0.2621068513217575,-5.560329281640252e-06,-6.672395137968302e-05,0.044550117078111295,monthly_segmented_wls_hac,6,2021,0.32763356415219685
contrast_marker_conversely_per_1k_words,contrast_markers,2021-01-01,83,19,64,0.01820354754481732,0.03461463981940234,0.000623213889989973,0.007478566679879676,-0.002928907827715963,0.004134418243389989,-0.01103236758476034,0.005174551929328414,0.4786839871678908,-0.00026235215346709985,-0.003148225841605198,0.0005661502526288987,0.006793803031546784,-0.016464079783436895,0.010167628100226499,0.6430800503365643,0.0003608617365228731,0.004330340838274477,0.29530748691226516,monthly_segmented_wls_hac,6,2021,0.6430800503365643
contrast_markers_total_per_1k_words,discourse_marker_totals,2021-01-01,83,19,64,1.143685304890311,1.152602584919757,-0.009447220715150546,-0.11336664858180655,0.11893101710638525,0.04349367869357049,0.03368340686698709,0.2041786273457834,0.00624857739873159,0.009545580114878192,0.1145469613785383,0.00233836438338002,0.02806037260056024,0.059548631081440234,0.16954529167563637,4.461884984336785e-05,9.835939972764607e-05,0.0011803127967317528,0.1122276161335376,monthly_segmented_wls_hac,6,2021,0.00022309424921683924
causal_markers_total_per_1k_words,discourse_marker_totals,2021-01-01,83,19,64,0.3756117271266778,0.33095173744211537,0.003917993889450743,0.04701592667340891,0.015015335329319153,0.01939902513022079,-0.023006753925913594,0.0530374245845519,0.4389158579284828,-0.007749227200965639,-0.09299072641158768,0.0031854781867385745,0.038225738240862894,-0.16791317336367895,-0.018068279459496395,0.014987824201373776,-0.003831233311514896,-0.04597479973817875,0.751266063729488,monthly_segmented_wls_hac,6,2021,0.03746956050343444
summary_markers_total_per_1k_words,discourse_marker_totals,2021-01-01,83,19,64,0.554335450953255,0.6880958715055584,0.010146557387673595,0.12175868865208314,0.014357514488976944,0.02730797651853177,-0.03916611948734532,0.06788114846529922,0.5990531184742652,-0.008813001047421363,-0.10575601256905635,0.004185578833228917,0.050226945998747004,-0.2042008267266005,-0.007311198411512225,0.03524230615522387,0.0013335563402522323,0.016002676083026787,0.44725980503325047,monthly_segmented_wls_hac,6,2021,0.058737176925373114
sequential_markers_total_per_1k_words,discourse_marker_totals,2021-01-01,83,19,64,0.8317927503096282,0.8980346152775271,-0.006012047525425656,-0.07214457030510787,0.16277664188178298,0.07491063419996749,0.01595179884984671,0.30960148491371925,0.029784503414729633,0.0053781484767508915,0.0645377817210107,0.005386549981138019,0.06463859977365623,-0.0621538738353555,0.19122943727737687,0.3180659091867997,-0.0006338990486747641,-0.00760678858409717,0.0995222743838412,monthly_segmented_wls_hac,6,2021,0.39758238648349964
emphasis_markers_total_per_1k_words,discourse_marker_totals,2021-01-01,83,19,64,0.3634533731688694,0.5469357706200095,0.008526113071457243,0.10231335685748691,-0.14967576309122438,0.0556068293973146,-0.258665148709961,-0.04068637747248777,0.00710932279707428,9.802292416025453e-05,0.0011762750899230543,0.002192096187103563,0.026305154245242754,-0.05038182723075275,0.052734377410598846,0.9643332617526981,0.008624135995617498,0.10348963194740998,0.7852689433864222,monthly_segmented_wls_hac,6,2021,0.964333261752698
emphasis_marker_remarkably_per_1k_words,emphasis_markers,2021-01-01,83,19,64,0.012445226682180103,0.014562352382163891,0.0006784714084701349,0.00814165690164162,-0.002094842597111281,0.0026757282217919932,-0.007339269911823588,0.003149584717601026,0.4336825513584399,-0.0008460033410501633,-0.010152040092601958,0.0005364572569334004,0.006437487083200804,-0.022769514775675535,0.0024654345904716176,0.11479113006860688,-0.00016753193258002834,-0.00201038319096034,0.18816332830381677,monthly_segmented_wls_hac,6,2021,0.5739556503430344
emphasis_marker_crucially_per_1k_words,emphasis_markers,2021-01-01,83,19,64,0.008226097387414562,0.006290144918051329,8.337452157900155e-05,0.0010004942589480186,-0.00647092168270303,0.0022454999220790435,-0.010872101529977956,-0.0020697418354281042,0.003955000411636952,8.539039089621272e-05,0.0010246846907545526,0.0003600927760637561,0.004321113312765074,-0.007444697402264992,0.009494066783774097,0.8125525119935124,0.00016876491247521427,0.0020251789497025712,0.1917749377940181,monthly_segmented_wls_hac,6,2021,0.8125525119935124
emphasis_marker_importantly_per_1k_words,emphasis_markers,2021-01-01,83,19,64,0.07319776637315858,0.05165418129315172,0.0005213131372825322,0.006255757647390386,-0.018167484347214317,0.0054474519220879545,-0.02884449011450671,-0.0074904785799219265,0.0008528632572950386,-0.0006304171747356271,-0.007565006096827525,0.0009227966999085191,0.011073560398902229,-0.029269184478675894,0.014139172285020844,0.4945061689120234,-0.00010910403745309494,-0.0013092484494371393,0.1763681911521735,monthly_segmented_wls_hac,6,2021,0.8125525119935124
emphasis_marker_notably_per_1k_words,emphasis_markers,2021-01-01,83,19,64,0.047433198522919585,0.10294942129565518,0.0014941190741848541,0.01792942889021825,-0.019182181016031082,0.01110874699570402,-0.040955325127610964,0.0025909630955487963,0.08421011101699011,0.0004917465767577605,0.005900958921093127,0.0008663330582706054,0.010395996699247265,-0.01447519460943151,0.026277112451617766,0.5702941163883644,0.0019858656509426148,0.023830387811311377,0.6894725547618985,monthly_segmented_wls_hac,6,2021,0.8125525119935124
emphasis_marker_particularly_per_1k_words,emphasis_markers,2021-01-01,83,19,64,0.22215108420319654,0.3714796707309874,0.0057488349299407255,0.0689860191592887,-0.10376033344816468,0.046111775422742154,-0.1941394132767393,-0.013381253619590056,0.02443678016307332,0.0009973064722920717,0.01196767766750486,0.0024843226632710177,0.029811871959252213,-0.04646359137262947,0.07039894670763919,0.6880962097712136,0.006746141402232797,0.08095369682679357,0.7637050092959987,monthly_segmented_wls_hac,6,2021,0.8125525119935124
word_finding_per_1k_words,marker_words,2021-01-01,83,19,64,0.8588917052631677,1.1705010354101766,-0.004799040578838674,-0.05758848694606409,-0.1280303100663676,0.058277308061421985,-0.24225383386675467,-0.013806786265980503,0.028026495511903074,0.020326166043417578,0.24391399252101092,0.004425295736276823,0.05310354883532187,0.13983103680378006,0.3479969482382418,4.365487491741311e-06,0.015527125464578904,0.18632550557494684,0.9040691137895078,monthly_segmented_wls_hac,6,2021,5.2385849900895735e-05
word_across_per_1k_words,marker_words,2021-01-01,83,19,64,0.8599126890689025,1.3399728827021524,-0.001465810298350227,-0.017589723580202724,-0.2532214195956013,0.1305192868409879,-0.5090392218039376,0.002596382612734982,0.052366652518024526,0.02531392814471944,0.3037671377366333,0.00707752864971971,0.08493034379663653,0.1373036638952257,0.4702306115780409,0.00034800961058724096,0.023848117846369213,0.28617741415643055,0.7995111254445723,monthly_segmented_wls_hac,6,2021,0.0020880576635234458
marker_words_total_per_1k_words,marker_words,2021-01-01,83,19,64,3.877152964278126,5.375323457998604,0.01814949100699949,0.2177938920839939,-0.6815249314396036,0.30639654682917994,-1.2820621632247962,-0.08098769965441088,0.026126710407341335,0.04868981365748025,0.5842777638897629,0.023013811610738042,0.2761657393288565,0.04299291480520423,1.1255626129743217,0.03437220758259048,0.06683930466447974,0.8020716559737568,0.9067187469529906,monthly_segmented_wls_hac,6,2021,0.1374888303303619
word_while_per_1k_words,marker_words,2021-01-01,83,19,64,0.8034692718058999,0.9677174643171749,0.002227596514890707,0.026731158178688486,-0.151674992923571,0.07481439795850195,-0.29831121292223484,-0.0050387729249071755,0.042626599755124873,0.007550142749036704,0.09060171298844046,0.004861285252347917,0.058335423028175,-0.023735716146782545,0.20493914212366346,0.12039528461384,0.009777739263927412,0.11733287116712894,0.7216620687134884,monthly_segmented_wls_hac,6,2021,0.36118585384152
word_interplay_per_1k_words,marker_words,2021-01-01,83,19,64,0.02786980730797242,0.03725693734442671,0.0008440637648200473,0.010128765177840567,-0.005755986802267271,0.0051121999752355915,-0.01577589875372903,0.004263925149194488,0.26019453013982197,-0.0003250451092815215,-0.003900541311378258,0.0005274476343641766,0.00632937161237012,-0.016306109671623693,0.008505027048867176,0.5377226462938572,0.0005190186555385258,0.00622822386646231,0.3461915219677888,monthly_segmented_wls_hac,6,2021,0.8554411745825465
word_notably_per_1k_words,marker_words,2021-01-01,83,19,64,0.047433198522919585,0.10294942129565518,0.0014941190741848541,0.01792942889021825,-0.019182181016031082,0.01110874699570402,-0.040955325127610964,0.0025909630955487963,0.08421011101699011,0.0004917465767577605,0.005900958921093127,0.0008663330582706054,0.010395996699247265,-0.01447519460943151,0.026277112451617766,0.5702941163883644,0.0019858656509426148,0.023830387811311377,0.6894725547618985,monthly_segmented_wls_hac,6,2021,0.8554411745825465
word_realm_per_1k_words,marker_words,2021-01-01,83,19,64,0.0023124754410325603,0.002493363752422966,-0.00011553029319225346,-0.0013863635183070416,0.0016312249222208202,0.0012764557147408313,-0.000870628278671209,0.00413307812311285,0.20127303977427857,0.00012866616123599113,0.0015439939348318936,0.00018526020312676188,0.0022231224375211427,-0.0028133260427095456,0.005901313912373332,0.48735871772482364,1.3135868043737668e-05,0.000157630416524852,0.02483744602957938,monthly_segmented_wls_hac,6,2021,0.8554411745825465
word_within_per_1k_words,marker_words,2021-01-01,83,19,64,0.7102225052558029,0.8384848028298906,0.007904337339277633,0.0948520480713316,-0.015526044814273193,0.044867258463063074,-0.10346587140187681,0.07241378177333042,0.7293096607941205,-0.005197130799599802,-0.06236556959519762,0.00627192461953714,0.07526309543444568,-0.20988123664671116,0.08515009745631591,0.40731146922805983,0.0027072065396778313,0.03248647847613398,0.3387281145399531,monthly_segmented_wls_hac,6,2021,0.8554411745825465
word_particularly_per_1k_words,marker_words,2021-01-01,83,19,64,0.22215108420319654,0.3714796707309874,0.0057488349299407255,0.0689860191592887,-0.10376033344816468,0.046111775422742154,-0.1941394132767393,-0.013381253619590056,0.02443678016307332,0.0009973064722920717,0.01196767766750486,0.0024843226632710177,0.029811871959252213,-0.04646359137262947,0.07039894670763919,0.6880962097712136,0.006746141402232797,0.08095369682679357,0.7637050092959987,monthly_segmented_wls_hac,6,2021,0.9174616130282848
word_additionally_per_1k_words,marker_words,2021-01-01,83,19,64,0.13244760263608227,0.2029195916093329,0.0019262782244298528,0.02311533869315823,0.017717979953524338,0.02624457653024904,-0.033721390045763786,0.06915734995281246,0.4996057865416168,-0.00038650675921256174,-0.004638081110550741,0.002224124194965604,0.02668949033958725,-0.05694948217614174,0.04767331995504026,0.8620389082898322,0.001539771465217291,0.018477257582607494,0.3288413645583247,monthly_segmented_wls_hac,6,2021,0.9557365048579519
word_meticulously_per_1k_words,marker_words,2021-01-01,83,19,64,0.0007371094259442422,0.002058291475112178,4.857971032569691e-05,0.0005829565239083629,-0.000383319752293533,0.0007420893934706699,-0.001837814963496046,0.00107117545890898,0.6054764652296902,-8.528409177081364e-06,-0.00010234091012497637,5.4695432887953176e-05,0.0006563451946554381,-0.001388777491649635,0.0011840956713996824,0.8760917961197893,4.005130114861554e-05,0.00048061561378338647,0.07587410686951901,monthly_segmented_wls_hac,6,2021,0.9557365048579519
word_insight_per_1k_words,marker_words,2021-01-01,83,19,64,0.2117055153472057,0.3394899965312719,0.0043360626195111905,0.052032751434134286,-0.02333954789677914,0.032390534367894346,-0.08682499525785206,0.04014589946429378,0.47117600684002314,-0.000200931412708329,-0.002411176952499948,0.00377574302322897,0.04530891627874764,-0.09121665285884532,0.08639429895384543,0.9575594969048798,0.0041351312068028615,0.04962157448163434,0.5867259142620167,monthly_segmented_wls_hac,6,2021,0.9575594969048798
certainty_ratio,other,2021-01-01,83,19,64,0.0017178445915117123,0.0016534144215331601,-2.0751934698652687e-05,-0.00024902321638383226,-0.0003897145060589003,0.00016351055907917172,-0.0007101952018540769,-6.923381026372372e-05,0.017152563918847,3.0467915379734263e-05,0.0003656149845568112,2.786509758263707e-05,0.00033438117099164486,-0.0002897721105868127,0.001021002079700435,0.27421478510512676,9.715980681081576e-06,0.00011659176817297892,0.5374266771661935,monthly_segmented_wls_hac,6,2021,0.3065198217843385
hedge_ratio,other,2021-01-01,83,19,64,0.004623736141436863,0.003972748889939886,-2.1064049357232714e-05,-0.0002527685922867926,-0.0002620168316343409,0.00010687260915886107,-0.00047148714558570856,-5.25465176829732e-05,0.0142193293121591,1.1556528526688333e-05,0.00013867834232026,1.1301656141462258e-05,0.0001356198736975471,-0.00012713661012693232,0.00040449329476745233,0.3065198217843385,-9.507520830544382e-06,-0.00011409024996653258,0.7589574373731318,monthly_segmented_wls_hac,6,2021,0.3065198217843385
phrase_deep_dive_per_1k_words,phrases,2021-01-01,83,19,64,0.0002456268420799125,0.0,5.477173601422389e-05,0.0006572608321706866,-0.0006947006286585386,0.0002286242500803927,-0.0011428041588161081,-0.00024659709850096887,0.002376699164509955,-5.477173601422382e-05,-0.0006572608321706859,2.9702166210792516e-05,0.0003564259945295102,-0.0013558557814485259,4.133411710715418e-05,0.06517852066942988,6.776263578034403e-20,8.131516293641283e-19,0.1837242383275135,monthly_segmented_wls_hac,6,2021,0.45624964468600915
phrase_intricate_web_per_1k_words,phrases,2021-01-01,83,19,64,0.0,5.5869017992505506e-05,5.399321986312769e-20,6.479186383575323e-19,0.00021338867625241944,0.0001539407815772431,-8.833525563897701e-05,0.0005151126081438159,0.16569384347663632,-4.569077616040676e-06,-5.4828931392488116e-05,3.291531641129519e-06,3.9498379693554227e-05,-0.0001322457555918544,2.2587892806878167e-05,0.1650971114665601,-4.569077616040622e-06,-5.4828931392487466e-05,0.04060863778470469,monthly_segmented_wls_hac,6,2021,0.5778398901329603
marker_phrases_total_per_1k_words,phrases,2021-01-01,83,19,64,0.0003822435298083185,0.0015841617563926162,7.883425660409688e-05,0.0009460110792491626,-0.000348609973381883,0.0007621134543737454,-0.001842352343954424,0.0011451323971906578,0.6473653849437737,-5.263502963756227e-05,-0.0006316203556507472,5.7165288812377225e-05,0.0006859834657485267,-0.00197614794851786,0.0007129072372163652,0.3571801431704204,2.6199226966534615e-05,0.00031439072359841535,0.03740683862366134,monthly_segmented_wls_hac,6,2021,0.8334203340643143
phrase_comprehensive_chapter_per_1k_words,phrases,2021-01-01,83,19,64,0.0,0.0,0.0,0.0,0.0,0.0,0.0,0.0,1.0,0.0,0.0,0.0,0.0,0.0,0.0,1.0,0.0,0.0,,monthly_segmented_wls_hac,6,2021,1.0
phrase_essential_insight_per_1k_words,phrases,2021-01-01,83,19,64,0.0,0.0,0.0,0.0,0.0,0.0,0.0,0.0,1.0,0.0,0.0,0.0,0.0,0.0,0.0,1.0,0.0,0.0,,monthly_segmented_wls_hac,6,2021,1.0
phrase_intricate_interplay_per_1k_words,phrases,2021-01-01,83,19,64,0.00013661668772840604,0.0015282927384001107,2.4062520589872935e-05,0.00028875024707847525,0.0001327019790242361,0.0007086184453722815,-0.0012561901739054358,0.001521594131953908,0.851450046735301,6.705783992702221e-06,8.046940791242666e-05,3.557566455004237e-05,0.0004269079746005085,-0.00075627022230457,0.0009172090381294232,0.8504897560912736,3.076830458257516e-05,0.0003692196549909019,0.05578975635246941,monthly_segmented_wls_hac,6,2021,1.0
phrase_meticulously_delve_per_1k_words,phrases,2021-01-01,83,19,64,0.0,0.0,0.0,0.0,0.0,0.0,0.0,0.0,1.0,0.0,0.0,0.0,0.0,0.0,0.0,1.0,0.0,0.0,,monthly_segmented_wls_hac,6,2021,1.0
em_dash_per_1k_words,punctuation,2021-01-01,83,19,64,0.12482500115980817,0.2031220365258918,-0.003152629513916755,-0.03783155416700106,-0.10352043378891837,0.045028348297915084,-0.19177599645283194,-0.015264871125004811,0.02150461010538389,0.009695325335785486,0.11634390402942582,0.0015725543232760716,0.01887065187931286,0.07935742634597262,0.15333038171287902,7.033375789336377e-10,0.0065426958218687305,0.07851234986242477,0.6500842226030576,monthly_segmented_wls_hac,6,2021,2.110012736800913e-09
colon_per_1k_words,punctuation,2021-01-01,83,19,64,4.040930618035439,4.608846112784223,0.04248580377424839,0.5098296452909807,-0.3492637604740617,0.1436899137174513,-0.6308959913602663,-0.06763152958785718,0.015070645272042028,-0.021669735273120622,-0.2600368232774475,0.026226893866796802,0.3147227264015616,-0.8768933670245083,0.35681972046961336,0.40866738906448663,0.020816068501127768,0.2497928220135332,0.6222249207901348,monthly_segmented_wls_hac,6,2021,0.6130010835967299
semicolon_per_1k_words,punctuation,2021-01-01,83,19,64,3.062891413422933,3.322574170505289,-0.0017626914365181095,-0.021152297238217314,0.2601687465294413,0.21291563528581095,-0.15714589863074818,0.6774833916896308,0.22173277736131394,0.010446228779340056,0.1253547453520807,0.040449090575661345,0.48538908690793614,-0.8260078649874742,1.0767173556916356,0.7962091804569275,0.008683537342821946,0.10420244811386335,0.2854630836227311,monthly_segmented_wls_hac,6,2021,0.7962091804569275
automated_readability_index,readability,2021-01-01,83,19,64,17.024404246245414,18.284923467870907,0.25996009663164305,3.1195211595797163,-1.3577052799136464,1.3556978230893741,-4.0148730131688195,1.2994624533415269,0.3165944395197505,-0.20711033504656112,-2.4853240205587337,0.20195151811881415,2.4234182174257697,-7.235223726713242,2.264575685595775,0.30510618454129546,0.05284976158508192,0.6341971390209831,0.2798835385140038,monthly_segmented_wls_hac,6,2021,0.47444575947137624
flesch_kincaid_grade,readability,2021-01-01,83,19,64,15.20537134958756,16.0984526559018,0.23336023368032133,2.800322804163856,-1.7394450377618729,1.0915820744936882,-3.8789459037695018,0.4000558282457558,0.11104621976867607,-0.1781388907471652,-2.1376666889659823,0.1682369223902163,2.0188430686825956,-6.094599103583869,1.8192657256519045,0.2896647804714526,0.055221342933156115,0.6626561151978734,0.32016011917652853,monthly_segmented_wls_hac,6,2021,0.47444575947137624
flesch_reading_ease,readability,2021-01-01,83,19,64,21.346823121903075,17.22012453904515,-0.9353564165307015,-11.224276998368417,9.667093574861838,3.7395359455384014,2.3376031216065707,16.996584028117105,0.00973493080267551,0.6074858551666337,7.2898302619996045,0.6352055223068709,7.622466267682451,-7.650203622657999,22.229864146657206,0.33888982819384017,-0.3278705613640678,-3.9344467363688134,0.37215128393581187,monthly_segmented_wls_hac,6,2021,0.47444575947137624
gunning_fog,readability,2021-01-01,83,19,64,18.477290082741934,19.55869837157021,0.28306801845587853,3.3968162214705426,-2.029836738116369,1.2507005618898646,-4.4812098394205035,0.4215363631877658,0.1045979979509539,-0.2222569748662634,-2.6670836983951607,0.19244965234874467,2.309395828184936,-7.193499521637635,1.859332124847314,0.24813803754786357,0.060811043589615144,0.7297325230753817,0.30932183969570104,monthly_segmented_wls_hac,6,2021,0.47444575947137624
smog_index,readability,2021-01-01,83,19,64,16.265203632307813,16.966153072173,0.21230853585925222,2.5477024303110265,-1.5411994894235441,0.9480162323578192,-3.3993113048448698,0.3169123259977815,0.104011357179777,-0.17047696834271475,-2.045723620112577,0.14553728119252185,1.7464473743102622,-5.468760473760691,1.377313233535537,0.2414529476185061,0.041831567516537466,0.5019788101984496,0.2753783530045356,monthly_segmented_wls_hac,6,2021,0.47444575947137624
avg_syllables_per_word,readability,2021-01-01,83,19,64,2.0164393403501912,2.033261613299098,0.002745031092290879,0.03294037310749055,-0.08859908171982506,0.022338534815189732,-0.13238260995759693,-0.04481555348205318,7.30277975650249e-05,0.00018192668582597306,0.0021831202299116767,0.0026151514074363043,0.03138181688923565,-0.0593252408729902,0.06369148133281355,0.9445387758792978,0.002926957778116852,0.03512349333740222,0.21051111731448302,monthly_segmented_wls_hac,6,2021,0.9630978978409949
dale_chall,readability,2021-01-01,83,19,64,13.515339197925558,13.888429862122855,0.017136311484571606,0.20563573781485928,-0.23496765722509583,0.21534832795502382,-0.6570503800169425,0.18711506556675084,0.27522664242815187,0.0010317109861731621,0.012380531834077946,0.022299344216651945,0.26759213059982334,-0.5121000441415757,0.5368611078097316,0.9630978978409949,0.01816802247074477,0.21801626964893722,0.2620885313784105,monthly_segmented_wls_hac,6,2021,0.9630978978409949
sequential_marker_further_per_1k_words,sequential_markers,2021-01-01,83,19,64,0.34858020437656134,0.34010992262529904,-0.004631416851916943,-0.055577002223003324,0.051698005723791254,0.028267005943136376,-0.003705325924756038,0.10710133737233854,0.06741205363525371,0.0044144824463646735,0.05297378935637608,0.0030323475047090123,0.03638817005650815,-0.01834702395437989,0.12429460266713205,0.14544874114357614,-0.00021693440555226994,-0.0026032128666272393,0.04537508990072758,monthly_segmented_wls_hac,6,2021,0.24719021240599937
sequential_marker_furthermore_per_1k_words,sequential_markers,2021-01-01,83,19,64,0.1567506508234515,0.1785469931783887,0.0009229771656564075,0.01107572598787689,0.03189661246572224,0.0171303583055903,-0.0016788898132347463,0.06547211474467923,0.06260403402801815,-0.0015492361373555439,-0.018590833648266525,0.001071755991870363,0.012861071902444355,-0.04379853457705746,0.006616867280524408,0.14831412744359962,-0.0006262589716991364,-0.007515107660389637,0.10872527302210144,monthly_segmented_wls_hac,6,2021,0.24719021240599937
sequential_marker_subsequently_per_1k_words,sequential_markers,2021-01-01,83,19,64,0.06686185994736918,0.059993223226603845,-0.0016088401530114803,-0.019306081836137762,0.018326188146887894,0.006840431317075416,0.004918942765420079,0.03173343352835571,0.007382071118570263,0.0015606769029135367,0.01872812283496244,0.0008775271370025908,0.010530325644031089,-0.0019113154273384947,0.03936756109726337,0.07532272753859313,-4.8163250097943595e-05,-0.0005779590011753231,0.057129335207183884,monthly_segmented_wls_hac,6,2021,0.24719021240599937
sequential_marker_moreover_per_1k_words,sequential_markers,2021-01-01,83,19,64,0.12715243252616382,0.11646488463790258,-0.0026210459105835003,-0.031452550927002006,0.043137855591857316,0.01350673594298823,0.016664653143600387,0.06961105804011425,0.0014041183432438173,0.0013387320240407872,0.016064784288489446,0.002403002069917884,0.02883602483901461,-0.04045382439597918,0.07258339297295807,0.5774535433698563,-0.0012823138865427131,-0.015387766638512558,0.45467412152950804,monthly_segmented_wls_hac,6,2021,0.7218169292123204
sequential_marker_additionally_per_1k_words,sequential_markers,2021-01-01,83,19,64,0.13244760263608227,0.2029195916093329,0.0019262782244298528,0.02311533869315823,0.017717979953524338,0.02624457653024904,-0.033721390045763786,0.06915734995281246,0.4996057865416168,-0.00038650675921256174,-0.004638081110550741,0.002224124194965604,0.02668949033958725,-0.05694948217614174,0.04767331995504026,0.8620389082898322,0.001539771465217291,0.018477257582607494,0.3288413645583247,monthly_segmented_wls_hac,6,2021,0.8620389082898322
summary_marker_in_summary_per_1k_words,summary_markers,2021-01-01,83,19,64,0.01950312172686659,0.021523372240325377,0.0004501061079737946,0.005401273295685535,0.005248460154567934,0.005203645357974744,-0.004950684747062564,0.015447605056198431,0.31316065755975375,-0.0006265364824263477,-0.007518437789116173,0.00042571689170807633,0.005108602700496916,-0.017531299082090127,0.002494423503857783,0.1410962388862645,-0.0001764303744525531,-0.002117164493430637,0.09847911276412313,monthly_segmented_wls_hac,6,2021,0.23516039814377412
summary_marker_overall_per_1k_words,summary_markers,2021-01-01,83,19,64,0.4679327738275208,0.5760961458745704,0.008321270906379956,0.09985525087655947,0.0059835682419845035,0.023970290201209804,-0.04099820055238671,0.05296533703635572,0.802877861791784,-0.00728002439282999,-0.08736029271395988,0.0037109201228003753,0.0445310414736045,-0.1746411340022247,-7.945142569506375e-05,0.04978761619851379,0.0010412465135499656,0.012494958162599587,0.355331400079949,monthly_segmented_wls_hac,6,2021,0.23516039814377412
summary_marker_ultimately_per_1k_words,summary_markers,2021-01-01,83,19,64,0.022545776659115033,0.040610239287745376,0.001358176494918758,0.016298117939025098,-0.00567598543984226,0.004877145289346103,-0.015235190206960621,0.0038832193272761014,0.24450808480726682,-0.0009519780303364935,-0.011423736364037922,0.000628318031502826,0.007539816378033911,-0.026201776464984387,0.003354303736908544,0.1297416894578498,0.00040619846458226456,0.004874381574987175,0.35557140039013935,monthly_segmented_wls_hac,6,2021,0.23516039814377412
summary_marker_collectively_per_1k_words,summary_markers,2021-01-01,83,19,64,0.01994856890770134,0.02938810033697258,9.663826382610234e-05,0.001159659165913228,-0.002526950982861315,0.0035439499640108722,-0.009473092912322624,0.0044191909465999945,0.4758257371911983,0.00020374303037886695,0.0024449163645464036,0.00048017480463092687,0.0057620976555711224,-0.008848795040372996,0.013738627769465803,0.6713396576027344,0.00030038129420496926,0.003604575530459631,0.21152244850830004,monthly_segmented_wls_hac,6,2021,0.7438428242596076
summary_marker_taken_together_per_1k_words,summary_markers,2021-01-01,83,19,64,0.02440520983205114,0.020478013765944714,-7.963438542501417e-05,-0.0009556126251001701,0.011328422515128151,0.0036390255421430533,0.004195932452527767,0.018460912577728535,0.0018517256721900597,-0.00015820517220740065,-0.0018984620664888078,0.0004841503041684683,0.0058098036500216195,-0.01328567722053118,0.009488753087553566,0.7438428242596076,-0.00023783955763241482,-0.0028540746915889778,0.20120242136638355,monthly_segmented_wls_hac,6,2021,0.7438428242596076
clause_depth,syntax,2021-01-01,83,19,64,11.91823194182058,12.04355348775198,0.020253814121519442,0.2430457694582333,0.20905741964024482,0.1043844103588292,0.004463975336939596,0.41365086394355005,0.045202542918312064,-0.02714514027802055,-0.3257416833362466,0.009177056258545646,0.11012467510254775,-0.5415860465372402,-0.10989732013525298,0.0030970694434858466,-0.006891326156501107,-0.08269591387801328,0.428241911695455,monthly_segmented_wls_hac,6,2021,0.013041462272141499
clause_depth_std,syntax,2021-01-01,83,19,64,2.2888601845251095,2.294906954188009,0.00372018884132862,0.04464226609594344,0.05071539315752788,0.02515411371547418,0.0014133302751984864,0.10001745603985726,0.04378044154896045,-0.00591384960922659,-0.07096619531071907,0.002049764167514084,0.02459717001016901,-0.11917664853065033,-0.022755742090787824,0.00391243868164245,-0.0021936607678979697,-0.026323929214775638,0.4592968279859462,monthly_segmented_wls_hac,6,2021,0.013041462272141499
sentence_depth_std,syntax,2021-01-01,83,19,64,2.2888601845251095,2.294906954188009,0.00372018884132862,0.04464226609594344,0.05071539315752788,0.02515411371547418,0.0014133302751984864,0.10001745603985726,0.04378044154896045,-0.00591384960922659,-0.07096619531071907,0.002049764167514084,0.02459717001016901,-0.11917664853065033,-0.022755742090787824,0.00391243868164245,-0.0021936607678979697,-0.026323929214775638,0.4592968279859462,monthly_segmented_wls_hac,6,2021,0.013041462272141499
coordination_per_sentence_std,syntax,2021-01-01,83,19,64,0.9632034894381963,0.9879216990492822,0.0029864832330114884,0.03583779879613786,0.02461609447871707,0.013180030841881903,-0.0012167659713714606,0.050448954928805606,0.06180653481548499,-0.003400866974104865,-0.04081040368925838,0.0017659273984642393,0.02119112878157087,-0.08234501610113729,0.0007242087226205247,0.05412623992361189,-0.0004143837410933767,-0.0049726048931205205,0.4470907910863934,monthly_segmented_wls_hac,6,2021,0.1353155998090297
avg_words_per_sentence,syntax,2021-01-01,83,19,64,23.487364153789557,24.31743885884682,0.3783729483469859,4.540475380163831,-2.255349696213431,1.8477810884518628,-5.877000629579083,1.36630123715222,0.22224814648676783,-0.3377689879463849,-4.053227855356619,0.2582051703998712,3.0984620447984543,-10.126213463161587,2.019757752448351,0.19082520277857093,0.04060396040060105,0.48724752480721256,0.09148814103104619,monthly_segmented_wls_hac,6,2021,0.38165040555714186
dependency_entropy,syntax,2021-01-01,83,19,64,2.792564006844745,2.794915279756408,0.0004595248887524823,0.005514298665029787,0.0022116722088060814,0.0024958947655258413,-0.002680281531624568,0.007103625949236731,0.3755507211437278,-0.0004700077370124213,-0.0056400928441490555,0.0004546161377486145,0.005455393652983374,-0.01633266440399647,0.005052478715698357,0.30120336875363884,-1.0482848259938987e-05,-0.00012579417911926785,0.22533496062622327,monthly_segmented_wls_hac,6,2021,0.45173436754773416
dependency_length,syntax,2021-01-01,83,19,64,3.514870967243843,3.555209159799709,0.0038160579549250126,0.045792695459100155,0.009333752243939841,0.01911820519138986,-0.02813792993118429,0.04680543441906397,0.6253991280334467,-0.0031429551596397418,-0.0377154619156769,0.0031358423157282263,0.037630107788738716,-0.11147047318160479,0.036039549350250985,0.3162140572834139,0.0006731027952852709,0.00807723354342325,0.46258389656661314,monthly_segmented_wls_hac,6,2021,0.45173436754773416
coordination_count,syntax,2021-01-01,83,19,64,11.944014784551507,13.369757831421511,0.045542057464062986,0.5465046895687559,0.48571218311266096,0.370819110804763,-0.2410932740646745,1.2125176402899964,0.19025135609528515,-0.013652771680033218,-0.16383326016039862,0.05904371747583404,0.7085246097100085,-1.5525414951920153,1.224874974871218,0.8171349026931924,0.03188928578402977,0.3826714294083572,0.8688926381688931,monthly_segmented_wls_hac,6,2021,0.8181682419259022
dependency_length_std,syntax,2021-01-01,83,19,64,0.8060094602330053,0.8194827339248568,0.0011140722208095113,0.013368866649714137,0.007652161188760054,0.012062980812930918,-0.015991281204584543,0.03129560358210465,0.5258519289695196,-0.0006960341181009013,-0.008352409417210816,0.00225202565368418,0.02702430784421016,-0.061320052791862735,0.0446152339574411,0.7572680936856269,0.00041803810270861,0.00501645723250332,0.44372918146609663,monthly_segmented_wls_hac,6,2021,0.8181682419259022
list_of_three_per_1k_words,syntax,2021-01-01,83,19,64,5.437508040656032,6.037954422067869,0.01606585675653977,0.19279028107847726,-0.08630884306033648,0.11919185174531602,-0.31992487248115586,0.1473071863604829,0.46899392437118553,0.0053580147487367995,0.0642961769848416,0.023305688243306373,0.2796682589196765,-0.4838536104977243,0.6124459644674074,0.8181682419259022,0.02142387150527657,0.25708645806331887,0.8258274012687544,monthly_segmented_wls_hac,6,2021,0.8181682419259022
verb_align_per_1k_words,verbs,2021-01-01,83,19,64,0.02317030554827083,0.0710468981825697,-0.0013393323161760232,-0.01607198779411228,-0.02112914562736218,0.008904886140847562,-0.038582722463423404,-0.0036755687913009594,0.017655796481776002,0.0037783315769207965,0.045339978923049556,0.0003800811452231699,0.004560973742678039,0.0364004703874006,0.05427948745869851,2.764439150733867e-23,0.0024389992607447733,0.029267991128937278,0.8848499600387092,monthly_segmented_wls_hac,6,2021,2.48799523566048e-22
verb_underscore_per_1k_words,verbs,2021-01-01,83,19,64,0.02331399238357005,0.15078647251219895,0.0008141741562374583,0.0097700898748495,-0.05856086808145087,0.025481956401373622,-0.10850550262814317,-0.008616233534758572,0.021554347458375357,0.004690529508808301,0.05628635410569961,0.0006187792325099868,0.007425350790119842,0.04173266655706472,0.0708400416543345,3.447684665534129e-14,0.0055047036650457595,0.0660564439805491,0.8556327087380812,monthly_segmented_wls_hac,6,2021,1.551458099490358e-13
marker_verbs_total_per_1k_words,verbs,2021-01-01,83,19,64,0.3289517503705368,0.9066521936707561,0.006868323255220645,0.08241987906264774,-0.21147403392126118,0.08682097887893231,-0.3816431525239685,-0.041304915318553875,0.014861029689357695,0.016090875843001624,0.1930905101160195,0.003628943878152256,0.04354732653782707,0.10773775010187842,0.27844327013016057,9.248422106194594e-06,0.02295919909822227,0.2755103891786672,0.8758096049060783,monthly_segmented_wls_hac,6,2021,2.774526631858378e-05
verb_showcase_per_1k_words,verbs,2021-01-01,83,19,64,0.004520706297682915,0.011065555063478847,-0.0004917574461025418,-0.005901089353230502,0.005094167378799343,0.0028493184525596902,-0.00049049678821765,0.010678831545816336,0.07379945353508349,0.0006047241708013471,0.007256690049616165,0.0002509069832386096,0.0030108837988633147,0.0013553578038440674,0.013158022295388263,0.015945840157679768,0.00011296672469880524,0.0013556006963856629,0.13250216186633978,monthly_segmented_wls_hac,6,2021,0.03587814035477948
verb_enhance_per_1k_words,verbs,2021-01-01,83,19,64,0.14099327581794263,0.3870243820242255,0.0032731534374197697,0.039277841249037236,-0.06635393475604286,0.03838261471071009,-0.14158385958903463,0.00887599007694892,0.08385389701133493,0.005911018520526945,0.07093222224632334,0.0027643219620408716,0.03317186354449046,0.005915369699122045,0.13594907479352464,0.03249038189602474,0.009184171957946715,0.11021006349536058,0.787441640927724,monthly_segmented_wls_hac,6,2021,0.05848268741284453
verb_foster_per_1k_words,verbs,2021-01-01,83,19,64,0.018631413470908093,0.024315866059326167,-0.00022115625961940624,-0.002653875115432875,-0.0008161443911476245,0.0037830223705423416,-0.008230868237410614,0.006598579455115365,0.8291914202943544,0.0007316267559579373,0.008779521071495247,0.00039475757092759353,0.004737090851131122,-0.0005051769967217529,0.018064219139712248,0.06383118864140581,0.0005104704963385311,0.006125645956062373,0.43857792423050945,monthly_segmented_wls_hac,6,2021,0.09574678296210871
verb_delve_per_1k_words,verbs,2021-01-01,83,19,64,6.699811976476691e-05,0.003561721123939211,-2.4688219941193033e-05,-0.0002962586392943164,0.0014081127420439113,0.001567268845135244,-0.001663734194421167,0.00447995967850899,0.36894567388182836,8.656103370935856e-05,0.0010387324045123027,6.143938023831469e-05,0.0007372725628597763,-0.0004063218186928588,0.0024837866277174644,0.15886911555658823,6.187281376816553e-05,0.0007424737652179864,0.0885652432142422,monthly_segmented_wls_hac,6,2021,0.17872775500116175
verb_garner_per_1k_words,verbs,2021-01-01,83,19,64,0.0047416951265023335,0.0026809466716260907,-0.00034002433490911115,-0.004080292018909333,0.0003052242140627353,0.001509098218894659,-0.0026526082949707964,0.0032630567230962667,0.8397165728118844,0.00038196558145017567,0.004583586977402108,0.0002591131504949546,0.003109357805939455,-0.0015107543222392247,0.01067792827704344,0.14044751412887246,4.194124654106451e-05,0.0005032949584927741,0.04825939955775338,monthly_segmented_wls_hac,6,2021,0.17872775500116175
verb_exhibit_per_1k_words,verbs,2021-01-01,83,19,64,0.11351336360589523,0.25617035203339156,0.0051979542383116945,0.06237545085974033,-0.07142144540016362,0.022529355997924192,-0.11557898315609505,-0.027263907644232206,0.0015236008836306103,-9.388130517323855e-05,-0.0011265756620788625,0.00101794379683291,0.012215325561994922,-0.025068613763588907,0.02281546243943118,0.9265181528107893,0.005104072933138456,0.061248875197661465,0.8380014710834984,monthly_segmented_wls_hac,6,2021,0.9265181528107893
