corpus,feature,family,pre_mean_abstract,post_mean_abstract,slope_change_per_year_abstract,slope_change_per_year_ci_low_abstract,slope_change_per_year_ci_high_abstract,standardized_slope_change_per_year_abstract,standardized_slope_change_per_year_ci_low_abstract,standardized_slope_change_per_year_ci_high_abstract,slope_change_q_abstract,pre_mean_title,post_mean_title,slope_change_per_year_title,slope_change_per_year_ci_low_title,slope_change_per_year_ci_high_title,standardized_slope_change_per_year_title,standardized_slope_change_per_year_ci_low_title,standardized_slope_change_per_year_ci_high_title,slope_change_q_title,standardized_slope_difference,same_direction,is_dependency_or_syntax
arxiv_ai,flesch_reading_ease,readability,21.628003442724964,12.978040361397936,-3.971237098107952,-4.147690100594016,-3.794784095621889,-3.4963845338067863,-3.6517385289459785,-3.341030538667594,0.0,0.4154380461095597,-0.4473567869772667,-0.3660401678036116,-1.0874719152407557,0.3553915796335325,-0.2049524131537014,-0.6088949051762271,0.1989900788688242,0.3199964651944952,3.2914321206530848,True,False
arxiv_ai,gunning_fog,readability,18.85760622992293,20.22612073246036,0.6570675195186502,0.6244526349247139,0.6896824041125865,4.023894969576652,3.824160747213926,4.223629191939379,0.0,18.576143425613807,19.160512034568896,0.1625217839322977,0.0709329942702937,0.2541105735943016,0.4701162093649913,0.2051832657654712,0.7350491529645115,0.0017683190133509,-3.553778760211661,True,False
arxiv_ai,smog_index,readability,16.679797331284277,17.509982719843315,0.3684024410897906,0.3493461685559039,0.3874587136236772,3.088840075983544,2.9290643206236946,3.2486158313433924,8.3213937354e-314,13.03878925958852,13.746999567958566,0.0763355233691935,0.0540924215685595,0.0985786251698274,0.2559797915337493,0.1813908673908899,0.3305687156766085,1.216773399246651e-10,-2.832860284449795,True,False
arxiv_ai,dale_chall,readability,12.765576805625107,13.639613892801668,0.3526492352237194,0.3337118679559553,0.3715866024914835,2.558246735711338,2.420868136364625,2.695625335058052,2.0224506458400416e-291,15.340812913168865,15.376075084572657,0.0527651998562839,-0.0036856889512255,0.1092160886637934,0.5251961909841817,-0.0366853495032412,1.0870777314716045,0.1171568417149302,-2.0330505447271565,True,False
arxiv_ai,flesch_kincaid_grade,readability,15.850331783690534,16.948621031009925,0.5394420098379332,0.5086759050169023,0.5702081146589641,3.440728191614141,3.2444924475057424,3.636963935722539,1.1394596905529377e-258,15.405768553712631,15.768522866604338,0.0564106446518546,-0.0325245393290843,0.1453458286327935,0.1830400251778001,-0.1055349133914961,0.4716149637470965,0.2494233933445052,-3.257688166436341,True,False
arxiv_ai,avg_syllables_per_word,readability,1.8862260633728527,1.9780262034629483,0.0415615311171404,0.0390393671045566,0.0440836951297242,4.154266046167649,3.902164161595314,4.406367930739982,8.733933048148834e-229,2.2087672781192573,2.167044684849334,-0.0059525264443827,-0.010031535048042,-0.0018735178407234,-0.3316264301145202,-0.5588756618948293,-0.1043771983342112,0.0098774154845882,-4.485892476282169,False,False
arxiv_ai,causal_marker_thus_per_1k_words,causal_markers,0.4436842833868747,0.3183373407714819,-0.105610470429942,-0.1122816708005785,-0.0989392700593054,-1.687849930491565,-1.7944680057262894,-1.5812318552568407,1.1168133931120781e-210,0.0003157642125472,0.000755396139008,0.0003145133913212,-0.0004713715122233,0.0011003982948658,0.1021914194561399,-0.1531576246179367,0.3575404635302165,0.6165437017507771,1.790041349947705,False,False
arxiv_ai,word_across_per_1k_words,marker_words,0.5269103433800514,1.868901825105446,0.8001358371524381,0.7228476397245513,0.8774240345803248,6.100739871010344,5.511445946512625,6.690033795508063,1.8475016636302352e-90,0.2099761609767682,0.4164250463487949,0.1155436043015357,0.0917642540050927,0.1393229545979787,0.8114449709051418,0.6444462492875932,0.9784436925226904,2.0070161209246135e-20,-5.289294900105202,True,False
arxiv_ai,automated_readability_index,readability,17.620280833781724,19.280642904039425,0.7776312084079705,0.6991283604577354,0.8561340563582056,2.9325511061767133,2.6365063858705464,3.2285958264828807,5.728868412816358e-84,17.185635407281335,18.045291389285094,0.0732555355834063,-0.0354678173802618,0.1819788885470745,0.144073114573859,-0.0697552598095898,0.3579014889573079,0.2494233933445052,-2.7884779916028544,True,False
arxiv_ai,clause_depth_std,syntax,2.193977706243287,2.106430960924831,-0.068563655537129,-0.0759403187267159,-0.0611869923475422,-1.9270922070276029,-2.134425232595677,-1.7197591814595288,1.8726097300518403e-73,0.0157952598246404,0.0285406882508404,0.001417037708556,0.0003663666789546,0.0024677087381574,0.1900582709449022,0.0491384365521901,0.3309781053376143,0.0205166111883865,2.117150477972505,False,True
arxiv_ai,sentence_depth_std,syntax,2.193977706243287,2.106430960924831,-0.068563655537129,-0.0759403187267159,-0.0611869923475422,-1.9270922070276029,-2.134425232595677,-1.7197591814595288,1.8726097300518403e-73,0.0157952598246404,0.0285406882508404,0.001417037708556,0.0003663666789546,0.0024677087381574,0.1900582709449022,0.0491384365521901,0.3309781053376143,0.0205166111883865,2.117150477972505,False,True
arxiv_ai,causal_marker_hence_per_1k_words,causal_markers,0.1412905572318394,0.0756368435478607,-0.035046653475378,-0.039604992367413,-0.030488314583343,-1.2563721797229497,-1.41978208057769,-1.0929622788682096,6.435822651309123e-51,0.0,0.000340760085817,0.0005508061915216,-0.0001970738166259,0.0012986861996692,,,,0.6165437017507771,,False,False
arxiv_ai,verb_align_per_1k_words,verbs,0.1068518953093884,0.3950551484633924,0.1309095945347447,0.1130444508696748,0.1487747381998145,3.1374793331590545,2.709309654440835,3.5656490118772743,8.040822022227523e-46,0.1051938941960874,0.4575938839756339,0.1294575690432121,0.1057539547663309,0.1531611833200932,1.2309863949825297,1.0055934194894194,1.4563793704756396,8.719792252286115e-26,-1.9064929381765248,True,False
arxiv_ai,clause_depth,syntax,11.33731480534559,11.170313930199528,-0.204476352186991,-0.2343363063255087,-0.1746163980484733,-2.13434199950914,-2.4460228053314856,-1.8226611936867936,1.502573835336393e-40,5.227112449186091,5.593408442341764,-0.0167260637349568,-0.0400370078616954,0.0065848803917817,-0.1055447848654195,-0.2526414731151721,0.041551903384333,0.2280336389985923,2.0287972146437205,True,True
arxiv_ai,sequential_marker_moreover_per_1k_words,sequential_markers,0.3460214400826173,0.3438504683502538,-0.0818425234624991,-0.0939857154251057,-0.0696993314998926,-1.5426928931915451,-1.771586323511512,-1.313799462871578,3.842145437997712e-39,0.0,0.0,0.0,0.0,0.0,,,,1.0,,False,False
arxiv_ai,marker_words_total_per_1k_words,marker_words,2.963775008834153,6.960023545265344,1.5914659265369386,1.3498326856183964,1.8330991674554808,3.944243430631971,3.345386548292585,4.543100312971355,2.398974403097578e-37,0.514319206561766,0.9228469311902544,0.1419863930911516,0.0824947523574745,0.2014780338248287,0.6034215002863864,0.3505906879495438,0.8562523126232292,1.7393397350160863e-05,-3.3408219303455846,True,False
arxiv_ai,dependency_entropy,syntax,2.7583225133779377,2.7712315585785707,-0.0064059760168627,-0.0075016663800914,-0.005310285653634,-0.5259673903307276,-0.6159298565405479,-0.4360049241209073,5.2877000617546684e-30,1.7333043837498827,1.8223907061533184,0.0014552976761646,-0.0037179454048128,0.006628540757142,0.0441297376163536,-0.1127411648307765,0.2010006400634837,0.5813784178177899,0.5700971279470812,False,True
arxiv_ai,word_while_per_1k_words,marker_words,1.2368341074828728,2.221378924111077,0.6082856592009358,0.5003240867826632,0.7162472316192086,3.242070220565256,2.666651429067725,3.8174890120627865,9.4596748652978e-28,0.046185663252608,0.0424949520106814,0.0060844390700229,-0.0005803911998479,0.0127492693398939,0.0616290994734303,-0.0058787649243072,0.1291369638711679,0.2942544857353824,-3.1804411210918255,True,False
arxiv_ai,list_of_three_per_1k_words,syntax,2.9968621278410565,3.899536394949636,0.5756033675354753,0.4467522179963616,0.7044545170745887,2.688280756695064,2.0864982006493182,3.2900633127408088,4.0566470431967866e-18,1.6401057287410414,1.861811096755282,0.0264149625229705,-0.0208131333104589,0.0736430583563999,0.0608488325418166,-0.0479446019420738,0.1696422670257071,0.3412172129657977,-2.6274319241532478,True,True
arxiv_ai,contrast_marker_nevertheless_per_1k_words,contrast_markers,0.0431937365380376,0.0527901519983517,-0.0222674653145135,-0.0274808739803298,-0.0170540566486972,-1.1343921661817828,-1.3999836857406598,-0.868800646622906,2.843628800472482e-16,0.0,0.0,0.0,0.0,0.0,,,,1.0,,False,False
arxiv_ai,hedge_ratio,other,0.0017247350927677,0.0016344065614548,-0.0001723408879497,-0.0002176082314943,-0.0001270735444051,-1.308222300060303,-1.6518421397515357,-0.9646024603690708,1.7034567552097664e-13,8.673851138605114e-05,0.0001060666054923,-2.8381302519461787e-06,-1.3446159806017054e-05,7.769899302124694e-06,-0.0281383651473907,-0.1333106379428604,0.0770339076480789,0.6000079216220682,1.2800839349129123,True,False
arxiv_ai,contrast_marker_alternatively_per_1k_words,contrast_markers,0.0113245260637782,0.0073307764592252,-0.002550422153256,-0.0032217751026968,-0.0018790692038152,-0.2915341627789042,-0.3682753092571464,-0.214793016300662,2.40712962957844e-13,0.0,0.0,0.0,0.0,0.0,,,,1.0,,False,False
arxiv_ai,causal_markers_total_per_1k_words,discourse_marker_totals,0.7573660303414251,0.7315221889139367,-0.1268654459591939,-0.1609601843451997,-0.0927707075731882,-1.5702483806646068,-1.9922482982546892,-1.1482484630745249,1.5145360442061954e-12,0.0005538084411648,0.0014401264947867,0.0011115357103329,-0.0001810760581023,0.0024041474787681,0.2898773419209383,-0.0472228160735386,0.6269774999154152,0.2776050862506585,1.8601257225855452,False,False
arxiv_ai,colon_per_1k_words,punctuation,1.662769247486616,2.633083441854338,0.4933806058264273,0.3395085965782989,0.6472526150745556,2.316462558340883,1.594020808521946,3.0389043081598195,9.860159362022014e-10,22.52361470280429,38.85430486459463,3.369275729205703,3.101714115490961,3.636837342920445,0.7951661753247522,0.7320202762826971,0.8583120743668073,5.089357252902656e-134,-1.5212963830161308,True,False
arxiv_ai,contrast_markers_total_per_1k_words,discourse_marker_totals,1.5060490204561536,1.9751227157695093,-0.2968476080823914,-0.3946574916171508,-0.199037724547632,-1.0867362549145507,-1.444810713431631,-0.7286617963974703,6.765601911801922e-09,0.0,0.0,0.0,0.0,0.0,,,,1.0,,False,False
arxiv_ai,contrast_marker_however_per_1k_words,contrast_markers,1.4292893591897786,1.875405650335101,-0.2659413082896522,-0.3568909873602789,-0.1749916292190255,-1.0229750955044972,-1.3728239295639402,-0.6731262614450544,1.6626723162287332e-08,0.0,0.0,0.0,0.0,0.0,,,,1.0,,False,False
arxiv_ai,causal_marker_accordingly_per_1k_words,causal_markers,0.0333580450822132,0.0284448835762719,-0.0062237001156793,-0.0083855340639243,-0.0040618661674344,-0.4306952728962841,-0.5802994705583967,-0.2810910752341717,2.7910263694865352e-08,0.0,0.0003439702699616,0.0002991739720824,-0.0002752791523528,0.0008736270965178,,,,0.6165437017507771,,False,False
arxiv_ai,verb_exhibit_per_1k_words,verbs,0.16635443554843,0.393969912295039,0.0735319153284799,0.0483261009883402,0.0987377296686196,2.1854281587407822,1.436290914363875,2.9345654031176887,4.855193444989197e-08,0.0043405474304942,0.0188866979645923,0.0009960749871608,-0.0043270596314924,0.0063192096058141,0.0697143056019723,-0.3028466344362755,0.4422752456402201,1.0,-2.1157138531388098,True,False
arxiv_ai,coordination_count,syntax,5.118382104650896,6.230118626188397,0.2184730564125318,0.1363013246529958,0.3006447881720678,0.5747054744946978,0.3585481832187274,0.7908627657706682,3.128310328310509e-07,0.2237085367137909,0.2555333763132021,0.0021084946359495,-0.0021207854265685,0.0063377746984676,0.1028536204022222,-0.103453172467101,0.3091604132715455,0.3649932284018344,-0.47185185409247554,True,True
arxiv_ai,em_dash_per_1k_words,punctuation,0.4714290321298311,0.5422129800751114,0.2323300385042131,0.1439858790119322,0.320674197996494,2.346475158467144,1.4542212898803784,3.238729027053909,3.815341503634828e-07,0.5266259621996352,0.6633507503693119,-0.1657616626213103,-0.2037900940006729,-0.1277332312419477,-0.494746741412974,-0.6082497203796422,-0.3812437624463057,1.954602139417995e-17,-2.841221899880118,False,False
arxiv_ai,summary_marker_taken_together_per_1k_words,summary_markers,0.0042123657924513,0.0079590145484509,0.0035402136653821,0.0021830910204199,0.0048973363103443,0.6871735031827205,0.4237490858074524,0.9505979205579884,1.5863354266049055e-06,0.0,0.0,0.0,0.0,0.0,,,,1.0,,False,False
arxiv_ai,dependency_length,syntax,3.3586434816589428,3.4180787442336604,0.0492580445786969,0.0278586468171569,0.0706574423402368,2.204313359736357,1.24668341767253,3.1619433018001835,9.190995935492838e-06,1.9532245310317289,2.10132569540362,0.0131199569362713,0.0093696482000404,0.0168702656725022,0.2578624458422284,0.1841530740748229,0.3315718176096339,7.0420286614307e-11,-1.9464509138941288,True,True
arxiv_ai,summary_markers_total_per_1k_words,discourse_marker_totals,0.2382442763154576,0.3672251226387955,0.0272658329164039,0.0154284741217608,0.039103191711047,0.5328891778536639,0.3015373458602573,0.7642410098470704,1.057234083223986e-05,0.0093479954235487,0.0102488220743374,-0.0010949395009411,-0.0041080878752876,0.0019182088734053,-0.027755480723017,-0.1041353917115956,0.0486244302655614,0.7938614417009467,-0.5606446585766809,False,False
arxiv_ai,emphasis_marker_importantly_per_1k_words,emphasis_markers,0.0597099130039156,0.0525160941341573,-0.0067448134317352,-0.0095748471095133,-0.0039147797539571,-0.2911211147603288,-0.4132716482662023,-0.1689705812544554,1.4967597856205009e-05,0.0,0.0,0.0,0.0,0.0,,,,1.0,,False,False
arxiv_ai,emphasis_marker_crucially_per_1k_words,emphasis_markers,0.0168721954888117,0.0333524975013444,0.0212362362167117,0.0114895627737951,0.0309829096596282,1.9052034755334863,1.030783172009012,2.779623779057961,4.8762079423445975e-05,0.0,0.0,0.0,0.0,0.0,,,,1.0,,False,False
arxiv_ai,summary_marker_collectively_per_1k_words,summary_markers,0.0135855713320623,0.019113889681264,0.0027200094902867,0.0014243420219127,0.0040156769586607,0.3017732639602453,0.1580245739889061,0.4455219539315843,9.694168685816948e-05,0.0038417210910487,0.0018025445635101,0.0029912857523949,0.0010368066787274,0.0049457648260625,0.0798859249311141,0.0276891836356934,0.1320826662265349,0.0067553557208364,-0.2218873390291312,True,False
arxiv_ai,word_finding_per_1k_words,marker_words,0.1719159081752013,0.5903462984017888,0.1072161170757096,0.0562764521794082,0.158155781972011,1.8399269854817568,0.9657555770178646,2.7140983939456484,0.0001110547970992,0.0537078794865429,0.0448658737547597,0.0014018930388094,-0.0053735715698495,0.0081773576474684,0.016956463874508,-0.0649955236803346,0.0989084514293506,0.9134425016547618,-1.8229705216072487,True,False
arxiv_ai,contrast_marker_nonetheless_per_1k_words,contrast_markers,0.0141489811260515,0.0212903551861439,-0.0086321421867426,-0.0130378233537399,-0.0042264610197453,-0.8592906958268581,-1.297856321100571,-0.4207250705531455,0.0001536247625885,0.0,0.0,0.0,0.0,0.0,,,,1.0,,False,False
arxiv_ai,causal_marker_consequently_per_1k_words,causal_markers,0.0540679089778219,0.0745111967635408,-0.0131906175340902,-0.0204671811267809,-0.0059140539413996,-0.6648334713037067,-1.0315868109398516,-0.2980801316675617,0.0004760855748615,0.0,0.0,0.0,0.0,0.0,,,,1.0,,False,False
arxiv_ai,coordination_per_sentence_std,syntax,0.7635958371906618,0.7930941177511632,0.0136524009053546,0.0058746179144584,0.0214301838962508,0.8292322167391409,0.3568180036224421,1.30164642985584,0.000726061495376,0.0023380422800814,0.0040613354923794,0.0003032195231861,5.003516723394774e-05,0.0005564038791384,0.215716306344723,0.0355959977432585,0.3958366149461875,0.0378157838781602,-0.6135159103944179,True,True
arxiv_ai,contrast_marker_conversely_per_1k_words,contrast_markers,0.0080924175385079,0.0183057817906878,0.002543729861773,0.0010097049513413,0.0040777547722046,0.3439323190471646,0.1365200647627673,0.5513445733315618,0.0011537073680202,0.0,0.0,0.0,0.0,0.0,,,,1.0,,False,False
arxiv_ai,dependency_length_std,syntax,0.6454351212248455,0.6593878674171214,0.0108583145613236,0.0043136076444955,0.0174030214781517,1.0655658029366402,0.4233099683474469,1.7078216375258333,0.0012740356676415,0.0042916639821529,0.0077853746234265,0.0003108991589036,-3.396140442411442e-05,0.0006557597222313,0.1428897537844146,-0.0156087161298455,0.3013882236986747,0.1287187837899448,-0.9226760491522256,True,True
arxiv_ai,summary_marker_in_summary_per_1k_words,summary_markers,0.0052417493106524,0.0090019506012387,-0.0015569191052512,-0.0024740733109225,-0.0006397648995799,-0.2489599181222511,-0.3956179141473999,-0.1023019220971023,0.0014620223001853,0.0,0.0021867375887925,0.0008367034817652,-0.0004404529017488,0.0021138598652792,,,,0.331871284884799,,False,False
arxiv_ai,semicolon_per_1k_words,punctuation,0.6585694212462138,0.6582726529911391,0.1611223209216286,0.0545592859306822,0.2676853559125751,1.622265469288777,0.5493319925390763,2.695198946038478,0.0030416025517308,0.0345994925851874,0.0178711962734304,0.0014415438569659,-0.0032669995100825,0.0061500872240144,0.0203183147280357,-0.0460478007251948,0.0866844301812664,0.5484637827593988,-1.6019471545607413,True,False
arxiv_ai,sequential_marker_further_per_1k_words,sequential_markers,0.1672724613099353,0.2147024424367648,-0.0358663720066015,-0.0579562996975828,-0.0137764443156201,-1.0951632045374555,-1.76966900606104,-0.4206574030138712,0.0036520105112375,0.011249892358013,0.0040324873436163,-0.0022396181607119,-0.0049942949370636,0.0005150586156396,-0.0559658374027826,-0.1248024789638179,0.0128708041582526,0.555210172501317,1.039197367134673,True,False
arxiv_ai,emphasis_marker_remarkably_per_1k_words,emphasis_markers,0.0254400940994058,0.0353146649877868,-0.0047399466936562,-0.0080645362072227,-0.0014153571800897,-0.340079063151413,-0.5786098653331936,-0.1015482609696324,0.0086655153921049,0.0,0.0002970652331486,0.0002583775213439,-0.0002377410861229,0.0007544961288108,,,,0.7684158336438538,,False,False
arxiv_ai,sequential_marker_furthermore_per_1k_words,sequential_markers,0.3437027454909906,0.4728035178172226,-0.0555635020048905,-0.0946692491025358,-0.0164577549072453,-0.8663534926238794,-1.4760954879489592,-0.2566114972987994,0.0089248350136865,0.0,0.0,0.0,0.0,0.0,,,,1.0,,False,False
arxiv_ai,sequential_markers_total_per_1k_words,discourse_marker_totals,1.055286137461064,1.5134494417945992,-0.2539775514371225,-0.4391609776587538,-0.0687941252154911,-1.8383244006386843,-3.178707474224534,-0.4979413270528344,0.0089818401933068,0.011249892358013,0.0040324873436163,-0.0022396181607119,-0.0049942949370636,0.0005150586156396,-0.0559658374027826,-0.1248024789638179,0.0128708041582526,0.2776050862506585,1.7823585632359018,True,False
arxiv_ai,summary_marker_overall_per_1k_words,summary_markers,0.192758011574924,0.2790414498103248,0.0206943395583346,0.005329164457951,0.0360595146587182,0.4439897556984145,0.11433534368626,0.7736441677105688,0.0103695374356262,0.0053112703349179,0.0062595399220346,-0.0049290934756267,-0.0072598615386756,-0.0025983254125778,-0.3611422015687706,-0.53191167749733,-0.1903727256402112,0.0001699101665223,-0.8051319572671851,False,False
arxiv_ai,causal_marker_thereby_per_1k_words,causal_markers,0.0849652356626757,0.2345919242547812,0.0332059955958957,0.0024179361998612,0.0639940549919302,1.3007354037322876,0.0947146791621635,2.506756128302412,0.0345213880664662,0.0002380442286176,0.0,-5.295784459248144e-05,-0.000204448670829,9.853298164413472e-05,-0.022825002916681,-0.0881180407528942,0.0424680349195321,0.6165437017507771,-1.3235604066489686,False,False
arxiv_ai,phrase_deep_dive_per_1k_words,phrases,0.0005174904240247,0.0009155182686575,-0.0005994566309658,-0.0010294096051388,-0.0001695036567928,-0.5174311051396533,-0.888552269027615,-0.1463099412516914,0.0439714866279779,0.0024533098907299,0.011996963054445,-0.002065954033288,-0.0051416805088417,0.0010097724422656,-0.2264387205089622,-0.5635534658217882,0.1106760248038636,0.6579929666942423,0.2909923846306911,True,False
arxiv_ai,avg_words_per_sentence,syntax,24.226804695008315,24.190543717958807,0.2037984247421118,0.0014188548457141,0.4061779946385094,0.7884682182893819,0.0054893552471131,1.5714470813316506,0.0484111681083972,9.36960101022804,10.595856132568288,0.0831620815142863,0.0437821828450678,0.1225419801835049,0.1807208415233965,0.0951437576286809,0.266297925418112,0.0001743288943487,-0.6077473767659853,True,True
arxiv_ai,certainty_ratio,other,0.0023981790721052,0.0036646226108363,0.0002443138715126,-1.7810513092978445e-05,0.0005064382561183,1.102803190166177,-0.080394496373956,2.28600087670631,0.0677261951786438,0.0002005189783656,0.0006399173995035,-4.3215684704298405e-05,-0.0001598671548508,7.343578544221771e-05,-0.2598080273499757,-0.9611040626578804,0.4414880079579291,0.6000079216220682,-1.3626112175161527,False,False
arxiv_ai,verb_garner_per_1k_words,verbs,0.0045736019755386,0.0239798652039956,-0.006824004991788,-0.0127747594554415,-0.0008732505281344,-1.2568889885393912,-2.352937096339502,-0.1608408807392805,0.0738008096764291,0.0,0.0,0.0,0.0,0.0,,,,1.0,,False,False
arxiv_ai,word_realm_per_1k_words,marker_words,0.0086014724438219,0.0286504270370012,-0.0146940567849784,-0.0280455592799711,-0.0013425542899858,-1.903451080559038,-3.6329892348664816,-0.173912926251594,0.0743973434970371,0.0023927339888183,0.0070400141764069,-0.0015294987357097,-0.0045226349253225,0.0014636374539031,-0.1812394939434767,-0.5359141828752204,0.1734351949882668,0.6331084088863349,1.7222115866155612,True,False
arxiv_ai,verb_delve_per_1k_words,verbs,0.0025703380424831,0.0353222904989371,-0.019254926367636,-0.037436294306804,-0.001073558428468,-5.5170553459850655,-10.726507268621706,-0.3076034233484255,0.0853170786329753,0.0172788143133642,0.0126996705828374,-0.0050503361859577,-0.0108414549317582,0.0007407825598428,-0.1078747671217194,-0.231572589024044,0.0158230547806051,0.2621958043493871,5.409180578863346,True,False
arxiv_ai,emphasis_markers_total_per_1k_words,discourse_marker_totals,0.3029989403046177,0.6915114136553488,0.0802448363907176,-0.0118826652235465,0.1723723380049818,1.548487333762784,-0.2293001944749903,3.3262748620005587,0.0877852711225352,0.0003110613412965,0.0002970652331486,-0.000152766795727,-0.0009320674756188,0.0006265338841647,-0.0503873045361793,-0.3074252328115934,0.2066506237392347,0.8760192302928351,-1.5988746382989634,False,False
arxiv_ai,verb_showcase_per_1k_words,verbs,0.0334396894830001,0.1194252951762929,-0.0384787965344957,-0.0771360700177268,0.0001784769487354,-1.957511869175531,-3.924103303643875,0.009079565292813,0.09191320347472,0.0009740730747675,0.0021115222354672,-0.0015644087027066,-0.0028527173999884,-0.0002761000054248,-0.3186073881553564,-0.5809842647788507,-0.0562305115318621,0.0778959822046058,1.6389044810201747,True,False
arxiv_ai,sequential_marker_subsequently_per_1k_words,sequential_markers,0.0423551810685339,0.0817156994125235,-0.0144201942670662,-0.0310136708771727,0.0021732823430403,-0.969383930608986,-2.084864712689041,0.1460968514710691,0.1106411649529254,0.0,0.0,0.0,0.0,0.0,,,,1.0,,False,False
arxiv_ai,emphasis_marker_particularly_per_1k_words,emphasis_markers,0.1616042828086985,0.420743533058896,0.0632092920270024,-0.011400858981592,0.1378194430355969,1.6165928327515533,-0.291579708074875,3.524765373577982,0.1210171941921542,0.0003110613412965,0.0,-0.000411144317071,-0.0010138000496925,0.0001915114155504,-0.135608355297243,-0.3343832120031858,0.0631665014086996,0.7684158336438538,-1.7522011880487962,False,False
arxiv_ai,word_particularly_per_1k_words,marker_words,0.1616042828086985,0.420743533058896,0.0632092920270024,-0.011400858981592,0.1378194430355969,1.6165928327515533,-0.291579708074875,3.524765373577982,0.1936275107074467,0.0003110613412965,0.0,-0.000411144317071,-0.0010138000496925,0.0001915114155504,-0.135608355297243,-0.3343832120031858,0.0631665014086996,0.434814557075076,-1.7522011880487962,False,False
arxiv_ai,sequential_marker_additionally_per_1k_words,sequential_markers,0.1559343095089866,0.4003773137778344,-0.066284959696065,-0.1679065791948854,0.0353366598027553,-1.60131822585737,-4.056302768214482,0.8536663164997421,0.2010895500844788,0.0,0.0,0.0,0.0,0.0,,,,1.0,,False,False
arxiv_ai,word_within_per_1k_words,marker_words,0.4116008190598471,0.7268093255415965,0.0588980179848128,-0.0168452738101619,0.1346413097797876,0.8924993611978674,-0.2552614948545371,2.040260217250272,0.218544874607187,0.0905937721091468,0.0860828076492759,0.0055910535757724,-0.0080590743663923,0.0192411815179372,0.0309961324301962,-0.0446785445605364,0.1066708094209288,0.7235731130184385,-0.8615032287676713,True,False
arxiv_ai,word_additionally_per_1k_words,marker_words,0.1559343095089866,0.4003773137778344,-0.066284959696065,-0.1679065791948854,0.0353366598027553,-1.60131822585737,-4.056302768214482,0.8536663164997421,0.3016343251267182,0.0,0.0,0.0,0.0,0.0,,,,1.0,,False,False
arxiv_ai,adjective_crucial_per_1k_words,adjectives,0.1727394017384508,0.3979860757489808,-0.0667745736729532,-0.1501182530583953,0.0165691057124887,-1.2975614975775227,-2.917093356615032,0.3219703614599863,0.3883743290530342,0.0036620273815925,0.0059751395821165,-0.0028402869415663,-0.0049004991077175,-0.000780074775415,-0.1498572781612779,-0.2585567842343947,-0.0411577720881611,0.0413380124390577,1.1477042194162448,True,False
arxiv_ai,adjective_potential_per_1k_words,adjectives,0.3992593103578712,0.8864779841852386,-0.1156500065071548,-0.2651472346446799,0.0338472216303702,-1.3869177363865095,-3.179743897894131,0.4059084251211118,0.3883743290530342,0.1340036071012405,0.2729684477005375,-0.0361301667903028,-0.0681404221074844,-0.0041199114731212,-0.2670176434913968,-0.5035873496862171,-0.0304479372965765,0.0538968949430321,1.1199000928951128,True,False
arxiv_ai,marker_verbs_total_per_1k_words,verbs,0.553288822758911,2.348680734784906,0.2350968460250092,-0.2130861929800437,0.6832798850300622,1.747387315303205,-1.5837903271572171,5.078564957763627,0.3923421038468975,0.6722088387312081,2.6893295445043544,0.1700332131897612,-0.3244512144690241,0.6645176408485467,0.4856292141160122,-0.9266600645000674,1.897918492732092,1.0,-1.2617581011871928,True,False
arxiv_ai,verb_underscore_per_1k_words,verbs,0.0040782445009675,0.140688614450601,0.0235885116181738,-0.021497910173799,0.0686749334101467,4.252396750617382,-3.875515541120203,12.380309042354966,0.3923421038468975,0.0,0.0,0.0,0.0,0.0,,,,1.0,,False,False
arxiv_ai,marker_adjectives_total_per_1k_words,adjectives,0.7290160689971646,1.9206388743276768,-0.2139155609003482,-0.5830218258112534,0.1551907040105568,-1.3040991179954189,-3.5542914485156385,0.9460932125248012,0.4985534435718359,0.2970239842030091,0.8722288859699597,-0.0797457369830379,-0.2182732685171166,0.0587817945510407,-0.4107274277674482,-1.124208283980092,0.3027534284451956,0.3198915790301603,0.8933716902279707,True,False
arxiv_ai,adjective_intricate_per_1k_words,adjectives,0.0100589878576158,0.0644975372297433,-0.0107659669008725,-0.0338587417487229,0.0123268079469777,-1.2582590949300814,-3.95719865577206,1.4406804659118977,0.4985534435718359,0.001016307019992,0.0022395380995046,-0.0005751161987391,-0.001589739536274,0.0004395071387956,-0.0864825918048194,-0.2390556824742123,0.0660904988645734,0.3198915790301603,1.171776503125262,True,False
arxiv_ai,adjective_pivotal_per_1k_words,adjectives,0.0092123915228818,0.0598584642939784,-0.0087969611682476,-0.0299704889870976,0.0123765666506023,-1.1692861338233418,-3.983657143219963,1.64508487557328,0.4985534435718359,0.0011225833724444,0.0051024185979151,-0.0028120235131303,-0.0051617464647954,-0.0004623005614651,-0.4362763275117845,-0.8008282223433727,-0.0717244326801963,0.0538968949430321,0.7330098063115573,True,False
arxiv_ai,summary_marker_ultimately_per_1k_words,summary_markers,0.0224465783053674,0.0521088179975169,0.0018681893076517,-0.0036903532296671,0.0074267318449705,0.1481370877201486,-0.2926246167144073,0.5888987921547046,0.5100608089231402,0.0001950039975819,0.0,6.1647405254109964e-06,-7.662154588648927e-05,8.895102693731128e-05,0.0032434670077138,-0.0403130440183927,0.0467999780338205,1.0,-0.1448936207124348,True,False
arxiv_ai,emphasis_marker_notably_per_1k_words,emphasis_markers,0.0393724549037859,0.1495846239731642,0.007284068272395,-0.0199411542161532,0.0345092907609432,0.4518723894195713,-1.2370637762397774,2.14080855507892,0.6000037500151916,0.0,0.0,0.0,0.0,0.0,,,,1.0,,False,False
arxiv_ai,word_insight_per_1k_words,marker_words,0.2322481900301263,0.5071503324134872,0.0292188442969786,-0.0478461329876263,0.1062838215815836,0.54351088632793,-0.8900042001373003,1.97702597279316,0.6098744265998635,0.0973136932403899,0.298436853620704,0.0202707574568129,-0.0367109846015091,0.0772524995151349,0.2168615494999496,-0.3927431434821072,0.8264662424820065,0.7284668122629829,-0.32664933682798036,True,False
arxiv_ai,word_meticulously_per_1k_words,marker_words,0.000867957977099,0.016233549466775,-0.0022771278549512,-0.0093116664298794,0.0047574107199768,-1.3333117959320084,-5.45219920952042,2.7855756176564035,0.6309326502227244,0.0,0.0,0.0,0.0,0.0,,,,1.0,,False,False
arxiv_ai,word_notably_per_1k_words,marker_words,0.0393724549037859,0.1495846239731642,0.007284068272395,-0.0199411542161532,0.0345092907609432,0.4518723894195713,-1.2370637762397774,2.14080855507892,0.6545495454711181,0.0,0.0,0.0,0.0,0.0,,,,1.0,,False,False
arxiv_ai,verb_enhance_per_1k_words,verbs,0.2213679288182384,1.1772698592376691,0.0723648583459227,-0.2478503881254309,0.3925801048172765,0.9414971951606714,-3.224637629000826,5.10763201932217,0.7400378650085725,0.537322118655071,2.182728557822996,0.0467579182456352,-0.4413930806966472,0.5349089171879176,0.1595849858767192,-1.506476575347353,1.8256465471007912,1.0,-0.7819122092839522,True,False
arxiv_ai,adjective_comprehensive_per_1k_words,adjectives,0.137745977520345,0.5118188128697361,-0.0119280526511198,-0.1100036413828001,0.0861475360805603,-0.1985849786839601,-1.831402947161739,1.4342329897938186,0.8115885577337464,0.1572194593277394,0.5859433419898858,-0.0373881435392992,-0.1492039108179481,0.0744276237393496,-0.2851543579559555,-1.1379582232824346,0.5676495073705237,0.5122292053061999,-0.0865693792719954,True,False
arxiv_ai,word_interplay_per_1k_words,marker_words,0.0178851630636622,0.029847392378276,0.0004742348626605,-0.0038110085358096,0.0047594782611307,0.0274726475180832,-0.2207735078887561,0.2757188029249225,0.8282806329446623,0.0138382421661953,0.0275013836296311,-0.0049647112990211,-0.0115403657892121,0.0016109431911698,-0.1536614012363183,-0.3571826579925471,0.0498598555199104,0.4167578874049858,-0.1811340487544015,False,False
arxiv_ai,marker_phrases_total_per_1k_words,phrases,0.001012409244802,0.0027035465141553,-0.0006447505569282,-0.001723532996329,0.0004340318824725,-0.2812439232563654,-0.7518150648194569,0.1893272183067262,0.84500008015364,0.0024533098907299,0.011996963054445,-0.002065954033288,-0.0051416805088417,0.0010097724422656,-0.2264387205089622,-0.5635534658217882,0.1106760248038636,0.6579929666942423,0.05480520274740319,True,False
arxiv_ai,verb_foster_per_1k_words,verbs,0.0140526890808646,0.0629697494589787,-0.0007403059083922,-0.0179139336465836,0.0164333218297991,-0.0691483654871057,-1.6732532012284649,1.5349564702542533,0.9326668637727438,0.0070993910614235,0.0153092119228281,-0.0005636041975823,-0.0050925479068936,0.0039653395117289,-0.0273612101380746,-0.2472271747024509,0.1925047544263016,1.0,0.0417871553490311,True,False
arxiv_ai,phrase_essential_insight_per_1k_words,phrases,0.0,2.718454308627749e-05,-1.370916783248058e-05,-4.787753594052853e-05,2.045920027556737e-05,,,,1.0,0.0,0.0,0.0,0.0,0.0,,,,1.0,,False,False
arxiv_ai,phrase_intricate_web_per_1k_words,phrases,0.0,0.0001230470211575,1.7552645504246254e-05,-5.945287508072529e-05,9.45581660892178e-05,,,,1.0,0.0,0.0,0.0,0.0,0.0,,,,1.0,,False,False
arxiv_ai,phrase_intricate_interplay_per_1k_words,phrases,0.0004949188207772,0.0016377966812539,-4.913740363411061e-05,-0.0008171880143773,0.0007189132071091,-0.0239247262392157,-0.3978842609497418,0.3500348084713102,1.0,0.0,0.0,0.0,0.0,0.0,,,,1.0,,False,False
arxiv_ai,phrase_comprehensive_chapter_per_1k_words,phrases,0.0,0.0,0.0,0.0,0.0,,,,1.0,0.0,0.0,0.0,0.0,0.0,,,,1.0,,False,False
arxiv_ai,phrase_meticulously_delve_per_1k_words,phrases,0.0,0.0,0.0,0.0,0.0,,,,1.0,0.0,0.0,0.0,0.0,0.0,,,,1.0,,False,False
arxiv_qbio,avg_syllables_per_word,readability,1.9358091403014028,2.013449176047089,0.0435077376218677,0.0400209507169509,0.0469945245267844,3.7810465666776896,3.4780268194742447,4.084066313881134,2.9923582447196427e-131,2.219085614204137,2.224314231112796,0.0022055585156586,-0.0071983054813594,0.0116094225126768,0.0833567891447117,-0.272052465599497,0.4387660438889205,0.645736271147736,-3.697689777532978,True,False
arxiv_qbio,flesch_reading_ease,readability,17.622652022393744,10.36514516628759,-4.1722728728817255,-4.5346561799377,-3.809889565825749,-3.4064302792445904,-3.702296227483891,-3.1105643310052886,3.2506900257702597e-112,1.2817637180599897,-2.773181019119615,-1.3344004517456565,-2.3131983511633774,-0.355602552327936,-0.4449153012745118,-0.7712657320890389,-0.1185648704599848,0.0087946830008457,2.9615149779700785,True,False
arxiv_qbio,dale_chall,readability,12.814060225665791,13.564382097251915,0.3533514335612659,0.3211152390928701,0.3855876280296618,3.159582197075655,2.871334021265856,3.447830372885454,5.105481749624191e-102,14.78474658637975,15.166689012996912,0.0653665502096904,0.0189926915653917,0.1117404088539891,0.3454197879808482,0.100364046636359,0.5904755293253374,0.008024828925793,-2.8141624090948065,True,False
arxiv_qbio,flesch_kincaid_grade,readability,16.638605874375816,17.503125414745693,0.5466960197559103,0.4950728550290033,0.5983191844828172,2.793823516375478,2.53000961177059,3.057637420980366,1.8680197142775586e-95,15.731855676076906,16.35274255962423,0.1855094281826982,0.0571792248312413,0.3138396315341552,0.4644749872926,0.1431642584803597,0.7857857161048404,0.008024828925793,-2.329348529082878,True,False
arxiv_qbio,gunning_fog,readability,19.964386313742704,20.946604895454907,0.634927117458178,0.5726491306214716,0.6972051042948844,2.7324132787424067,2.46439952798751,3.000427029497304,1.0993973966121088e-88,19.42077882654696,20.06983570692997,0.2478816718690563,0.0987872569098678,0.396976086828245,0.5401495526994055,0.215263565998755,0.8650355394000562,0.0026119227824059,-2.1922637260430013,True,False
arxiv_qbio,automated_readability_index,readability,18.179566884571024,19.53190958012716,0.7489321384158583,0.6694077116845769,0.8284565651471394,3.004699042771838,2.685648815628587,3.323749269915088,5.1915311776066615e-76,16.404459840913066,17.698420706538556,0.2046038322313731,0.0923285484018476,0.3168791160608986,0.3929448279844253,0.177318406865366,0.6085712491034848,0.0012409333072188,-2.6117542147874127,True,False
arxiv_qbio,smog_index,readability,17.449321121301516,18.00714159726607,0.3558827009949906,0.3166864248704649,0.3950789771195163,2.222387489290016,1.9776177563348616,2.4671572222451705,7.613697312117029e-71,14.135154263403846,14.508984965580176,0.1040761255534428,0.060882575161498,0.1472696759453877,0.4885383580337439,0.2857857471547693,0.6912909689127186,1.629318991136011e-05,-1.733849131256272,True,False
arxiv_qbio,marker_words_total_per_1k_words,marker_words,3.4340288855672965,6.332853017660553,1.24717026746827,1.0483636610511842,1.4459768738853556,3.3314680226770186,2.800411542858952,3.862524502495086,1.147211856856476e-33,1.2629776070644905,1.873249824598525,0.3542240050257988,0.1804612092284988,0.5279868008230989,0.5845829772276825,0.2978187516038619,0.8713472028515029,0.0007745098841441,-2.746885045449336,True,False
arxiv_qbio,clause_depth_std,syntax,2.257819719388824,2.1642944872400034,-0.0684722894634841,-0.0800930223006831,-0.0568515566262852,-1.122670343881046,-1.3132036564475165,-0.932137031314576,3.7422868179622494e-30,0.017775547978656,0.0182064394615544,0.0002414547035969,-0.0026026945291304,0.0030856039363242,0.0185681898637642,-0.2001506926738261,0.2372870724013546,0.8678463831392171,1.14123853374481,False,True
arxiv_qbio,sentence_depth_std,syntax,2.257819719388824,2.1642944872400034,-0.0684722894634841,-0.0800930223006831,-0.0568515566262852,-1.122670343881046,-1.3132036564475165,-0.932137031314576,3.7422868179622494e-30,0.017775547978656,0.0182064394615544,0.0002414547035969,-0.0026026945291304,0.0030856039363242,0.0185681898637642,-0.2001506926738261,0.2372870724013546,0.8678463831392171,1.14123853374481,False,True
arxiv_qbio,word_while_per_1k_words,marker_words,0.938206639302733,1.5758936791214335,0.3269507626265402,0.2670233834895751,0.3868781417635054,1.8032660937514968,1.472742286383849,2.1337899011191443,6.56202738914901e-26,0.0318208676378016,0.0587297519224236,-0.0209061820459379,-0.0659894371000129,0.024177073008137,-0.2357902581356735,-0.7442614999644603,0.2726809836931133,0.6229775017819605,-2.0390563518871705,False,False
arxiv_qbio,causal_marker_thus_per_1k_words,causal_markers,0.5262842772253546,0.3709121639696113,-0.0823509842124723,-0.0990187219766662,-0.0656832464482783,-0.6760023188856925,-0.8128243555246578,-0.5391802822467271,1.7657438130246434e-21,0.0,0.0,0.0,0.0,0.0,,,,1.0,,False,False
arxiv_qbio,verb_align_per_1k_words,verbs,0.0753146363314543,0.2545811378357075,0.0853263549894279,0.0676931348724493,0.1029595751064066,1.5106365630781025,1.1984541542922986,1.8228189718639063,2.1950558966510224e-20,0.0669461788670891,0.3143990254205056,0.0347004017645394,-0.0218177194415913,0.0912185229706703,0.2094956444667209,-0.1317194315565861,0.5507107204900279,0.686487690329657,-1.3011409186113816,True,False
arxiv_qbio,word_across_per_1k_words,marker_words,0.6035115333437753,1.5621509267523075,0.6581802871252671,0.5135959447162244,0.8027646295343098,3.876553017225164,3.0249795505427497,4.728126483907579,1.825844553018017e-18,0.4440224263647933,0.7697074474763355,0.2356220601952814,0.0736821522736817,0.3975619681168811,0.6147530255955438,0.1922414480422429,1.0372646031488446,0.0260839682439485,-3.26179999162962,True,False
arxiv_qbio,clause_depth,syntax,11.69769371294169,11.48766312170377,-0.1918016956414205,-0.2351983984423931,-0.1484049928404479,-1.3095539952944553,-1.605851300412476,-1.0132566901764342,1.5361342146732836e-17,5.749207151589282,5.84997158153609,-0.0378299655819532,-0.0628726057751469,-0.0127873253887594,-0.3311784986907828,-0.5504116873773675,-0.1119453100041982,0.0170069621036905,0.9783754966036724,True,True
arxiv_qbio,sequential_marker_moreover_per_1k_words,sequential_markers,0.2839636785606589,0.2639102955048243,-0.0694068786295076,-0.0866089231563998,-0.0522048341026153,-0.8098647018662967,-1.0105844134762574,-0.6091449902563358,1.3055184861087758e-14,0.0,0.0,0.0,0.0,0.0,,,,1.0,,False,False
arxiv_qbio,causal_markers_total_per_1k_words,discourse_marker_totals,0.8454419785287486,0.7128235353305209,-0.1196258897551967,-0.1538528879830709,-0.0853988915273225,-0.7654088149215389,-0.984405273008746,-0.5464123568343319,3.683606559860481e-11,0.0061131100414884,0.0,-0.0006683723242187,-0.0026843124303359,0.0013475677818984,-0.0195997036582203,-0.0787161979248025,0.0395167906083619,0.8596746589522549,0.7458091112633186,True,False
arxiv_qbio,list_of_three_per_1k_words,syntax,3.2359654168749623,4.1525381233438186,0.4650873919802457,0.3175953647118142,0.6125794192486771,1.1403583394697163,0.7787192879686289,1.5019973909708042,1.5976910371997914e-09,2.8753384172144782,2.629536181653848,0.1246988456723682,-0.055259643217424,0.3046573345621605,0.108542837098562,-0.0481001922634686,0.2651858664605927,0.3286058737149067,-1.0318155023711544,True,True
arxiv_qbio,verb_exhibit_per_1k_words,verbs,0.393267812518751,0.5037274087629164,0.1013472295504966,0.0693684549157974,0.1333260041851959,0.7595962630500097,0.5199157328848221,0.9992767932151972,2.359580904963166e-09,0.0571822217188387,0.0422168734019217,0.0214645320750916,-0.0030463382685337,0.0459754024187171,0.1396419830074884,-0.0198185879497138,0.2991025539646907,0.3873990148104929,-0.6199542800425213,True,False
arxiv_qbio,hedge_ratio,other,0.003177731508085,0.0025498812203944,-0.0002000353569232,-0.000264976389687,-0.0001350943241593,-0.560708494746351,-0.7427412577957143,-0.3786757316969876,3.134044301814865e-09,0.0003883562550802,0.0001791543830433,-4.300589292343222e-05,-8.671551784701683e-05,7.037320001523835e-07,-0.1362345364972896,-0.2746983628974714,0.0022292899028921,0.1075999252569676,0.4244739582490614,True,False
arxiv_qbio,causal_marker_hence_per_1k_words,causal_markers,0.1315544985761776,0.0771988583450801,-0.0350934862694225,-0.0470509144948906,-0.0231360580439544,-0.6448177729098324,-0.8645269855791266,-0.4251085602405384,2.2003699207951263e-08,0.0018990286468471,0.0,0.0002260307467247,-0.000380312128295,0.0008323736217445,0.0122116458553815,-0.0205469259936644,0.0449702177044276,1.0,0.6570294187652139,False,False
arxiv_qbio,dependency_entropy,syntax,2.737329005035659,2.7470675459108422,-0.0064332878109605,-0.0090070002674464,-0.0038595753544747,-0.4788113651247592,-0.6703654834760389,-0.2872572467734794,1.9241267687465317e-06,1.8317804183291675,1.8483062550487483,0.0030527340450238,-0.0002230266946123,0.00632849478466,0.1256075489311209,-0.0091766383980069,0.2603917362602488,0.1694165811239074,0.6044189140558801,False,True
arxiv_qbio,sequential_marker_further_per_1k_words,sequential_markers,0.1796398517920374,0.1985249691115543,-0.045833913654325,-0.0641483361989929,-0.0275194911096572,-0.5877185583310428,-0.8225605160961313,-0.3528766005659544,2.334236188554626e-06,0.0183253710801305,0.0072837862674892,0.0052718523483218,-0.0064426559452374,0.0169863606418811,0.0658541982060953,-0.08047948113084,0.2121878775430306,1.0,0.6535727565371381,False,False
arxiv_qbio,em_dash_per_1k_words,punctuation,0.4803141337333416,0.601488339982016,0.2263755428725669,0.1288471117898798,0.323903973955254,1.4465130405011632,0.8233178596501051,2.0697082213522218,1.613955503466774e-05,0.6874779120633054,0.8615367014748889,-0.214763726355487,-0.3075104707101953,-0.1220169820007787,-0.3818730956582992,-0.5467868219192074,-0.2169593693973912,8.495848027554225e-06,-1.8283861361594624,False,False
arxiv_qbio,word_finding_per_1k_words,marker_words,0.3762696175850926,0.6805639970651263,0.1242308940204192,0.0675551414049429,0.1809066466358955,1.1654644754808714,0.6337643954377958,1.6971645555239467,5.211619536461153e-05,0.0388968278736822,0.0314046434966372,0.0138004551282419,-0.0096470844934136,0.0372479947498975,0.1268542417552139,-0.0886763209755365,0.3423848044859643,0.5642129790442221,-1.0386102337256575,True,False
arxiv_qbio,dependency_length,syntax,3.361748231656765,3.4018851835417894,0.0316286630530112,0.0165994996767342,0.0466578264292881,1.201401744295481,0.6305251610741784,1.7722783275167835,6.184487130177696e-05,2.0162592230105583,2.087991136982655,0.0101259429462066,0.003039090359734,0.0172127955326792,0.2121383803581832,0.0636689057109168,0.3606078550054497,0.0170069621036905,-0.9892633639372977,True,True
arxiv_qbio,contrast_markers_total_per_1k_words,discourse_marker_totals,1.3060933347636872,1.5475251679542998,-0.1698179552636894,-0.2574072747105145,-0.0822286358168644,-0.786055631606174,-1.1914902495935369,-0.3806210136188114,0.0003616772549068,0.0,0.0,0.0,0.0,0.0,,,,1.0,,False,False
arxiv_qbio,colon_per_1k_words,punctuation,1.8688116363630465,2.406120153966336,0.3670632008335274,0.169303197211261,0.5648232044557938,1.152431061430613,0.5315440578699073,1.7733180649913187,0.0004122019284406,16.439521003485325,25.004310695217058,2.218911911851098,1.550316404017111,2.8875074196850856,0.7617610297642996,0.5322296095113354,0.991292450017264,2.3341996102997623e-10,-0.3906700316663134,True,False
arxiv_qbio,contrast_marker_however_per_1k_words,contrast_markers,1.2112064814626442,1.4512562623369396,-0.1565491226156993,-0.2412876978891475,-0.071810547342251,-0.7369544121421516,-1.1358609399015411,-0.3380478843827623,0.0011908736045272,0.0,0.0,0.0,0.0,0.0,,,,1.0,,False,False
arxiv_qbio,contrast_marker_nevertheless_per_1k_words,contrast_markers,0.0462933243254656,0.0400287850684763,-0.0094018491739448,-0.0146763563831563,-0.0041273419647333,-0.2881998295240314,-0.4498820741967798,-0.126517584851283,0.0011908736045272,0.0,0.0,0.0,0.0,0.0,,,,1.0,,False,False
arxiv_qbio,summary_marker_collectively_per_1k_words,summary_markers,0.0295212887823039,0.0409646969707857,0.0135179330288697,0.0060944478851124,0.020941418172627,0.5106222445798818,0.2302097999690587,0.7910346891907047,0.0017910595648229,0.0161624103832566,0.0073642040768233,0.0060312904631168,-0.0071813800183989,0.0192439609446326,0.0538310555880441,-0.0640959458565903,0.1717580570326786,0.8164093761377206,-0.4567911889918377,True,False
arxiv_qbio,sequential_markers_total_per_1k_words,discourse_marker_totals,0.9289357162590072,1.2035175975534915,-0.2054858017384856,-0.3304466692347676,-0.0805249342422035,-1.0694635589829284,-1.719830119375496,-0.419096998590361,0.0021140645820895,0.0183253710801305,0.0072837862674892,0.0052718523483218,-0.0064426559452374,0.0169863606418811,0.0658541982060953,-0.08047948113084,0.2121878775430306,0.8596746589522549,1.1353177571890238,False,False
arxiv_qbio,coordination_count,syntax,6.034849204917519,6.851466559514599,0.1404754632483448,0.0532491540354398,0.2277017724612497,0.3534816482284473,0.1339920744873539,0.5729712219695408,0.0022808848421702,0.3651549242604592,0.3549166360180076,-0.0009819841374052,-0.0079360941418134,0.005972125867003,-0.025065567403097,-0.2025722158349519,0.1524410810287578,0.8678463831392171,-0.3785472156315443,False,True
arxiv_qbio,emphasis_marker_crucially_per_1k_words,emphasis_markers,0.0290913332807727,0.0433492114662686,0.0201619872479076,0.0085932494699627,0.0317307250258524,0.6753463248885733,0.2878396547439681,1.0628529950331784,0.0031787371493377,0.0,0.0,0.0,0.0,0.0,,,,1.0,,False,False
arxiv_qbio,word_within_per_1k_words,marker_words,0.7213550363817578,0.9353590732358597,0.0862507831366991,0.0310453096533141,0.1414562566200841,0.5193149286302811,0.1869234362934831,0.8517064209670794,0.0052727725481712,0.2970233875857728,0.260919839161887,0.0322661105865402,-0.0160391846708781,0.0805714058439586,0.1156813529154934,-0.0575041289036745,0.2888668347346614,0.5642129790442221,-0.40363357571478764,True,False
arxiv_qbio,word_particularly_per_1k_words,marker_words,0.18270284395728,0.3544098163382254,0.0609704488032914,0.017191956137698,0.1047489414688848,0.8208031609499314,0.2314434651163881,1.4101628567834747,0.0126784598335019,0.0036549707602339,0.0,-0.0018559411971456,-0.0052379112881698,0.0015260288938785,-0.0520976942341546,-0.1470321910717762,0.0428368026034669,0.5642129790442221,-0.872900855184086,False,False
arxiv_qbio,summary_markers_total_per_1k_words,discourse_marker_totals,0.3432816156644505,0.4404681847225055,0.030344154222647,0.007118561292132,0.053569747153162,0.3657080767071193,0.0857929781125485,0.6456231753016901,0.013056449516915,0.0377687106236181,0.020265979332352,0.0015141534313494,-0.018025362821047,0.021053669683746,0.0117260236467113,-0.1395934033526379,0.1630454506460606,1.0,-0.353982053060408,True,False
arxiv_qbio,emphasis_marker_particularly_per_1k_words,emphasis_markers,0.18270284395728,0.3544098163382254,0.0609704488032914,0.017191956137698,0.1047489414688848,0.8208031609499314,0.2314434651163881,1.4101628567834747,0.0158480747918774,0.0036549707602339,0.0,-0.0018559411971456,-0.0052379112881698,0.0015260288938785,-0.0520976942341546,-0.1470321910717762,0.0428368026034669,1.0,-0.872900855184086,False,False
arxiv_qbio,emphasis_markers_total_per_1k_words,discourse_marker_totals,0.3870046361614607,0.6726224901135753,0.0771205593998095,0.0102404041371765,0.1440007146624426,0.8348028351752352,0.1108487603511375,1.558756909999333,0.0238146206839441,0.0036549707602339,0.0,-0.0018559411971456,-0.0052379112881698,0.0015260288938785,-0.0520976942341546,-0.1470321910717762,0.0428368026034669,0.8596746589522549,-0.8869005294093898,False,False
arxiv_qbio,sequential_marker_furthermore_per_1k_words,sequential_markers,0.2994357236900711,0.375076723974885,-0.0497291891948733,-0.0949200780322361,-0.0045383003575104,-0.5281376596123875,-1.0080773218667012,-0.0481979973580737,0.0516977679875128,0.0,0.0,0.0,0.0,0.0,,,,1.0,,False,False
arxiv_qbio,certainty_ratio,other,0.0018008220826502,0.0028364749231835,0.0001744003084591,-6.321274731166909e-06,0.0003551218916494,0.6459674620168439,-0.0234135927331817,1.3153485167668697,0.0585652101519663,0.0001970973389885,0.0006359757881123,-2.9261088420017527e-05,-0.000174160645503,0.0001156384686629,-0.1207103088258641,-0.7184621775585883,0.47704155990686,0.6922500890121706,-0.7666777708427079,False,False
arxiv_qbio,causal_marker_consequently_per_1k_words,causal_markers,0.0557159692441153,0.0625114955582335,-0.0108876224965858,-0.0211021252911268,-0.0006731197020448,-0.3177628598263922,-0.6158802514530617,-0.0196454681997229,0.0611553994435126,0.0,0.0,0.0,0.0,0.0,,,,1.0,,False,False
arxiv_qbio,verb_delve_per_1k_words,verbs,0.0015278329849879,0.0209135307671324,-0.0124277487899412,-0.0230613511893907,-0.0017941463904918,-2.5291226078587266,-4.693125492532059,-0.365119723185393,0.0659423998802426,0.0,0.0,0.0,0.0,0.0,,,,1.0,,False,False
arxiv_qbio,sequential_marker_subsequently_per_1k_words,sequential_markers,0.0493134150535578,0.0803265197033485,-0.0103043090525875,-0.0207403710859342,0.0001317529807591,-0.2880765272803192,-0.5798364593345278,0.0036834047738893,0.0661986980650262,0.0,0.0,0.0,0.0,0.0,,,,1.0,,False,False
arxiv_qbio,summary_marker_ultimately_per_1k_words,summary_markers,0.0519884131061677,0.0768313001691812,0.006332379546073,0.0007229758194006,0.0119417832727453,0.1824801786080946,0.0208339938712891,0.3441263633449001,0.0673100976357908,0.0011057054400707,0.0,-0.0004600076456945,-0.001408630330392,0.0004886150390028,-0.0426838712348295,-0.1307060789155826,0.0453383364459236,0.8164093761377206,-0.2251640498429241,False,False
arxiv_qbio,word_meticulously_per_1k_words,marker_words,0.0007194521007617,0.0075806904359892,-0.0043163176876938,-0.0084692311620038,-0.0001634042133839,-1.0108484858909612,-1.9834289587118203,-0.0382680130701025,0.0713794774031233,0.0,0.0,0.0,0.0,0.0,,,,1.0,,False,False
arxiv_qbio,summary_marker_in_summary_per_1k_words,summary_markers,0.0151362463639453,0.0225071088167351,-0.0038601333368795,-0.0077706650014819,5.0398327722923344e-05,-0.2449205617253055,-0.4930388333892768,0.0031977099386657,0.0883703848850481,0.0,0.0,0.0,0.0,0.0,,,,1.0,,False,False
arxiv_qbio,coordination_per_sentence_std,syntax,0.8023322130664922,0.8210240225877047,-0.0056834597540572,-0.0121305824391304,0.0007636629310159,-0.1964695279379827,-0.4193378520411587,0.0263987961651931,0.1050216757092562,0.003416817838551,0.003392704355117,0.0003533262497633,-0.0001836458176974,0.0008902983172242,0.1106190904858954,-0.0574956809431278,0.2787338619149187,0.3286058737149067,0.3070886184238781,False,True
arxiv_qbio,word_interplay_per_1k_words,marker_words,0.1007550348849579,0.1113425710505307,0.0129518070796739,-0.001289516624488,0.0271931307838359,0.1907326804581023,-0.0189898568416668,0.4004552177578714,0.1119950351603077,0.1374055170357112,0.1370382133991557,-0.0106728687482591,-0.0549059813333038,0.0335602438367856,-0.0464900826790899,-0.2391656518945039,0.146185486536324,0.954402984561538,-0.2372227631371922,False,False
arxiv_qbio,verb_garner_per_1k_words,verbs,0.0020012029057813,0.0088637579871294,-0.0025343207629,-0.0051347987312275,6.615720542744747e-05,-0.3780988253540076,-0.766067735831809,0.0098700851237938,0.1262601008711114,0.0,0.0,0.0,0.0,0.0,,,,1.0,,False,False
arxiv_qbio,word_realm_per_1k_words,marker_words,0.0095531839902165,0.0244724818992897,-0.0107657603538144,-0.0233965300328,0.001865009325171,-0.5749853252836266,-1.249578384554249,0.0996077339869957,0.1264024842373253,0.0,0.0102135410472956,-0.0009606082702137,-0.0096364752696455,0.007715258729218,,,,1.0,,False,False
arxiv_qbio,marker_verbs_total_per_1k_words,verbs,0.7464080973497802,1.804841888925994,0.2646562457041433,-0.0242360521854555,0.5535485435937422,1.4320198752699818,-0.1311380667979811,2.995177817337945,0.1306133760748618,0.5389653853903191,1.5971526643445368,-0.0561151766483591,-0.2793415764188606,0.1671112231221422,-0.1252694684303681,-0.6235919207342444,0.3730529838735081,1.0,-1.5572893437003499,False,False
arxiv_qbio,semicolon_per_1k_words,punctuation,0.7053685523616363,0.6646802222312956,0.0909544286610875,-0.0286386055816311,0.2105474629038062,0.4138484761058238,-0.1303074897201172,0.9580044419317648,0.1360548952400919,0.0859327944988337,0.0757929395959631,-0.0293732249479146,-0.0758832831443525,0.0171368332485232,-0.1761738799894655,-0.4551305633475871,0.1027828033686561,0.2157792970212479,-0.5900223560952893,False,False
arxiv_qbio,emphasis_marker_remarkably_per_1k_words,emphasis_markers,0.0494153484857729,0.0511877799468235,-0.0071321694932091,-0.0160828574623846,0.0018185184759662,-0.1884631437461601,-0.4249795073810795,0.0480532198887593,0.1972309900932123,0.0,0.0,0.0,0.0,0.0,,,,1.0,,False,False
arxiv_qbio,verb_showcase_per_1k_words,verbs,0.0203997812331636,0.0825921688313368,-0.0189872504616337,-0.0441736940989343,0.0061991931756668,-0.7037290227209385,-1.6372202305452672,0.2297621851033904,0.209279939267103,0.0,0.0,0.0,0.0,0.0,,,,1.0,,False,False
arxiv_qbio,contrast_marker_alternatively_per_1k_words,contrast_markers,0.0096920145941932,0.0106296913040962,-0.0025374275351408,-0.0060448294004248,0.0009699743301431,-0.1966134673827514,-0.4683857377975329,0.07515880303203,0.2603370697986991,0.0,0.0,0.0,0.0,0.0,,,,1.0,,False,False
arxiv_qbio,summary_marker_overall_per_1k_words,summary_markers,0.2212243660475981,0.2800960233164389,0.0129625898640208,-0.0080265154166567,0.0339516951446983,0.1569768502270676,-0.0972010317091796,0.4111547321633149,0.28262338466059,0.0205005948002907,0.0129017752555287,-0.0040571293860727,-0.0155724768276408,0.0074582180554954,-0.0602617481946905,-0.2313026250965425,0.1107791287071614,0.8164093761377206,-0.21723859842175808,False,False
arxiv_qbio,verb_underscore_per_1k_words,verbs,0.0106670912501058,0.148869686026152,0.0264663565145235,-0.0220359769520699,0.0749686899811169,1.4641265646946977,-1.2190366746106909,4.147289804000085,0.3662188441306494,0.0,0.0,0.0,0.0,0.0,,,,1.0,,False,False
arxiv_qbio,verb_enhance_per_1k_words,verbs,0.2274698337572137,0.7392236077817032,0.0872619196802698,-0.0901799647647714,0.2647038041253111,0.9623183663829332,-0.994498364130384,2.9191350968962504,0.3769921950172841,0.4095473788800327,1.2113386110259272,-0.0906550398265382,-0.3004068373171837,0.1190967576641072,-0.2552150651517815,-0.845715259787486,0.335285129483923,0.8930949013363122,-1.2175334315347146,False,False
arxiv_qbio,sequential_marker_additionally_per_1k_words,sequential_markers,0.1165830471626818,0.2856790892588793,-0.0302115112071919,-0.1007733291578218,0.0403503067434378,-0.5958804634941708,-1.987615173388565,0.7958542464002233,0.4013643681086821,0.0,0.0,0.0,0.0,0.0,,,,1.0,,False,False
arxiv_qbio,emphasis_marker_importantly_per_1k_words,emphasis_markers,0.0788424871463538,0.0750202296375524,-0.0041233157987745,-0.0128494730817461,0.0046028414841971,-0.0945611274470786,-0.2946804758616663,0.105558220967509,0.4429623930950346,0.0,0.0,0.0,0.0,0.0,,,,1.0,,False,False
arxiv_qbio,adjective_pivotal_per_1k_words,adjectives,0.0160216301811353,0.0715046251065154,-0.01722353405276,-0.0480806339715775,0.0136335658660574,-0.8258439625957956,-2.3053980188718928,0.6537100936803014,0.4612762217626227,0.0048215915418339,0.0102347816785531,-0.009483084189988,-0.0248585285564938,0.0058923601765178,-0.263201633475872,-0.6899448735026006,0.1635416065508566,0.6801435094944372,0.5626423291199236,True,False
arxiv_qbio,adjective_potential_per_1k_words,adjectives,0.8293880388978911,1.1454367685865756,-0.0842091342043034,-0.2390897257895291,0.0706714573809223,-0.4260419129133324,-1.2096341459367426,0.3575503201100778,0.4612762217626227,0.6762760167454664,0.528367930720686,0.028407022093075,-0.0483166208308376,0.1051306650169877,0.0647242941060206,-0.1100875398560893,0.2395361280681305,0.9360547440793652,0.490766207019353,False,False
arxiv_qbio,adjective_crucial_per_1k_words,adjectives,0.2338544326340544,0.4368736483627312,-0.0487147953603599,-0.1475312048616353,0.0501016141409154,-0.6029918530270059,-1.8261416052506445,0.6201578991966327,0.4612762217626227,0.0084872131357761,0.0074508805195351,0.0097199965529828,-0.0003326172450284,0.0197726103509942,0.1812528811533413,-0.0062024542554179,0.3687082165621006,0.3484365993674507,0.7842447341803471,False,False
arxiv_qbio,adjective_intricate_per_1k_words,adjectives,0.0205566419625315,0.0997246503480557,-0.0181195784416861,-0.0587712326236724,0.0225320757403,-0.7111094886022071,-2.306498537482081,0.8842795602776662,0.4612762217626227,0.0,0.0,0.0,0.0,0.0,,,,1.0,,False,False
arxiv_qbio,marker_adjectives_total_per_1k_words,adjectives,1.218873422243993,2.113077049996179,-0.1724780740974363,-0.5611282016929156,0.216172053498043,-0.7004039507932305,-2.278645627415784,0.8778377258293227,0.4612762217626227,0.8282365433509127,1.082051397161144,0.0184791576922498,-0.1515609441503376,0.1885192595348372,0.0376173726050116,-0.3085272934740828,0.3837620386841061,1.0,0.7380213233982421,False,False
arxiv_qbio,dependency_length_std,syntax,0.665265018442478,0.662566271839894,0.0022696232263722,-0.0033406022198415,0.0078798486725861,0.117100317898543,-0.1723570579339228,0.4065576937310088,0.4753603019361727,0.0059956388468016,0.0055266674893125,0.0001105309618871,-0.000681538391858,0.0009026003156324,0.0260984128248669,-0.1609238714928244,0.2131206971425584,0.8678463831392171,-0.0910019050736761,True,True
arxiv_qbio,word_additionally_per_1k_words,marker_words,0.1165830471626818,0.2856790892588793,-0.0302115112071919,-0.1007733291578218,0.0403503067434378,-0.5958804634941708,-1.987615173388565,0.7958542464002233,0.4816372417304184,0.0,0.0,0.0,0.0,0.0,,,,1.0,,False,False
arxiv_qbio,causal_marker_thereby_per_1k_words,causal_markers,0.1016405790326918,0.1839381356986505,0.0102039032115494,-0.0148664969078699,0.0352743033309688,0.1888902668160087,-0.2752021956037841,0.6529827292358016,0.4979200878043133,0.0042140813946412,0.0,-0.0008944030709434,-0.0027234492778239,0.0009346431359369,-0.0309249923106864,-0.0941663224461057,0.0323163378247328,1.0,-0.2198152591266951,False,False
arxiv_qbio,causal_marker_accordingly_per_1k_words,causal_markers,0.030246654450409,0.0182628817589452,-0.0014976999882654,-0.0058288291482304,0.0028334291716994,-0.0618131136736847,-0.2405675913380514,0.1169413639906819,0.4979200878043133,0.0,0.0,0.0,0.0,0.0,,,,1.0,,False,False
arxiv_qbio,summary_marker_taken_together_per_1k_words,summary_markers,0.0254113013644354,0.0200690554493646,0.0013913851205629,-0.0028414195592826,0.0056241898004086,0.0579984617629737,-0.1184416602032817,0.2344385837292291,0.5193933558900605,0.0,0.0,0.0,0.0,0.0,,,,1.0,,False,False
arxiv_qbio,contrast_marker_nonetheless_per_1k_words,contrast_markers,0.019636581515849,0.0135409328911395,-0.0018902257219641,-0.0066920745449018,0.0029116231009736,-0.0736577333350118,-0.2607746982588994,0.1134592315888757,0.5504799556354769,0.0,0.0,0.0,0.0,0.0,,,,1.0,,False,False
arxiv_qbio,emphasis_marker_notably_per_1k_words,emphasis_markers,0.0469526232912811,0.1486554527247051,0.0072436086405942,-0.0215741072753608,0.0360613245565493,0.1966596700448851,-0.5857241920150675,0.9790435321048376,0.622249485422671,0.0,0.0,0.0,0.0,0.0,,,,1.0,,False,False
arxiv_qbio,word_notably_per_1k_words,marker_words,0.0469526232912811,0.1486554527247051,0.0072436086405942,-0.0215741072753608,0.0360613245565493,0.1966596700448851,-0.5857241920150675,0.9790435321048376,0.6788176204610956,0.0,0.0,0.0,0.0,0.0,,,,1.0,,False,False
arxiv_qbio,word_insight_per_1k_words,marker_words,0.3374198735667579,0.6467452397782066,0.0156852652844848,-0.1007096178102919,0.1320801483792616,0.164767391094507,-1.0579139519648662,1.38744873415388,0.7916814724310517,0.3101536098064952,0.6052363880947905,0.1069309793772916,-0.051432902317577,0.2652948610721602,0.2988198873765343,-0.1437298542245517,0.7413696289776205,0.5642129790442221,0.1340524962820273,True,False
arxiv_qbio,verb_foster_per_1k_words,verbs,0.0157599063683224,0.0460705909339162,-0.0017962950160995,-0.0154222741594902,0.0118296841272911,-0.0861287731463199,-0.7394673706590505,0.5672098243664107,0.7961103803114591,0.0052896059243586,0.0291981544961823,-0.0216250706614521,-0.0427471287643415,-0.0005030125585626,-0.41944248169398,-0.8291284710652387,-0.0097564923227212,0.3873990148104929,-0.3333137085476601,True,False
arxiv_qbio,avg_words_per_sentence,syntax,24.870322573273725,24.600974061420228,0.012482087481865,-0.1061137879477862,0.1310779629115163,0.0341184485807217,-0.2900506684528693,0.3582875656143128,0.8365660469736393,11.078792246802172,11.502172131479192,0.062076588774082,0.0204373542518826,0.1037158232962814,0.19844819745852,0.0653347130085966,0.3315616819084434,0.0170069621036905,0.16432974887779828,True,True
arxiv_qbio,contrast_marker_conversely_per_1k_words,contrast_markers,0.0192649328655352,0.0320694963536479,0.0005606697830596,-0.0059899805332998,0.0071113200994192,0.0238877180749938,-0.255207201417768,0.3029826375677556,0.8667750129325407,0.0,0.0,0.0,0.0,0.0,,,,1.0,,False,False
arxiv_qbio,adjective_comprehensive_per_1k_words,adjectives,0.1190526785683803,0.3595373575923009,-0.0042110320383268,-0.0809457985759995,0.0725237344993459,-0.0674639106439795,-1.2968127699894254,1.1618849487014662,0.9143444045780256,0.1386517219278362,0.5359978042423695,-0.0101647767638201,-0.1530280706964789,0.1326985171688387,-0.0501728905541459,-0.7553398191777947,0.654994038069503,1.0,0.017291020089833596,True,False
arxiv_qbio,phrase_deep_dive_per_1k_words,phrases,0.0001879766382633,0.0002960484050984,-0.0004233505727461,-0.0010044270042274,0.0001577258587351,-0.2310651616036512,-0.548217253009476,0.0860869298021733,0.9669779375008004,0.0027157677475422,0.0,5.170877341768411e-05,-0.0005242555377029,0.0006276730845382,0.0019534837685377,-0.0198056270876155,0.023712594624691,1.0,0.23301864537218892,False,False
arxiv_qbio,phrase_intricate_web_per_1k_words,phrases,0.0005070968199958,0.0,0.0001055495691305,-0.0001191210823091,0.0003302202205703,0.0213552064871489,-0.0241010487360514,0.0668114617103494,0.9669779375008004,0.0,0.0,0.0,0.0,0.0,,,,1.0,,False,False
arxiv_qbio,marker_phrases_total_per_1k_words,phrases,0.002187758262408,0.0058074359187602,-0.0013276037132509,-0.0049624282117673,0.0023072207852653,-0.1430727490000094,-0.5347892890674074,0.2486437910673886,0.9669779375008004,0.0027157677475422,0.0,5.170877341768411e-05,-0.0005242555377029,0.0006276730845382,0.0019534837685377,-0.0198056270876155,0.023712594624691,1.0,0.14502623276854712,False,False
arxiv_qbio,phrase_intricate_interplay_per_1k_words,phrases,0.0014926848041488,0.0055113875136617,-0.0010098027096353,-0.0043422034235796,0.0023225980043088,-0.1297095163079519,-0.5577575702749076,0.2983385376590037,0.9669779375008004,0.0,0.0,0.0,0.0,0.0,,,,1.0,,False,False
arxiv_qbio,phrase_comprehensive_chapter_per_1k_words,phrases,0.0,0.0,0.0,0.0,0.0,,,,1.0,0.0,0.0,0.0,0.0,0.0,,,,1.0,,False,False
arxiv_qbio,phrase_essential_insight_per_1k_words,phrases,0.0,0.0,0.0,0.0,0.0,,,,1.0,0.0,0.0,0.0,0.0,0.0,,,,1.0,,False,False
arxiv_qbio,phrase_meticulously_delve_per_1k_words,phrases,0.0,0.0,0.0,0.0,0.0,,,,1.0,0.0,0.0,0.0,0.0,0.0,,,,1.0,,False,False
medarxiv,marker_words_total_per_1k_words,marker_words,4.171000659750027,6.22764093243282,1.0310027106651636,0.8910192166965452,1.170986204633782,2.775669055236537,2.3988050097463867,3.1525331007266875,3.6998284855246606e-46,1.9804841451456343,3.0066657244118766,0.575975051438778,0.4021432361981337,0.7498068666794224,1.107866504417642,0.7735074987173821,1.4422255101179025,1.0012302104299507e-09,-1.667802550818895,True,False
medarxiv,word_while_per_1k_words,marker_words,0.8627187470692825,1.1169143960002923,0.2270587188662505,0.1854918446762224,0.2686255930562786,2.0657364945202543,1.687569078592691,2.443903910447818,5.693845617150951e-26,0.0367803771315894,0.0282965270895258,-0.0185212415854467,-0.0360751500089676,-0.0009673331619259,-0.3189857095759801,-0.6213113343714786,-0.0166600847804815,0.0927341155759292,-2.3847222040962346,False,False
medarxiv,verb_align_per_1k_words,verbs,0.025281342210665,0.1008269949470188,0.0382885387128966,0.0310556068075941,0.0455214706181992,2.71180829654342,2.1995316359946995,3.2240849570921406,2.8837226787181862e-24,0.0102324986379587,0.0237894089123825,0.0136056625855132,0.0042823930317241,0.0229289321393024,0.3176674190480213,0.0999860707398038,0.5353487673562389,0.0380948492411285,-2.3941408774953987,True,False
medarxiv,clause_depth_std,syntax,2.2617407334082125,2.23252834633322,-0.0766717451819724,-0.0917778355629342,-0.0615656548010105,-1.912301145318624,-2.289068282524628,-1.5355340081126194,1.2854557420861118e-22,0.0521445485920956,0.0420598286894906,-0.0121260437081808,-0.018634692035652,-0.0056173953807096,-0.594809424233124,-0.9140731063842252,-0.2755457420820224,0.0003722876829452,1.3174917210855002,True,True
medarxiv,sentence_depth_std,syntax,2.2617407334082125,2.23252834633322,-0.0766717451819724,-0.0917778355629342,-0.0615656548010105,-1.912301145318624,-2.289068282524628,-1.5355340081126194,1.2854557420861118e-22,0.0521445485920956,0.0420598286894906,-0.0121260437081808,-0.018634692035652,-0.0056173953807096,-0.594809424233124,-0.9140731063842252,-0.2755457420820224,0.0003722876829452,1.3174917210855002,True,True
medarxiv,clause_depth,syntax,11.811033132027482,11.781743816000647,-0.3111679997149367,-0.3730036480138899,-0.2493323514159836,-1.8792523401789012,-2.252699439105344,-1.505805241252459,2.0060366620785715e-22,6.668206980602413,6.814444619125978,-0.22920474175789,-0.2813472762716228,-0.1770622072441573,-1.4472090327142866,-1.776439337280151,-1.117978728148422,6.955211853163767e-17,0.4320433074646146,True,True
medarxiv,word_finding_per_1k_words,marker_words,0.9037355090664636,1.383454431063889,0.2273017425768793,0.1820003216479529,0.2726031635058057,2.016636193396679,1.6147189708453755,2.418553415947984,3.2023487612006613e-22,0.4150866753392407,0.4357447022384594,0.1228215115273979,0.0600973739072204,0.1855456491475754,0.5235712668540002,0.2561868666156495,0.790955667092351,0.0004963254820408,-1.493064926542679,True,False
medarxiv,coordination_per_sentence_std,syntax,0.9529991043921824,0.951105074035573,-0.0345886407668251,-0.0427636120027041,-0.0264136695309461,-1.2903863616385916,-1.5953671633035045,-0.9854055599736788,2.7643797441583113e-16,0.0106647243578228,0.0080561314910781,-0.0007767673438539,-0.0022624068057741,0.0007088721180663,-0.157296211788774,-0.4581397800630719,0.1435473564855238,0.3394041177103179,1.1330901498498176,True,True
medarxiv,em_dash_per_1k_words,punctuation,0.1149695891124562,0.2646947010700033,0.167231883523386,0.1262783858397964,0.2081853812069755,2.844746052612079,2.1480948015379533,3.541397303686204,3.625667397131474e-15,0.1283992052069445,0.0953012220456424,-0.0171068539959752,-0.0434738104967257,0.0092601025047751,-0.1230454706517577,-0.3126966229356644,0.0666056816321488,0.2034989375691021,-2.9677915232638368,False,False
medarxiv,word_across_per_1k_words,marker_words,0.9267402957485572,1.5729048696570622,0.4416094160517636,0.3275248931198201,0.555693938983707,3.099271289093557,2.29861153501924,3.899931043167874,9.825114467159251e-14,0.7167263377881978,1.147916792978948,0.2624215798991228,0.1598927125422348,0.3649504472560108,0.8193505687261257,0.4992279408080835,1.1394731966441678,3.155637538453068e-06,-2.279920720367431,True,False
medarxiv,hedge_ratio,other,0.0046356831172137,0.0040704858872388,0.0002765912058832,0.0002018541995206,0.0003513282122458,0.8056920853606008,0.5879880758725774,1.0233960948486238,6.329731781135955e-13,0.0005854751891458,0.0003471165442707,0.0001875409643128,7.784319057062195e-05,0.0002972387380551,0.4894106969267879,0.2031411659194207,0.7756802279341553,0.0008056524188072,-0.31628138843381287,True,False
medarxiv,certainty_ratio,other,0.0016563199903681,0.0018252192271954,0.0004327826039422,0.000314857934498,0.0005507072733864,1.3889408844959354,1.0104820620068535,1.7673997069850171,6.329731781135955e-13,0.0005499430353019,0.0005466559111052,0.0002035672476172,0.0001165378390328,0.0002905966562016,0.5842035160614449,0.3344438563378084,0.8339631757850815,9.098738710884965e-06,-0.8047373684344905,True,False
medarxiv,word_particularly_per_1k_words,marker_words,0.2538993623821209,0.4669626986092301,0.1258444427674628,0.0754294852705101,0.1762594002644155,2.38008271014326,1.4265899214880875,3.333575498798432,2.3895320672309585e-06,0.0045572369425377,0.0,0.0034293976806375,-0.0027148747683127,0.0095736701295878,0.1981689614706643,-0.156880001522432,0.5532179244637607,0.4696633665193481,-2.1819137486725957,True,False
medarxiv,emphasis_marker_particularly_per_1k_words,emphasis_markers,0.2538993623821209,0.4669626986092301,0.1258444427674628,0.0754294852705101,0.1762594002644155,2.38008271014326,1.4265899214880875,3.333575498798432,4.978191806731163e-06,0.0045572369425377,0.0,0.0034293976806375,-0.0027148747683127,0.0095736701295878,0.1981689614706643,-0.156880001522432,0.5532179244637607,0.6849257428407161,-2.1819137486725957,True,False
medarxiv,sequential_marker_furthermore_per_1k_words,sequential_markers,0.1796384981115955,0.1900140120660315,-0.0488347959879601,-0.0685103065577082,-0.0291592854182119,-1.055496527661664,-1.4807554576152075,-0.6302375977081202,5.730431711569768e-06,0.0,0.0,0.0,0.0,0.0,,,,1.0,,False,False
medarxiv,avg_words_per_sentence,syntax,22.44199610349112,21.933234547265847,-0.326195595621163,-0.4641807338955107,-0.1882104573468154,-0.9178394584619828,-1.3060979337131804,-0.5295809832107851,7.193408249977337e-06,14.987666175333448,15.94554823350808,-0.6845035948189827,-0.9011269957822172,-0.4678801938557481,-0.9963535266087634,-1.3116674141169515,-0.6810396391005754,2.944720810093508e-09,-0.07851406814678064,True,True
medarxiv,emphasis_markers_total_per_1k_words,discourse_marker_totals,0.3982134011526971,0.6800855366609435,0.1583441760112095,0.0924207088783715,0.2242676431440475,2.466620252188673,1.4396916765974794,3.4935488277798665,1.2520149504311e-05,0.0078724031649721,0.0015333989628089,0.0047943699770528,-0.0039247461642154,0.0135134861183211,0.1774332021280409,-0.1452495912475578,0.5001159955036397,0.4502132801792508,-2.289187050060632,True,False
medarxiv,emphasis_marker_crucially_per_1k_words,emphasis_markers,0.0064330271523612,0.0079092135215314,0.0056285575411064,0.0030398259674489,0.0082172891147639,0.569665943498743,0.3076605889114462,0.8316712980860398,5.0756661376950825e-05,0.0,0.0,0.0,0.0,0.0,,,,1.0,,False,False
medarxiv,verb_exhibit_per_1k_words,verbs,0.1391750540986668,0.3345116714074728,0.0626418153082778,0.0342578498998505,0.091025780716705,1.368884269022727,0.7486218524744811,1.989146685570973,6.844972455799988e-05,0.0429099652994635,0.0298355621310995,0.007569848944771,-0.0094850820831439,0.0246247799726861,0.1061646333441082,-0.1330251460686452,0.3453544127568617,0.578845645944688,-1.2627196356786188,True,False
medarxiv,verb_underscore_per_1k_words,verbs,0.0341854782446294,0.2275923537269981,0.0799261002975162,0.0425284774677414,0.1173237231272909,4.528163061706501,2.409424205900216,6.646901917512786,8.409044405467967e-05,0.0014391636732062,0.0021357481525778,-0.0018453911472818,-0.0057065162813302,0.0020157339867664,-0.1978579930256339,-0.6118376910256376,0.2161217049743696,0.578845645944688,-4.7260210547321355,False,False
medarxiv,contrast_markers_total_per_1k_words,discourse_marker_totals,1.2037002920230706,1.2483319718258423,-0.0909352056505301,-0.1344242987186764,-0.0474461125823837,-0.8181662863511548,-1.2094482933340864,-0.4268842793682231,0.0001040318278005,0.0,0.0006107485639774,-0.0002587837984056,-0.0009305404514413,0.00041297285463,,,,0.4502132801792508,,False,False
medarxiv,avg_syllables_per_word,readability,2.0039523046560723,2.055555635175735,0.0192027256100469,0.0103719698764153,0.0280334813436785,1.2426607774508431,0.6711984752612157,1.8141230796404708,0.0001417762833693,2.1796074497312103,2.194115872040556,-0.0013062740574338,-0.0083278897180518,0.0057153416031841,-0.0302506757955845,-0.1928571500662489,0.1323557984750797,0.834618213209627,-1.2729114532464276,False,False
medarxiv,contrast_marker_however_per_1k_words,contrast_markers,1.1230997730995242,1.1601980708127904,-0.084007754710857,-0.1247934122804603,-0.0432220971412537,-0.7605584163327792,-1.129808555644258,-0.3913082770213003,0.0002705963932831,0.0,0.0,0.0,0.0,0.0,,,,1.0,,False,False
medarxiv,coordination_count,syntax,11.745781239849206,13.01393250439181,-0.4351257161079611,-0.663529452321168,-0.2067219798947542,-0.5936797188619327,-0.9053107277458748,-0.2820487099779906,0.0003141759913103,0.6511228234336592,0.6909928483320985,-0.0397215396296887,-0.0530540628919868,-0.0263890163673906,-0.889168526760519,-1.187617685017148,-0.59071936850389,1.3095628982733921e-08,-0.29548880789858634,True,True
medarxiv,flesch_reading_ease,readability,23.345951417204656,18.37764383660454,-1.547939386110353,-2.354629151021073,-0.7412496211996322,-0.8665238351548871,-1.3181021819189114,-0.4149454883908627,0.0005923210957265,6.770782058974815,0.5852620872914271,1.487358746627526,-0.3087863017588779,3.28350379501393,0.2725414141245885,-0.0565815446572565,0.6016643729064336,0.1464118825293991,1.1390652492794755,False,False
medarxiv,flesch_kincaid_grade,readability,14.863067536369911,15.368476040033118,0.1658893810646833,0.0765663933537478,0.2552123687756188,0.6635754096418708,0.3062738284296993,1.0208769908540425,0.0006359476952159,15.98554468051258,17.00606965583647,-0.3478194545252188,-0.6243453368358679,-0.0712935722145696,-0.4501163003720402,-0.80797094445078,-0.0922616562933004,0.0445983306410774,-1.113691710013911,False,False
medarxiv,gunning_fog,readability,18.080522028687607,18.704588763350756,0.1813973134382496,0.0782652694581898,0.2845293574183093,0.5908436422256943,0.2549240448491755,0.9267632396022132,0.0009904701805503,19.435920268868728,20.520206183031675,-0.3117616903059486,-0.5852889629468141,-0.038234417665083,-0.4251688261563994,-0.7981949966148395,-0.0521426556979591,0.0445983306410774,-1.0160124683820937,False,False
medarxiv,dependency_entropy,syntax,2.803114321119609,2.8056272885822704,-0.0042610953881743,-0.0067442703907276,-0.001777920385621,-0.6587552318332985,-1.0426481925563629,-0.2748622711102343,0.0011001018305862,1.9985487078605757,2.0059855638223927,-0.0120197987174682,-0.0183515340232534,-0.005688063411683,-0.556346014972416,-0.8494154571515391,-0.2632765727932928,0.0003722876829452,0.10240921686088256,True,True
medarxiv,summary_marker_in_summary_per_1k_words,summary_markers,0.0230009962599713,0.0217654335920448,-0.0092286406074587,-0.0141389274636016,-0.0043183537513158,-0.7196826244455847,-1.1026044741222845,-0.3367607747688846,0.0011492610316432,0.0,0.0,0.0,0.0,0.0,,,,1.0,,False,False
medarxiv,summary_marker_taken_together_per_1k_words,summary_markers,0.0273018704794369,0.0181377519921384,-0.0076084737957741,-0.0119230619789177,-0.0032938856126305,-0.3746449092012912,-0.5870973065549621,-0.1621925118476203,0.0013689988181164,0.0,0.0,0.0,0.0,0.0,,,,1.0,,False,False
medarxiv,causal_markers_total_per_1k_words,discourse_marker_totals,0.4122777665965357,0.3135133598946482,-0.0503369799625794,-0.0807054931906319,-0.0199684667345269,-0.7090189753734949,-1.1367731264683156,-0.2812648242786739,0.0019317154331091,0.0096325810969742,0.0,0.0029476282976654,-0.003486217907508,0.009381474502839,0.055198804324577,-0.065284710511763,0.1756823191609171,0.4502132801792508,0.7642177796980719,False,False
medarxiv,automated_readability_index,readability,16.837318894459127,17.467252069534197,0.2189341680786766,0.0800516862270725,0.3578166499302806,0.6963002379340211,0.2545971177367772,1.1380033581312647,0.0028046306475795,17.25226762157043,18.09515169242504,-0.2538839709489608,-0.4729355677858995,-0.0348323741120221,-0.491920928869412,-0.9163512880747886,-0.0674905696640355,0.0445983306410774,-1.188221166803433,False,False
medarxiv,causal_marker_thus_per_1k_words,causal_markers,0.2374652983714894,0.1631110484262476,-0.0439382693168607,-0.0691604368221123,-0.0187161018116091,-0.6390335062698517,-1.005862022440411,-0.2722049900992925,0.0031959284401291,0.0,0.0,0.0,0.0,0.0,,,,1.0,,False,False
medarxiv,sequential_markers_total_per_1k_words,discourse_marker_totals,0.8902971081541241,0.9884775349540996,-0.1532053838686039,-0.2527873754250881,-0.0536233923121198,-1.8403402203328565,-3.036543249590765,-0.6441371910749487,0.0032076866309157,0.0258117414603003,0.013533810217739,-0.0099399492970295,-0.0236595934682481,0.0037796948741891,-0.2520674947475903,-0.5999843936900178,0.095849404194837,0.3889976703320825,1.5882727255852662,True,False
medarxiv,marker_verbs_total_per_1k_words,verbs,0.3839336555921908,1.204896540191066,0.2601984382972123,0.0990653190963124,0.4213315574981121,2.887327434166122,1.0992918154046754,4.675363052927568,0.0034891716477148,0.2951830122069296,0.7352505567155694,0.0528153123465763,-0.0528939513873637,0.1585245760805164,0.2294274625407497,-0.229769067177415,0.6886239922589147,0.578845645944688,-2.6578999716253726,True,False
medarxiv,causal_marker_accordingly_per_1k_words,causal_markers,0.0255805520436584,0.0149329603756999,0.0034890218897998,0.0012013818740619,0.0057766619055376,0.127698621329836,0.0439707212662896,0.2114265213933825,0.0069900298622923,0.0,0.0,0.0,0.0,0.0,,,,1.0,,False,False
medarxiv,dale_chall,readability,13.42831154577144,13.913875325843186,0.1199575743018944,0.0318786078612291,0.2080365407425597,0.7578990617000464,0.2014109332148087,1.3143871901852842,0.0088654818003301,14.292781257897698,14.488834394107185,-0.0052618644709487,-0.0672005756326812,0.0566768466907837,-0.0398436613140294,-0.5088532763242337,0.4291659536961749,0.8677576523787598,-0.7977427230140758,False,False
medarxiv,emphasis_marker_importantly_per_1k_words,emphasis_markers,0.0673981370369404,0.0527528202552278,0.0089847254394807,0.0026374105116272,0.0153320403673342,0.2426462479514664,0.0712273034123011,0.4140651924906316,0.0092169538300096,0.0,0.0,0.0,0.0,0.0,,,,1.0,,False,False
medarxiv,causal_marker_hence_per_1k_words,causal_markers,0.0662213539038828,0.0388445554353414,-0.0073384349763718,-0.0129263723332468,-0.0017504976194968,-0.2849819668096447,-0.5019848268879461,-0.0679791067313434,0.016755203289908,0.0,0.0,0.0,0.0,0.0,,,,1.0,,False,False
medarxiv,list_of_three_per_1k_words,syntax,5.542696259977385,6.263816141700976,0.1720052847041366,0.0319419937618874,0.3120685756463857,0.54844650022222,0.1018484677314444,0.9950445327129954,0.0201059918758819,4.234649656239175,4.477678172524402,0.0140459926974238,-0.2384995619298888,0.2665915473247365,0.0184732286450473,-0.3136735889149741,0.3506200462050687,0.91319407265147,-0.5299732715771727,True,True
medarxiv,sequential_marker_further_per_1k_words,sequential_markers,0.35461665793511,0.3721869589505434,-0.0343751098476286,-0.0648307229878993,-0.0039194967073579,-0.4243042038039159,-0.8002286660710253,-0.0483797415368064,0.0487315409335576,0.0236093401886775,0.0115505410762169,-0.0092087836767729,-0.0244425018311963,0.0060249344776504,-0.2331462795168186,-0.6188307342260704,0.152538175192433,1.0,0.19115792428709732,True,False
medarxiv,sequential_marker_moreover_per_1k_words,sequential_markers,0.1416619965179056,0.1111032874381896,-0.0218592392215083,-0.0416087900392504,-0.0021096884037662,-0.5898071257849616,-1.1226905297002765,-0.0569237218696469,0.0487315409335576,0.0,0.0,0.0,0.0,0.0,,,,1.0,,False,False
medarxiv,sequential_marker_subsequently_per_1k_words,sequential_markers,0.0658058800685594,0.0648045417370839,-0.0085289346460465,-0.0166267721321323,-0.0004310971599606,-0.3313765908374098,-0.6460036680349557,-0.0167495136398638,0.0487315409335576,0.0009454977289144,0.0019832691415221,4.013359101727234e-05,-0.0032375598437563,0.0033178270257909,0.0065497222791678,-0.5283633310974928,0.5414627756558286,1.0,0.33792631311657756,False,False
medarxiv,summary_markers_total_per_1k_words,discourse_marker_totals,0.6494177081495046,0.744075602976371,-0.0393639696663348,-0.0795297539809546,0.0008018146482849,-0.3363402365896859,-0.6795314724762203,0.0068509992968483,0.0547476892474829,0.0554646100683944,0.0671252959944423,-0.0203389711799109,-0.0430179652332732,0.0023400228734512,-0.1730768288966561,-0.3660663532241713,0.0199126954308592,0.3889976703320825,0.16326340769302983,True,False
medarxiv,emphasis_marker_notably_per_1k_words,emphasis_markers,0.0549044519543205,0.138146752586605,0.0202919206576652,0.0003413140352576,0.0402425272800728,0.8625065774084194,0.014507527667684,1.7105056271491548,0.0577540852830507,0.0033151662224343,0.0,-0.0007032239065026,-0.0044723502020579,0.0030659023890525,-0.0327313314827129,-0.2081641076429727,0.1427014446775469,1.0,-0.8952379088911323,False,False
medarxiv,causal_marker_consequently_per_1k_words,causal_markers,0.032568009014091,0.0306396192018553,-0.0067403112820615,-0.0135673315478693,8.670898374614315e-05,-0.439259712525516,-0.88417016752862,0.0056507424775879,0.0662215615557651,0.0081400081400081,0.0,0.0038635461110531,-0.0025025047918955,0.0102295970140018,0.0732380235270772,-0.047437897609434,0.1939139446635885,1.0,0.5124977360525932,False,False
medarxiv,contrast_marker_nevertheless_per_1k_words,contrast_markers,0.0355527607683425,0.0262949285206899,-0.0044717058483646,-0.0084954917811862,-0.000447919915543,-0.2653026187474369,-0.5040305184475193,-0.0265747190473544,0.0734809756510946,0.0,0.0,0.0,0.0,0.0,,,,1.0,,False,False
medarxiv,sequential_marker_additionally_per_1k_words,sequential_markers,0.1485740755209533,0.2503687347622506,-0.0396073041654603,-0.0846852021450821,0.0054705938141615,-1.003845300335752,-2.146342548995239,0.138651948323735,0.0850447032697273,0.0012569035427083,0.0,-0.0007712992112738,-0.0026415168055246,0.0010989183829769,-0.0946882939531109,-0.3242849417031234,0.1349083537969016,1.0,0.9091570063826411,True,False
medarxiv,word_notably_per_1k_words,marker_words,0.0549044519543205,0.138146752586605,0.0202919206576652,0.0003413140352576,0.0402425272800728,0.8625065774084194,0.014507527667684,1.7105056271491548,0.0924065364528811,0.0033151662224343,0.0,-0.0007032239065026,-0.0044723502020579,0.0030659023890525,-0.0327313314827129,-0.2081641076429727,0.1427014446775469,0.8575187647853809,-0.8952379088911323,False,False
medarxiv,dependency_length_std,syntax,0.8154939304164506,0.8272062267077779,-0.0093173557651909,-0.0203411339462783,0.0017064224158963,-0.3980193021339036,-0.8689336483379432,0.072895044070136,0.1084443205671448,0.0143364055112914,0.0111735563698314,-0.001825444099626,-0.0033238911683876,-0.0003269970308645,-0.3329375860699043,-0.6062351085901445,-0.0596400635496641,0.0211916272253194,0.06508171606399926,True,True
medarxiv,word_additionally_per_1k_words,marker_words,0.1485740755209533,0.2503687347622506,-0.0396073041654603,-0.0846852021450821,0.0054705938141615,-1.003845300335752,-2.146342548995239,0.138651948323735,0.1457909198909612,0.0012569035427083,0.0,-0.0007712992112738,-0.0026415168055246,0.0010989183829769,-0.0946882939531109,-0.3242849417031234,0.1349083537969016,0.55853686335779,0.9091570063826411,True,False
medarxiv,verb_enhance_per_1k_words,verbs,0.1596509184144288,0.4860867097072667,0.0773963637364373,-0.012906095296731,0.1676988227696056,1.4686252548628125,-0.2448980362823161,3.182148546007941,0.1673668352811666,0.2352343269696542,0.6683922597349429,0.0400122455691073,-0.0582695173547993,0.138294008493014,0.1963403773399102,-0.2859289415560535,0.6786096962358739,0.578845645944688,-1.2722848775229023,True,False
medarxiv,causal_marker_thereby_per_1k_words,causal_markers,0.0504425532634139,0.0659851764555037,0.0041910137229148,-0.0018168917018068,0.0101989191476364,0.092991904175756,-0.0403139264632706,0.2262977348147828,0.1715428793326353,0.0014925729569661,0.0,-0.0009159178133876,-0.0031368012065605,0.0013049655797851,-0.0946882939531109,-0.3242849417031232,0.1349083537969013,1.0,-0.18768019812886688,False,False
medarxiv,summary_marker_collectively_per_1k_words,summary_markers,0.0232959700168921,0.0349418384949416,0.0046490787296791,-0.0009918005034682,0.0102899579628265,0.3454372490654676,-0.0736930599502785,0.7645675580812137,0.1741755164494365,0.0,0.0,0.0,0.0,0.0,,,,1.0,,False,False
medarxiv,summary_marker_overall_per_1k_words,summary_markers,0.5479837248075459,0.6193339748885048,-0.0263975891635678,-0.0613979032551041,0.0086027249279684,-0.2308562687661947,-0.5369464146030143,0.0752338770706248,0.1741755164494365,0.0554646100683944,0.0671252959944423,-0.0203389711799109,-0.0430179652332732,0.0023400228734512,-0.1730768288966561,-0.3660663532241713,0.0199126954308592,0.3939359558955551,0.057779439869538596,True,False
medarxiv,verb_garner_per_1k_words,verbs,0.0030467483469001,0.0038189330207446,0.0012353490789756,-0.000340989481228,0.0028116876391793,0.1277617752642362,-0.0352656768921117,0.2907892274205841,0.1868009970997139,0.0,0.0,0.0,0.0,0.0,,,,1.0,,False,False
medarxiv,emphasis_marker_remarkably_per_1k_words,emphasis_markers,0.0155784226269538,0.014314051688349,-0.0024054703945058,-0.0060584036634469,0.0012474628744352,-0.2370079059495966,-0.5969267254132685,0.1229109135140752,0.1968190251425824,0.0,0.0015333989628089,0.002068196202918,-0.0009413095131648,0.0050777019190008,,,,0.6849257428407161,,False,False
medarxiv,word_realm_per_1k_words,marker_words,0.0017303289415026,0.0034373899084992,-0.0016137739575915,-0.0038481860280474,0.0006206381128643,-0.2713517662252242,-0.6470621678839791,0.1043586354335307,0.235346208363899,0.0,0.0022573048966231,0.0012459898155741,-0.0016496561643487,0.0041416357954971,,,,0.55853686335779,,False,False
medarxiv,smog_index,readability,15.966015166181156,16.237088124445034,0.0357712895837349,-0.0235375477748773,0.0950801269423473,0.1768042658431074,-0.1163374008181266,0.4699459325043414,0.2371476227387237,15.543290312909798,16.216685033235915,-0.290321327060833,-0.4443899680166761,-0.1362526861049899,-0.75322308749925,-1.152945900157988,-0.3535002748405121,0.0015492182888303,-0.9300273533423574,False,False
medarxiv,word_within_per_1k_words,marker_words,0.7879458874775348,0.894122986826304,0.035201954963542,-0.0190886490466224,0.0894925589737064,0.2174645880529182,-0.1179225757691497,0.5528517518749863,0.2717039588372905,0.2932447289701075,0.3062997067431046,-0.0281163784530344,-0.0711240819836108,0.0148913250775419,-0.1589198220421302,-0.40200861823744,0.0841689741531796,0.4001385632801379,-0.3763844100950484,False,False
medarxiv,verb_foster_per_1k_words,verbs,0.016712297169129,0.0315362806942956,0.0053382466298475,-0.0035629783030481,0.0142394715627432,0.2417567282134961,-0.161358969895549,0.6448724263225414,0.2776848853104103,0.0053670576266468,0.007767177270841,-0.0055017063179083,-0.0124231789707981,0.0014197663349813,-0.2603019622059984,-0.5877772596492301,0.0671733352372332,0.5365973969410107,-0.5020586904194945,False,False
medarxiv,verb_delve_per_1k_words,verbs,0.0001803772996612,0.005896129916684,-0.0023277962565897,-0.0062674869317878,0.0016118944186083,-3.197816419035334,-8.609977166095572,2.214344328024903,0.2776848853104103,0.0,0.0011875666521783,-0.0005031907191221,-0.0018093842111357,0.0008030027728915,,,,0.578845645944688,,False,False
medarxiv,verb_showcase_per_1k_words,verbs,0.0057014398081103,0.0146274667705852,-0.002300179210149,-0.0084455664948027,0.0038452080745045,-0.3806339802027914,-1.3975735350532634,0.6363055746476803,0.4631831227459378,0.0,0.002142833861547,-0.0005221565685029,-0.002471476237715,0.0014271631007091,,,,0.6745174299200835,,False,False
medarxiv,dependency_length,syntax,3.5111218371999464,3.5330724047855813,-0.0070578877718991,-0.0288839427292715,0.0147681671854733,-0.1984880348733134,-0.8122992624723759,0.415323192725749,0.5262081713397113,2.480873428412566,2.5361970591079714,-0.0561149307002997,-0.0742768575642177,-0.0379530038363817,-0.9082953094313954,-1.2022704204198988,-0.6143201984428921,4.6569576433334525e-09,-0.7098072745580819,True,True
medarxiv,phrase_deep_dive_per_1k_words,phrases,0.0001149049735253,0.0,0.0001611549817981,-1.9339193315538465e-05,0.0003416491569117,0.3093610262378306,-0.0371244662991627,0.6558465187748239,0.5608351701155663,0.0,0.0,0.0,0.0,0.0,,,,1.0,,False,False
medarxiv,word_interplay_per_1k_words,marker_words,0.0243860047520507,0.0427297169254798,0.0029974428797655,-0.0074228914256913,0.0134177771852225,0.1387774131556842,-0.3436694914678446,0.621224317779213,0.6874680229037345,0.0389754789931891,0.0752864127077039,-0.0034173356368148,-0.0304850809084547,0.0236504096348249,-0.0622950293478541,-0.5557162689568037,0.4311262102610954,0.8776997944506867,-0.2010724425035383,False,False
medarxiv,contrast_marker_nonetheless_per_1k_words,contrast_markers,0.0178567465525727,0.0152222448971261,-0.0016886101156283,-0.0064493509656065,0.0030721307343498,-0.0892165609122246,-0.3407470486775064,0.1623139268530571,0.7394229599641995,0.0,0.0,0.0,0.0,0.0,,,,1.0,,False,False
medarxiv,contrast_marker_alternatively_per_1k_words,contrast_markers,0.0035771056561139,0.0043414917732317,0.0002951149539181,-0.0011152887450879,0.0017055186529242,0.0705702895867387,-0.2666969215511898,0.4078375007246673,0.7394229599641995,0.0,0.0006107485639774,-0.0002587837984056,-0.0009305404514413,0.00041297285463,,,,1.0,,False,False
medarxiv,contrast_marker_conversely_per_1k_words,contrast_markers,0.0236139059465172,0.0422752358220044,-0.0010622499295981,-0.0073217199414155,0.0051972200822191,-0.0731368998454117,-0.5041072568053927,0.3578334571145691,0.7394229599641995,0.0,0.0,0.0,0.0,0.0,,,,1.0,,False,False
medarxiv,colon_per_1k_words,punctuation,2.937949177950406,3.465654903474055,0.0304291687199684,-0.1393974240650662,0.2002557615050031,0.0764702942900696,-0.3503139418507356,0.503254530430875,0.7525257989935334,21.207822840697524,24.09418720365926,2.402307397054246,1.6241882639261875,3.180426530182304,1.4637008334389168,0.9896009638423412,1.937800703035492,4.3142260057621905e-09,1.387230539148847,True,False
medarxiv,semicolon_per_1k_words,punctuation,3.3503758450479584,3.569178955884857,0.0514863970760089,-0.2685577816158715,0.3715305757678894,0.0871368178093515,-0.4545136544201901,0.6287872900388931,0.7525257989935334,0.3094103920820752,0.2169559360398399,-0.1183270812175253,-0.1675551261214627,-0.0690990363135879,-0.6797079758197809,-0.9624893510631072,-0.3969266005764549,3.694704390797608e-06,-0.7668447936291324,False,False
medarxiv,word_insight_per_1k_words,marker_words,0.2057029772503213,0.3555889372646933,-0.0082387894205741,-0.0625019805996846,0.0460244017585362,-0.1136353116499981,-0.8620722877624305,0.6348016644624341,0.8005148793064162,0.4705412402156293,1.009125594844592,0.2375125147009185,0.0665402894761557,0.4084847399256813,0.6509803850235387,0.1823753300633892,1.1195854399836884,0.0194189041606846,0.7646156966735368,False,False
medarxiv,word_meticulously_per_1k_words,marker_words,0.000663019586919,0.0030100188285143,0.0001569394454605,-0.0010604118638341,0.0013742907547551,0.098428263269233,-0.6650622334047555,0.8619187599432215,0.8005148793064162,0.0,0.0017386829129198,7.353660819954966e-05,-0.0013601843029443,0.0015072575193434,,,,0.9199236838177964,,False,False
medarxiv,summary_marker_ultimately_per_1k_words,summary_markers,0.0278351465856583,0.0498966040087412,-0.0007783448292132,-0.0070877073350891,0.0055310176766627,-0.0514170510650355,-0.468210228043372,0.3653761259133009,0.8089410327408542,0.0,0.0,0.0,0.0,0.0,,,,1.0,,False,False
medarxiv,adjective_intricate_per_1k_words,adjectives,0.0022399599319234,0.015362826249268,-0.0021258415359918,-0.009166477667602,0.0049147945956183,-0.4491395399139006,-1.9366577858951053,1.038378706067304,0.8969281843441653,0.0,0.0010742707849911,-0.0007087221140946,-0.0020926012286757,0.0006751570004864,,,,0.4732347516187115,,False,False
medarxiv,adjective_comprehensive_per_1k_words,adjectives,0.158944394404131,0.3185865305163329,0.0073735040471165,-0.0301292333282129,0.044876241422446,0.1499806442305554,-0.6128432012599504,0.9128044897210612,0.8969281843441653,0.2548883330737952,0.3988763183408818,0.0672652981535258,-0.0035542046507827,0.1380848009578343,0.2089958832758311,-0.011043051331431,0.4290348178830931,0.1253094342620767,0.0590152390452757,True,False
medarxiv,adjective_crucial_per_1k_words,adjectives,0.1087142175988989,0.2022370595285641,0.0065030320757395,-0.0408326429906538,0.0538387071421328,0.1605982379203533,-1.0083989187742322,1.3295953946149388,0.8969281843441653,0.0212068153651519,0.0099390090510115,-0.0027329112759236,-0.012962002522902,0.0074961799710548,-0.0519540024524329,-0.2464141140607302,0.1425061091558642,0.7206229318446923,-0.2125522403727862,False,False
medarxiv,marker_adjectives_total_per_1k_words,adjectives,1.1593807896886483,1.742744999798398,0.020625554508425,-0.1699544492163563,0.2112055582332065,0.1379295756758815,-1.136538901539097,1.41239805289086,0.8969281843441653,1.0082297552388435,1.1175060151163558,0.2219402277585059,0.0559391759810957,0.3879412795359162,0.438714350161303,0.1105762550888642,0.766852445233742,0.0263416331800491,0.3007847744854215,True,False
medarxiv,adjective_potential_per_1k_words,adjectives,0.8671098476916169,1.175124979810599,0.0095235525232643,-0.089340062812605,0.1083871678591338,0.0758992173623256,-0.7120075024538707,0.863805937178522,0.8969281843441653,0.7205536192956599,0.6967139498520587,0.1598647743496551,0.0483465694450516,0.2713829792542587,0.4359348704886858,0.131836144487363,0.7400335964900087,0.0263416331800491,0.3600356531263602,True,False
medarxiv,adjective_pivotal_per_1k_words,adjectives,0.022372370062078,0.031433603693634,-0.0006486926017034,-0.0104635012377557,0.0091661160343487,-0.0149945717610336,-0.2418645129745245,0.2118753694524573,0.8969281843441653,0.0115809875042364,0.0109024670874124,-0.0017482113546568,-0.0124150108532546,0.0089185881439409,-0.0419277662815614,-0.2977521408104983,0.2138966082473755,0.7480362233323067,-0.026933194520527795,True,False
medarxiv,phrase_intricate_interplay_per_1k_words,phrases,6.531209384041642e-05,0.0025452149564571,-0.0007874661172424,-0.0023351781167981,0.0007602458823133,-1.860431242168419,-5.516984451004474,1.7961219666676354,1.0,0.0,0.0,0.0,0.0,0.0,,,,1.0,,False,False
medarxiv,marker_phrases_total_per_1k_words,phrases,0.0002691421902781,0.0025452149564571,-0.0006331067958597,-0.0022077234931017,0.0009415099013822,-0.7387531247144691,-2.576125607401824,1.0986193579728856,1.0,0.0,0.0,0.0,0.0,0.0,,,,1.0,,False,False
medarxiv,phrase_intricate_web_per_1k_words,phrases,8.892512291230489e-05,0.0,-6.795660415482162e-06,-0.0001077934548058,9.420213397488878e-05,-0.0117918663811999,-0.1870437806077964,0.1634600478453965,1.0,0.0,0.0,0.0,0.0,0.0,,,,1.0,,False,False
medarxiv,phrase_comprehensive_chapter_per_1k_words,phrases,0.0,0.0,0.0,0.0,0.0,,,,1.0,0.0,0.0,0.0,0.0,0.0,,,,1.0,,False,False
medarxiv,phrase_essential_insight_per_1k_words,phrases,0.0,0.0,0.0,0.0,0.0,,,,1.0,0.0,0.0,0.0,0.0,0.0,,,,1.0,,False,False
medarxiv,phrase_meticulously_delve_per_1k_words,phrases,0.0,0.0,0.0,0.0,0.0,,,,1.0,0.0,0.0,0.0,0.0,0.0,,,,1.0,,False,False
