month_ts,paper_count,word_finding_per_1k_words_monthly_mean,word_interplay_per_1k_words_monthly_mean,word_realm_per_1k_words_monthly_mean,word_insight_per_1k_words_monthly_mean,word_notably_per_1k_words_monthly_mean,word_particularly_per_1k_words_monthly_mean,word_meticulously_per_1k_words_monthly_mean,word_while_per_1k_words_monthly_mean,word_within_per_1k_words_monthly_mean,word_across_per_1k_words_monthly_mean,word_additionally_per_1k_words_monthly_mean,verb_delve_per_1k_words_monthly_mean,verb_underscore_per_1k_words_monthly_mean,verb_showcase_per_1k_words_monthly_mean,verb_enhance_per_1k_words_monthly_mean,verb_exhibit_per_1k_words_monthly_mean,verb_garner_per_1k_words_monthly_mean,verb_align_per_1k_words_monthly_mean,verb_foster_per_1k_words_monthly_mean,adjective_crucial_per_1k_words_monthly_mean,adjective_pivotal_per_1k_words_monthly_mean,adjective_comprehensive_per_1k_words_monthly_mean,adjective_intricate_per_1k_words_monthly_mean,adjective_potential_per_1k_words_monthly_mean,phrase_meticulously_delve_per_1k_words_monthly_mean,phrase_intricate_web_per_1k_words_monthly_mean,phrase_comprehensive_chapter_per_1k_words_monthly_mean,phrase_deep_dive_per_1k_words_monthly_mean,phrase_intricate_interplay_per_1k_words_monthly_mean,phrase_essential_insight_per_1k_words_monthly_mean,sequential_marker_additionally_per_1k_words_monthly_mean,sequential_marker_furthermore_per_1k_words_monthly_mean,sequential_marker_moreover_per_1k_words_monthly_mean,sequential_marker_subsequently_per_1k_words_monthly_mean,sequential_marker_further_per_1k_words_monthly_mean,causal_marker_hence_per_1k_words_monthly_mean,causal_marker_thus_per_1k_words_monthly_mean,causal_marker_consequently_per_1k_words_monthly_mean,causal_marker_accordingly_per_1k_words_monthly_mean,causal_marker_thereby_per_1k_words_monthly_mean,contrast_marker_however_per_1k_words_monthly_mean,contrast_marker_nonetheless_per_1k_words_monthly_mean,contrast_marker_nevertheless_per_1k_words_monthly_mean,contrast_marker_conversely_per_1k_words_monthly_mean,contrast_marker_alternatively_per_1k_words_monthly_mean,emphasis_marker_notably_per_1k_words_monthly_mean,emphasis_marker_crucially_per_1k_words_monthly_mean,emphasis_marker_remarkably_per_1k_words_monthly_mean,emphasis_marker_particularly_per_1k_words_monthly_mean,emphasis_marker_importantly_per_1k_words_monthly_mean,summary_marker_overall_per_1k_words_monthly_mean,summary_marker_collectively_per_1k_words_monthly_mean,summary_marker_ultimately_per_1k_words_monthly_mean,summary_marker_in_summary_per_1k_words_monthly_mean,summary_marker_taken_together_per_1k_words_monthly_mean,em_dash_per_1k_words_monthly_mean,semicolon_per_1k_words_monthly_mean,colon_per_1k_words_monthly_mean,clause_depth_monthly_mean,clause_depth_std_monthly_mean,dependency_entropy_monthly_mean,dependency_length_monthly_mean,dependency_length_std_monthly_mean,coordination_count_monthly_mean,coordination_per_sentence_std_monthly_mean,sentence_depth_std_monthly_mean,list_of_three_per_1k_words_monthly_mean,avg_words_per_sentence_monthly_mean,avg_syllables_per_word_monthly_mean,flesch_reading_ease_monthly_mean,flesch_kincaid_grade_monthly_mean,dale_chall_monthly_mean,smog_index_monthly_mean,automated_readability_index_monthly_mean,gunning_fog_monthly_mean,hedge_ratio_monthly_mean,certainty_ratio_monthly_mean,year,month
2015-01-01,1,0.0,0.0,0.0,0.0,0.0,0.0,0.0,0.0,0.0,0.0,0.0,0.0,0.0,0.0,0.0,0.0,0.0,0.0,0.0,0.0,0.0,0.0,0.0,25.0,0.0,0.0,0.0,0.0,0.0,0.0,0.0,0.0,0.0,0.0,0.0,0.0,0.0,0.0,0.0,0.0,0.0,0.0,0.0,0.0,0.0,0.0,0.0,0.0,0.0,0.0,0.0,0.0,0.0,0.0,0.0,0.0,0.0,0.0,12.0,4.163331998932266,2.3159331776301104,2.4390243902439024,0.46862473839237434,2.0,1.1547005383792517,4.163331998932266,0.0,13.0,2.282051282051282,9.319430894308937,15.354634146341464,13.942415447154472,15.470042427545799,14.46747967479675,19.12520325203252,0.0,0.0,2015,1
2015-05-01,1,0.0,0.0,0.0,0.0,0.0,0.0,0.0,0.0,0.0,0.0,0.0,0.0,0.0,0.0,0.0,0.0,0.0,0.0,0.0,0.0,0.0,0.0,0.0,0.0,0.0,0.0,0.0,0.0,0.0,0.0,0.0,0.0,0.0,0.0,0.0,0.0,0.0,0.0,0.0,0.0,0.0,0.0,0.0,0.0,0.0,0.0,0.0,0.0,0.0,0.0,0.0,0.0,0.0,0.0,0.0,0.0,0.0,0.0,18.0,4.033195589934446,2.813534678761536,2.7948717948717947,0.32484689624995133,6.0,0.6324555320336759,4.033195589934446,14.084507042253522,23.5,2.021276595744681,6.541568627450999,17.97794117647059,13.00407549019608,18.599290044081553,18.301862745098042,21.71372549019608,0.0,0.0,2015,5
2017-02-01,1,0.0,0.0,0.0,6.024096385542169,0.0,0.0,0.0,6.024096385542169,0.0,0.0,0.0,0.0,0.0,0.0,0.0,0.0,0.0,0.0,0.0,0.0,0.0,0.0,0.0,0.0,0.0,0.0,0.0,0.0,0.0,0.0,0.0,0.0,0.0,0.0,0.0,0.0,0.0,0.0,0.0,0.0,0.0,0.0,0.0,0.0,0.0,0.0,0.0,6.024096385542169,0.0,0.0,0.0,0.0,0.0,0.0,0.0,0.0,0.0,0.0,9.0,1.6158932858054431,2.8031780960429153,3.5803108808290154,0.9372521496879915,3.0,0.7071067811865476,1.6158932858054431,0.0,,,,,,,,,0.012048192771084338,0.0,2017,2
2017-10-01,1,0.0,0.0,0.0,0.0,0.0,0.0,0.0,0.0,0.0,0.0,0.0,0.0,0.0,0.0,0.0,0.0,0.0,0.0,0.0,0.0,0.0,7.633587786259541,0.0,0.0,0.0,0.0,0.0,0.0,0.0,0.0,0.0,0.0,0.0,0.0,0.0,0.0,0.0,0.0,0.0,0.0,0.0,0.0,0.0,0.0,0.0,0.0,0.0,0.0,0.0,0.0,0.0,0.0,0.0,0.0,0.0,0.0,0.0,0.0,11.0,2.70801280154532,2.5485248606476913,3.2074074074074073,0.6870731155776193,8.0,0.816496580927726,2.70801280154532,0.0,,,,,,,,,0.0,0.007633587786259542,2017,10
2018-03-01,1,0.0,0.0,0.0,0.0,0.0,0.0,0.0,0.0,0.0,0.0,0.0,0.0,0.0,0.0,0.0,0.0,0.0,0.0,0.0,0.0,0.0,0.0,0.0,3.875968992248062,0.0,0.0,0.0,0.0,0.0,0.0,0.0,0.0,3.875968992248062,0.0,0.0,0.0,3.875968992248062,0.0,0.0,0.0,3.875968992248062,0.0,0.0,0.0,0.0,0.0,0.0,0.0,0.0,0.0,0.0,0.0,0.0,0.0,0.0,0.0,0.0,3.875968992248062,8.0,0.9847319278346618,2.7956632623136746,3.0476190476190474,0.291360486049129,5.0,0.6685579234215214,0.9847319278346618,0.0,,,,,,,,,0.0,0.0,2018,3
2018-04-01,1,0.0,0.0,0.0,0.0,0.0,0.0,0.0,0.0,19.607843137254903,0.0,0.0,0.0,0.0,0.0,0.0,0.0,0.0,0.0,0.0,0.0,0.0,0.0,0.0,0.0,0.0,0.0,0.0,0.0,0.0,0.0,0.0,0.0,0.0,0.0,9.803921568627452,0.0,0.0,0.0,0.0,0.0,9.803921568627452,0.0,0.0,0.0,0.0,0.0,0.0,0.0,0.0,0.0,0.0,0.0,0.0,0.0,0.0,0.0,0.0,9.803921568627452,10.0,2.6076809620810595,2.7023877535902474,3.3559322033898304,0.7270298678228035,6.0,0.8366600265340756,2.6076809620810595,9.803921568627452,,,,,,,,,0.0,0.0,2018,4
2018-05-01,1,0.0,0.0,0.0,0.0,0.0,0.0,0.0,0.0,0.0,0.0,0.0,0.0,0.0,0.0,0.0,0.0,0.0,0.0,0.0,0.0,0.0,0.0,0.0,10.869565217391305,0.0,0.0,0.0,0.0,0.0,0.0,0.0,0.0,0.0,0.0,0.0,0.0,0.0,0.0,0.0,0.0,0.0,0.0,0.0,0.0,0.0,0.0,0.0,0.0,0.0,0.0,0.0,0.0,0.0,0.0,0.0,0.0,0.0,0.0,10.0,1.9148542155126762,2.426758332536043,2.98989898989899,0.3764400634785604,1.0,0.5,1.9148542155126762,0.0,,,,,,,,,0.0,0.010869565217391304,2018,5
2018-06-01,4,0.0,0.0,0.0,0.0,0.0,0.0,0.0,0.0,0.0,0.0,0.0,0.0,0.0,0.0,0.0,3.8461538461538463,0.0,0.0,0.0,0.0,0.0,0.0,0.0,0.0,0.0,0.0,0.0,0.0,0.0,0.0,0.0,0.0,0.0,0.0,2.5252525252525255,0.0,0.0,0.0,0.0,0.0,0.0,0.0,0.0,0.0,0.0,0.0,0.0,0.0,0.0,0.0,0.0,0.0,0.0,0.0,0.0,0.0,0.0,0.0,12.25,2.018312879592605,2.4437145485714433,3.1753870108649522,0.5490143327592979,2.5,0.49279927982674443,2.018312879592605,0.0,,,,,,,,,0.0025252525252525255,0.0025252525252525255,2018,6
2019-03-01,1,0.0,0.0,0.0,0.0,0.0,0.0,0.0,0.0,13.157894736842104,0.0,0.0,0.0,0.0,0.0,0.0,0.0,0.0,0.0,0.0,0.0,0.0,0.0,0.0,0.0,0.0,0.0,0.0,0.0,0.0,0.0,0.0,0.0,0.0,0.0,0.0,0.0,0.0,0.0,0.0,0.0,0.0,0.0,0.0,0.0,0.0,0.0,0.0,0.0,0.0,0.0,0.0,0.0,0.0,0.0,0.0,0.0,0.0,0.0,12.0,2.03100960115899,2.778079923879405,3.6591760299625467,0.8388461631073516,13.0,0.9161253813129043,2.03100960115899,8.771929824561402,,,,,,,,,0.0043859649122807015,0.0,2019,3
2019-07-01,1,0.0,0.0,0.0,0.0,0.0,0.0,0.0,0.0,0.0,0.0,0.0,0.0,0.0,0.0,0.0,0.0,0.0,0.0,0.0,0.0,0.0,0.0,0.0,0.0,0.0,0.0,0.0,0.0,0.0,0.0,0.0,0.0,0.0,0.0,0.0,0.0,0.0,0.0,0.0,0.0,0.0,0.0,0.0,0.0,0.0,0.0,0.0,0.0,0.0,0.0,0.0,0.0,0.0,0.0,0.0,0.0,0.0,11.76470588235294,9.0,1.5275252316519465,2.764837408267431,3.24468085106383,0.6929979782006922,4.0,0.5773502691896257,1.5275252316519465,11.76470588235294,,,,,,,,,0.0,0.0,2019,7
2019-08-01,1,3.5971223021582737,0.0,0.0,0.0,0.0,0.0,0.0,0.0,0.0,0.0,0.0,0.0,0.0,0.0,0.0,0.0,0.0,0.0,0.0,0.0,0.0,0.0,0.0,0.0,0.0,0.0,0.0,0.0,0.0,0.0,0.0,0.0,3.5971223021582737,0.0,0.0,0.0,0.0,0.0,0.0,0.0,3.5971223021582737,0.0,0.0,0.0,0.0,0.0,0.0,0.0,0.0,0.0,0.0,0.0,0.0,0.0,0.0,0.0,0.0,0.0,17.0,3.142893217686178,2.691012228738811,3.8141025641025643,1.1261473247466152,11.0,0.5676462121975467,3.142893217686178,3.5971223021582737,,,,,,,,,0.0,0.0,2019,8
2019-11-01,1,0.0,0.0,0.0,0.0,0.0,0.0,0.0,0.0,0.0,0.0,0.0,0.0,0.0,0.0,0.0,6.289308176100629,0.0,0.0,0.0,0.0,0.0,0.0,0.0,0.0,0.0,0.0,0.0,0.0,0.0,0.0,0.0,0.0,0.0,0.0,0.0,0.0,0.0,0.0,0.0,0.0,0.0,0.0,0.0,0.0,0.0,0.0,0.0,0.0,0.0,0.0,0.0,0.0,0.0,0.0,0.0,0.0,0.0,0.0,15.0,3.9761191895520196,2.847875241835911,3.0903614457831323,0.7322249838497323,4.0,1.133893419027682,3.9761191895520196,0.0,,,,,,,,,0.012578616352201259,0.006289308176100629,2019,11
2020-01-01,1,0.0,0.0,0.0,0.0,0.0,0.0,0.0,0.0,12.82051282051282,0.0,0.0,0.0,0.0,0.0,0.0,0.0,0.0,0.0,0.0,0.0,0.0,0.0,0.0,8.547008547008549,0.0,0.0,0.0,0.0,0.0,0.0,0.0,0.0,0.0,0.0,0.0,4.273504273504274,0.0,0.0,0.0,0.0,4.273504273504274,0.0,0.0,0.0,0.0,0.0,0.0,0.0,0.0,0.0,0.0,0.0,0.0,0.0,0.0,0.0,0.0,0.0,11.0,1.689540012709215,2.7365504177542426,2.905349794238683,0.619933073388501,10.0,1.0444659357341868,1.689540012709215,8.547008547008549,,,,,,,,,0.0,0.004273504273504274,2020,1
2020-04-01,1,0.0,0.0,0.0,0.0,0.0,0.0,0.0,0.0,4.5662100456621,0.0,0.0,0.0,0.0,0.0,0.0,0.0,0.0,0.0,0.0,0.0,0.0,0.0,0.0,0.0,0.0,0.0,0.0,0.0,0.0,0.0,0.0,0.0,0.0,0.0,0.0,0.0,0.0,0.0,4.5662100456621,0.0,0.0,0.0,0.0,0.0,0.0,0.0,0.0,0.0,0.0,0.0,0.0,0.0,0.0,0.0,0.0,9.1324200913242,0.0,0.0,10.0,2.057506581601462,2.730747544779665,3.278969957081545,0.804542435758002,5.0,0.8498365855987975,2.057506581601462,9.1324200913242,,,,,,,,,0.0,0.0091324200913242,2020,4
2020-05-01,2,0.0,0.0,0.0,0.0,0.0,0.0,0.0,0.0,1.7241379310344827,0.0,0.0,0.0,0.0,0.0,0.0,0.0,0.0,0.0,0.0,0.0,0.0,0.0,0.0,1.7241379310344827,0.0,0.0,0.0,0.0,0.0,0.0,0.0,0.0,0.0,0.0,0.0,0.0,0.0,0.0,0.0,0.0,1.7241379310344827,0.0,0.0,0.0,0.0,0.0,0.0,0.0,0.0,0.0,0.0,0.0,0.0,0.0,0.0,1.7241379310344827,0.0,0.0,11.5,2.5519002502238815,2.660857254382625,3.129224290319226,0.5265543845596703,6.5,0.6766564769227058,2.5519002502238815,11.528059499661934,,,,,,,,,0.0,0.0,2020,5
2020-06-01,1,0.0,0.0,0.0,0.0,0.0,0.0,0.0,0.0,0.0,0.0,0.0,0.0,0.0,0.0,0.0,0.0,0.0,0.0,0.0,0.0,0.0,0.0,0.0,0.0,0.0,0.0,0.0,0.0,0.0,0.0,0.0,0.0,0.0,0.0,0.0,0.0,0.0,0.0,0.0,0.0,0.0,0.0,0.0,0.0,0.0,0.0,0.0,0.0,0.0,0.0,0.0,0.0,0.0,0.0,0.0,0.0,0.0,0.0,10.0,1.8708286933869707,2.7564047554300317,3.3125,0.5873561415220164,2.0,0.44095855184409843,1.8708286933869707,0.0,,,,,,,,,0.0,0.0,2020,6
2020-07-01,1,0.0,0.0,0.0,0.0,0.0,0.0,0.0,0.0,0.0,0.0,0.0,0.0,0.0,0.0,0.0,0.0,0.0,3.968253968253968,0.0,0.0,0.0,0.0,0.0,0.0,0.0,0.0,0.0,0.0,0.0,0.0,0.0,0.0,0.0,0.0,0.0,0.0,0.0,0.0,0.0,0.0,0.0,0.0,0.0,0.0,0.0,0.0,0.0,0.0,0.0,0.0,0.0,0.0,0.0,0.0,0.0,0.0,0.0,0.0,14.0,2.9730936268953445,2.899972774629402,3.199275362318841,0.36555443710140345,7.0,0.6408699444616557,2.9730936268953445,3.968253968253968,,,,,,,,,0.0,0.0,2020,7
2020-08-01,2,0.0,0.0,0.0,0.0,0.0,0.0,0.0,0.0,0.0,0.0,0.0,0.0,0.0,0.0,0.0,0.0,0.0,0.0,0.0,0.0,0.0,0.0,0.0,0.0,0.0,0.0,0.0,0.0,0.0,0.0,0.0,0.0,0.0,0.0,0.0,0.0,0.0,0.0,0.0,0.0,0.0,0.0,0.0,0.0,0.0,0.0,0.0,0.0,0.0,0.0,0.0,0.0,0.0,0.0,0.0,2.73224043715847,0.0,0.0,11.5,2.2648910988026607,2.88988664541134,3.0458851273032495,0.40597685314100773,3.0,0.5820886182411587,2.2648910988026607,2.73224043715847,,,,,,,,,0.0,0.00273224043715847,2020,8
2020-09-01,3,1.4184397163120568,0.0,0.0,0.0,0.0,0.0,0.0,2.645502645502645,0.0,0.0,0.0,0.0,0.0,0.0,0.0,1.4184397163120568,0.0,0.0,0.0,0.0,0.0,0.0,0.0,3.8532321141016794,0.0,0.0,0.0,0.0,0.0,0.0,0.0,0.0,0.0,0.0,0.0,0.0,2.645502645502645,0.0,0.0,0.0,1.4184397163120568,0.0,0.0,0.0,0.0,0.0,0.0,0.0,0.0,0.0,0.0,0.0,1.2077294685990339,0.0,0.0,3.6231884057971016,0.0,5.271671830413736,13.333333333333334,2.974049866176314,2.7666360621448214,3.4300223022816945,0.8021886040917993,5.333333333333333,0.5983986373683283,2.974049866176314,1.2077294685990339,,,,,,,,,0.0038338986535101246,0.0,2020,9
2020-10-01,2,0.0,0.0,0.0,0.0,0.0,0.0,0.0,0.0,0.0,0.0,0.0,0.0,0.0,0.0,0.0,0.0,0.0,0.0,0.0,0.0,0.0,0.0,0.0,0.0,0.0,0.0,0.0,0.0,0.0,0.0,0.0,0.0,0.0,0.0,0.0,7.575757575757576,0.0,0.0,0.0,0.0,0.0,0.0,0.0,0.0,0.0,0.0,0.0,0.0,0.0,0.0,0.0,0.0,0.0,0.0,0.0,0.0,0.0,0.0,11.0,2.0412003786124258,2.655970736354398,3.2823655913978493,0.7164374035692362,5.5,0.8779644730092272,2.0412003786124258,2.074688796680498,,,,,,,,,0.0,0.0,2020,10
2020-11-01,2,0.0,0.0,0.0,0.0,0.0,0.0,0.0,0.0,0.0,0.0,0.0,0.0,0.0,0.0,0.0,0.0,0.0,0.0,0.0,0.0,0.0,0.0,0.0,0.0,0.0,0.0,0.0,0.0,0.0,0.0,0.0,0.0,0.0,0.0,0.0,0.0,1.7730496453900708,0.0,0.0,0.0,1.7730496453900708,0.0,0.0,0.0,0.0,0.0,0.0,0.0,0.0,0.0,0.0,0.0,0.0,0.0,0.0,0.0,0.0,4.749240121580547,13.0,2.667467335238326,2.716835621221498,3.2221489376670887,0.46176139484225476,11.5,0.8927841058488627,2.667467335238326,8.865248226950355,,,,,,,,,0.0,0.002976190476190476,2020,11
2020-12-01,3,0.0,0.0,0.0,0.0,0.0,0.0,0.0,0.0,1.3386880856760373,0.0,0.0,0.0,0.0,0.0,1.3175230566534915,0.0,0.0,0.0,0.0,0.0,0.0,0.0,0.0,0.0,0.0,0.0,0.0,0.0,0.0,0.0,0.0,1.3175230566534915,0.0,0.0,0.0,0.0,0.0,0.0,0.0,0.0,1.3386880856760373,0.0,0.0,0.0,0.0,0.0,0.0,0.0,0.0,0.0,0.0,0.0,0.0,0.0,0.0,0.0,0.0,1.3175230566534915,10.666666666666666,1.6153550716504104,2.8048506368734625,3.372508512266014,0.633522784621496,8.333333333333334,0.7646620436409252,1.6153550716504104,5.501623475063533,,,,,,,,,0.0,0.002733388225146051,2020,12
2021-03-01,5,0.0,0.0,0.0,0.9433962264150942,0.0,0.0,0.0,0.888888888888889,0.7380073800738007,0.0,1.282051282051282,0.0,0.0,0.0,0.9433962264150942,0.0,0.0,0.0,0.0,0.0,0.0,0.0,0.0,0.888888888888889,0.0,0.0,0.0,0.0,0.0,0.0,1.282051282051282,0.0,0.7380073800738007,0.0,0.0,0.0,0.0,0.0,0.0,0.0,1.6268962689626896,0.0,0.0,0.0,0.0,0.0,0.0,0.0,0.0,0.0,0.0,0.0,0.0,0.0,0.0,0.888888888888889,0.0,6.344378223141772,11.6,2.0864228545534322,2.806439416240966,3.068079786915846,0.47616714971215784,6.6,0.7774615714676145,2.0864228545534322,3.1143363973552654,,,,,,,,,0.0038409184091840916,0.001282051282051282,2021,3
2021-04-01,3,0.0,0.0,0.0,0.0,0.0,0.0,0.0,2.4875621890547266,0.0,0.0,0.0,0.0,0.0,0.0,0.0,0.0,0.0,0.0,0.0,0.0,0.0,0.0,0.0,1.8018018018018018,0.0,0.0,0.0,0.0,0.0,0.0,0.0,0.0,2.4875621890547266,0.0,1.8018018018018018,0.0,1.718213058419244,0.0,0.0,0.0,3.520014860221046,0.0,0.0,0.0,0.0,0.0,0.0,0.0,0.0,0.0,0.0,0.0,0.0,0.0,0.0,0.0,0.0,1.718213058419244,10.333333333333334,2.091987051265539,2.7725510219437517,2.982146430311772,0.43749869280539216,7.0,0.7845756532112175,2.091987051265539,6.09116579265833,,,,,,,,,0.0024875621890547263,0.0,2021,4
2021-05-01,4,1.2626262626262628,0.0,0.0,1.4044943820224718,0.0,0.0,0.0,3.4706100845018106,0.0,0.0,0.0,0.0,0.0,0.0,0.0,2.5252525252525255,0.0,0.0,0.0,0.0,0.0,2.066115702479339,0.0,0.0,0.0,0.0,0.0,0.0,0.0,0.0,0.0,1.2626262626262628,0.0,0.0,0.0,0.0,0.0,0.0,0.0,0.0,2.155172413793103,0.0,0.0,0.0,0.0,0.0,0.0,0.0,0.0,0.0,0.0,0.0,0.0,0.0,0.0,0.0,2.155172413793103,2.155172413793103,10.5,1.5689877105237928,2.725878848164189,3.1902611526823064,0.5220351096769031,6.5,0.9828106054242632,1.5689877105237928,3.3287419651056016,,,,,,,,,0.0021551724137931034,0.005394857667584941,2021,5
2021-06-01,5,0.0,0.0,0.0,0.0,0.0,0.0,0.0,1.1111111111111112,1.5267175572519083,0.0,0.0,0.0,0.0,0.0,0.0,2.1739130434782608,0.0,0.0,0.0,0.0,0.0,0.0,0.0,0.0,0.0,0.0,0.0,0.0,0.0,0.0,0.0,1.5267175572519083,0.0,0.0,1.1111111111111112,0.0,1.5267175572519083,0.0,0.0,0.0,1.2738853503184715,0.0,0.0,0.0,0.0,0.0,0.0,0.0,0.0,0.0,0.0,0.0,0.0,0.0,0.0,0.0,0.0,4.219858846750684,9.0,1.4238967676318495,2.6903225719686854,3.2567204665125535,0.45057583943744817,4.4,0.6585995173553115,1.4238967676318495,3.361579942573009,,,,,,,,,0.0,0.0,2021,6
2021-07-01,1,0.0,0.0,0.0,0.0,0.0,0.0,0.0,0.0,0.0,0.0,0.0,0.0,0.0,0.0,17.391304347826086,0.0,0.0,0.0,0.0,0.0,0.0,0.0,0.0,0.0,0.0,0.0,0.0,0.0,0.0,0.0,0.0,0.0,0.0,0.0,0.0,0.0,8.695652173913043,0.0,0.0,0.0,8.695652173913043,0.0,0.0,0.0,0.0,0.0,0.0,0.0,0.0,0.0,0.0,0.0,0.0,0.0,0.0,0.0,0.0,0.0,12.0,2.581988897471611,2.656129731693846,3.2601626016260163,0.5909846815195787,2.0,0.5773502691896257,2.581988897471611,0.0,,,,,,,,,0.0,0.0,2021,7
2021-08-01,2,0.0,0.0,0.0,0.0,0.0,0.0,0.0,0.0,0.0,2.824858757062147,0.0,0.0,0.0,0.0,0.0,0.0,0.0,0.0,0.0,0.0,0.0,0.0,0.0,0.0,0.0,0.0,0.0,0.0,0.0,0.0,0.0,0.0,0.0,0.0,0.0,0.0,0.0,0.0,0.0,0.0,3.246753246753247,0.0,0.0,0.0,0.0,0.0,0.0,0.0,0.0,0.0,0.0,0.0,0.0,0.0,0.0,0.0,0.0,0.0,12.0,2.044136765141066,2.862270470190171,3.217312979994311,0.7776678011986301,2.5,0.4987162668555622,2.044136765141066,0.0,,,,,,,,,0.003246753246753247,0.002824858757062147,2021,8
2021-09-01,2,0.0,0.0,0.0,0.0,0.0,0.0,0.0,2.7027027027027026,0.0,5.405405405405405,0.0,0.0,0.0,0.0,0.0,0.0,0.0,0.0,0.0,0.0,0.0,0.0,0.0,2.7027027027027026,0.0,0.0,0.0,0.0,0.0,0.0,0.0,0.0,0.0,0.0,0.0,0.0,0.0,0.0,0.0,0.0,0.0,0.0,0.0,0.0,0.0,0.0,0.0,0.0,0.0,0.0,0.0,0.0,0.0,0.0,0.0,0.0,0.0,0.0,11.0,1.813383350372236,2.676123039644141,3.045334269359542,0.4390609529827558,3.0,0.5521982729421779,1.813383350372236,0.0,,,,,,,,,0.0,0.0056179775280898875,2021,9
2021-10-01,2,0.0,0.0,0.0,4.761904761904763,0.0,0.0,0.0,0.0,0.0,0.0,0.0,0.0,0.0,0.0,0.0,3.1847133757961785,0.0,0.0,0.0,0.0,0.0,0.0,0.0,0.0,0.0,0.0,0.0,0.0,0.0,0.0,0.0,0.0,0.0,0.0,0.0,0.0,0.0,0.0,0.0,0.0,0.0,0.0,0.0,0.0,0.0,0.0,0.0,0.0,0.0,0.0,0.0,0.0,0.0,0.0,0.0,0.0,6.369426751592357,7.946618137700941,12.5,2.7557670969102555,2.658819340132359,2.9560185185185186,0.2807015855897628,4.0,0.8007669860932317,2.7557670969102555,0.0,,,,,,,,,0.0,0.0,2021,10
2021-11-01,1,0.0,0.0,0.0,0.0,0.0,0.0,0.0,0.0,0.0,0.0,0.0,0.0,0.0,0.0,0.0,0.0,0.0,0.0,0.0,0.0,0.0,0.0,0.0,0.0,0.0,0.0,0.0,0.0,0.0,0.0,0.0,0.0,0.0,0.0,0.0,0.0,0.0,0.0,0.0,0.0,0.0,0.0,0.0,0.0,0.0,0.0,0.0,0.0,0.0,0.0,0.0,0.0,0.0,0.0,0.0,0.0,0.0,6.8493150684931505,9.0,1.0488088481701516,2.9705196753098275,3.1707317073170733,0.47108750395494786,3.0,0.5477225575051661,1.0488088481701516,0.0,,,,,,,,,0.0,0.00684931506849315,2021,11
2021-12-01,2,0.0,0.0,0.0,0.0,0.0,0.0,0.0,0.0,0.0,0.0,0.0,0.0,0.0,0.0,0.0,0.0,0.0,0.0,0.0,0.0,0.0,0.0,0.0,0.0,0.0,0.0,0.0,0.0,0.0,0.0,0.0,0.0,0.0,0.0,0.0,0.0,0.0,0.0,0.0,0.0,0.0,0.0,0.0,0.0,0.0,0.0,0.0,0.0,0.0,0.0,0.0,0.0,0.0,0.0,0.0,0.0,0.0,0.0,11.5,2.0008925694483897,2.6570982812082202,3.436282271944923,0.7884024237167001,6.5,0.6522233087009963,2.0008925694483897,3.246753246753247,,,,,,,,,0.003246753246753247,0.0,2021,12
2022-01-01,2,0.0,0.0,0.0,0.0,0.0,0.0,0.0,2.314814814814815,0.0,0.0,0.0,0.0,0.0,0.0,0.0,0.0,0.0,0.0,0.0,0.0,0.0,0.0,0.0,0.0,0.0,0.0,0.0,0.0,0.0,0.0,0.0,0.0,0.0,0.0,0.0,0.0,0.0,0.0,0.0,0.0,0.0,0.0,0.0,0.0,0.0,0.0,0.0,0.0,0.0,0.0,0.0,0.0,0.0,0.0,0.0,0.0,0.0,6.662640901771336,10.0,1.8764896543928034,2.8156864034539435,2.987431095171681,0.6065311614118808,6.5,0.9147312232142387,1.8764896543928034,6.944444444444444,,,,,,,,,0.0,0.0,2022,1
2022-02-01,1,0.0,0.0,0.0,0.0,0.0,0.0,0.0,0.0,0.0,7.042253521126761,0.0,0.0,0.0,0.0,0.0,0.0,0.0,0.0,0.0,0.0,0.0,14.084507042253522,0.0,7.042253521126761,0.0,0.0,0.0,0.0,0.0,0.0,0.0,0.0,0.0,0.0,0.0,0.0,0.0,0.0,0.0,0.0,0.0,0.0,0.0,0.0,0.0,0.0,0.0,0.0,0.0,0.0,0.0,0.0,0.0,0.0,0.0,0.0,0.0,7.042253521126761,12.0,2.160246899469287,2.7492971166832767,3.6842105263157894,0.5513864760855053,7.0,1.707825127659933,2.160246899469287,0.0,,,,,,,,,0.0,0.014084507042253521,2022,2
2022-03-01,1,0.0,0.0,0.0,0.0,0.0,0.0,0.0,0.0,0.0,0.0,0.0,0.0,0.0,0.0,0.0,0.0,0.0,0.0,0.0,0.0,0.0,0.0,0.0,6.7114093959731544,0.0,0.0,0.0,0.0,0.0,0.0,0.0,6.7114093959731544,0.0,0.0,0.0,0.0,6.7114093959731544,0.0,0.0,0.0,0.0,0.0,0.0,0.0,0.0,0.0,0.0,0.0,0.0,0.0,0.0,0.0,0.0,0.0,0.0,0.0,0.0,13.422818791946309,10.0,2.4299715851758235,2.7652266848803375,3.228395061728395,0.8599624869731032,6.0,0.8997354108424372,2.4299715851758235,0.0,,,,,,,,,0.0,0.0,2022,3
2022-04-01,5,0.9433962264150942,0.0,0.0,0.0,0.0,0.0,0.0,0.0,0.0,0.0,0.0,0.0,0.0,0.0,0.0,1.0050251256281408,0.0,0.0,0.0,0.0,0.0,0.0,0.0,0.9433962264150942,0.0,0.0,0.0,0.0,0.0,0.0,0.0,0.0,0.0,0.0,0.0,0.0,0.9478672985781991,0.0,0.0,0.0,0.9478672985781991,0.0,0.0,0.0,0.0,0.0,0.0,0.0,0.0,0.0,0.0,0.0,0.0,0.0,0.0,2.941176470588235,0.0,7.328215253106078,12.2,2.3434089345935285,2.8179666943545376,3.3217518671218125,0.5937746941523028,5.8,0.8782538831556538,2.3434089345935285,6.434084964221775,,,,,,,,,0.0028301886792452833,0.002418455533872317,2022,4
2022-05-01,3,0.0,0.0,0.0,0.0,0.0,0.0,0.0,0.0,0.0,2.2222222222222223,0.0,0.0,0.0,0.0,2.2222222222222223,0.0,0.0,0.0,0.0,0.0,0.0,0.0,0.0,0.0,0.0,0.0,0.0,0.0,0.0,0.0,0.0,0.0,0.0,0.0,0.0,0.0,1.6339869281045754,0.0,0.0,0.0,2.2222222222222223,0.0,0.0,0.0,0.0,0.0,0.0,0.0,0.0,0.0,0.0,0.0,0.0,0.0,0.0,0.0,0.0,3.2679738562091507,12.333333333333334,2.779260433011373,2.6696116222893758,3.24455077086656,0.5261420014762566,3.3333333333333335,0.7429818469915084,2.779260433011373,0.0,,,,,,,,,0.003875968992248062,0.0016339869281045752,2022,5
2022-06-01,3,0.0,0.0,0.0,0.0,0.0,0.0,0.0,1.5015015015015016,0.0,0.0,1.508295625942685,0.0,0.0,0.0,1.508295625942685,0.0,0.0,0.0,0.0,0.0,0.0,0.0,0.0,0.0,0.0,0.0,0.0,0.0,0.0,0.0,1.508295625942685,0.0,0.0,0.0,0.0,0.0,0.0,0.0,0.0,0.0,0.0,0.0,0.0,0.0,0.0,0.0,0.0,0.0,0.0,0.0,0.0,0.0,0.0,0.0,0.0,0.0,0.0,0.0,11.666666666666666,1.8201996970418541,2.7402105369907788,3.465516659967008,0.6963754515811978,9.0,1.1845392335059084,1.8201996970418541,4.518092753386871,,,,,,,,,0.0015082956259426848,0.002840189587177539,2022,6
2022-07-01,4,0.0,0.0,0.0,0.0,0.0,1.4970059880239521,0.0,1.9230769230769231,1.4044943820224718,0.0,1.1363636363636362,0.0,0.0,0.0,0.0,0.0,0.0,0.0,0.0,0.0,0.0,0.0,0.0,0.0,0.0,0.0,0.0,0.0,0.0,0.0,1.1363636363636362,0.0,0.0,0.0,1.4044943820224718,0.0,0.0,1.1363636363636362,0.0,0.0,4.398506358070376,0.0,0.0,0.0,0.0,0.0,0.0,0.0,1.4970059880239521,0.0,1.1363636363636362,0.0,0.0,0.0,0.0,0.0,0.0,0.0,11.5,2.1744468154643277,2.7860699383243688,3.4328082193434737,0.6747562648061323,5.75,0.9048285916718,2.1744468154643277,1.1363636363636362,,,,,,,,,0.0038461538461538464,0.004463934941463032,2022,7
2022-08-01,3,1.6420361247947455,0.0,0.0,0.0,0.0,0.0,0.0,1.984126984126984,0.0,1.572327044025157,1.6420361247947455,0.0,0.0,0.0,0.0,0.0,0.0,0.0,0.0,0.0,0.0,3.2143631688199026,0.0,0.0,0.0,0.0,0.0,0.0,0.0,0.0,1.6420361247947455,0.0,0.0,0.0,0.0,0.0,0.0,0.0,0.0,0.0,0.0,0.0,0.0,0.0,0.0,0.0,0.0,0.0,0.0,0.0,0.0,0.0,0.0,0.0,0.0,3.2143631688199026,0.0,4.78669021284506,11.666666666666666,1.6521730800344114,2.689611491442714,3.382803126336487,0.5197388733792871,9.333333333333334,0.7885633064702309,1.6521730800344114,4.78669021284506,,,,,,,,,0.003968253968253968,0.009985180365791947,2022,8
2022-09-01,4,0.0,0.0,0.0,0.0,0.0,0.0,0.0,0.9191176470588235,1.8696879892641467,0.0,0.0,0.0,0.0,0.0,0.0,0.0,0.0,0.0,0.0,0.0,0.0,1.201923076923077,0.0,0.0,0.0,0.0,0.0,0.0,0.0,0.0,0.0,0.0,0.0,0.0,0.0,0.0,0.0,0.0,0.0,0.0,0.0,0.0,0.0,0.0,0.0,0.0,0.0,0.0,0.0,0.0,0.0,0.0,0.0,0.0,0.0,0.0,0.0,0.9505703422053232,11.0,2.191776412153618,2.6910216057505885,3.2404538204170557,0.6092940838724136,7.75,0.6970238825566692,2.191776412153618,4.627040930440617,,,,,,,,,0.0009505703422053232,0.001201923076923077,2022,9
2022-10-01,6,0.0,0.0,0.0,1.016260162601626,0.0,0.0,0.0,1.9723865877712032,1.016260162601626,0.0,0.0,0.0,0.0,0.0,0.0,1.9723865877712032,0.0,0.0,0.0,0.0,0.0,0.0,0.0,1.02880658436214,0.0,0.0,0.0,0.0,0.0,0.0,0.0,0.0,1.2165450121654502,0.0,0.0,0.0,1.0615711252653928,0.0,0.0,0.0,0.9861932938856016,0.0,0.0,0.0,0.0,0.0,0.0,0.0,0.0,0.0,0.0,0.0,0.0,0.0,0.0,0.0,0.0,2.0477644191509943,12.166666666666666,2.0097147154911474,2.726732306716649,3.4145183401457913,0.659382197651786,7.0,1.2145281210710974,2.0097147154911474,6.2655026034497885,,,,,,,,,0.0012165450121654502,0.00224535159652759,2022,10
2022-11-01,1,0.0,0.0,0.0,0.0,0.0,0.0,0.0,0.0,0.0,16.949152542372882,0.0,0.0,0.0,0.0,0.0,0.0,0.0,0.0,0.0,0.0,0.0,0.0,0.0,0.0,0.0,0.0,0.0,0.0,0.0,0.0,0.0,0.0,0.0,0.0,0.0,0.0,0.0,0.0,0.0,0.0,0.0,0.0,0.0,0.0,0.0,0.0,0.0,0.0,0.0,0.0,0.0,0.0,0.0,0.0,0.0,0.0,0.0,0.0,8.0,0.9511897312113419,2.8253755902238065,3.5787037037037037,0.6235712962148345,6.0,0.6900655593423541,0.9511897312113419,0.0,,,,,,,,,0.0,0.0,2022,11
2022-12-01,4,0.0,0.0,0.0,0.0,1.0245901639344264,0.0,0.0,1.2195121951219512,3.1206528795325976,0.0,0.0,0.0,0.0,0.0,0.0,0.0,0.0,0.0,1.2195121951219512,0.0,0.0,1.2195121951219512,0.0,0.0,0.0,0.0,0.0,0.0,0.0,0.0,0.0,0.9505703422053232,0.0,0.0,0.0,0.0,0.9505703422053232,0.0,0.0,0.0,0.9505703422053232,0.0,0.0,0.0,0.0,1.0245901639344264,0.0,0.0,0.0,0.0,0.0,0.0,0.0,0.0,0.0,0.0,0.0,3.3895947324492255,15.25,3.2350278797048144,2.7554940995150154,3.52584116928826,0.5678466745898207,9.25,1.005685024003807,3.2350278797048144,8.633447761579779,,,,,,,,,0.0022441023590563775,0.004015100987511776,2022,12
2023-01-01,8,1.7857142857142856,0.0,0.0,1.7857142857142856,0.0,0.0,0.0,2.262813522355507,0.0,0.0,0.0,0.0,0.0,0.6188118811881188,0.0,1.2376237623762376,0.0,0.8865248226950354,0.0,0.47709923664122134,0.0,0.5434782608695652,0.0,0.0,0.0,0.0,0.0,0.0,0.0,0.0,0.0,1.5053367038831542,0.0,0.0,0.0,0.0,0.0,0.0,0.0,0.0,1.5588740807923032,0.0,0.6188118811881188,0.0,0.0,0.0,0.0,0.0,0.0,0.0,1.7857142857142856,0.0,0.47709923664122134,0.0,0.0,0.0,0.7396449704142012,6.057714681354955,11.375,2.0519752983205946,2.824922806763068,3.52572373661349,0.7128739548865071,7.875,0.8464498767852893,2.0519752983205946,11.26234429510533,,,,,,,,,0.0014833278849297154,0.002169648053978802,2023,1
2023-02-01,4,0.0,0.0,0.0,0.0,0.0,0.0,0.0,1.201923076923077,0.0,0.0,0.0,0.0,0.0,0.0,0.0,0.0,0.0,0.0,0.0,1.3157894736842104,0.0,0.0,0.0,1.146788990825688,0.0,0.0,0.0,0.0,0.0,0.0,0.0,0.0,0.0,0.0,0.0,0.0,1.6556291390728477,0.0,0.0,0.0,4.004341206821612,0.0,0.0,0.0,0.0,0.0,0.0,0.0,0.0,0.0,0.0,0.0,0.0,0.0,0.0,0.0,0.0,7.723976834351977,10.5,2.0669408907169924,2.863088209048325,3.159451515142699,0.6317240324683648,5.5,0.9429736686440938,2.0669408907169924,2.631578947368421,,,,,,,,,0.003949207120724224,0.0,2023,2
2023-03-01,1,0.0,0.0,0.0,0.0,0.0,0.0,0.0,0.0,0.0,0.0,0.0,0.0,0.0,0.0,0.0,0.0,0.0,0.0,0.0,0.0,0.0,0.0,0.0,0.0,0.0,0.0,0.0,0.0,0.0,0.0,0.0,0.0,0.0,0.0,0.0,0.0,0.0,0.0,0.0,0.0,0.0,0.0,0.0,0.0,0.0,0.0,0.0,0.0,0.0,0.0,0.0,0.0,0.0,0.0,0.0,0.0,0.0,0.0,11.0,2.886751345948129,2.627939769537811,2.768292682926829,0.4358770606436938,2.0,0.5773502691896257,2.886751345948129,0.0,,,,,,,,,0.0,0.0,2023,3
2023-04-01,3,0.0,0.0,0.0,0.0,0.0,0.0,0.0,0.0,0.0,0.0,0.0,0.0,0.0,0.0,0.0,0.0,0.0,0.0,0.0,0.0,0.0,2.044989775051125,0.0,0.0,0.0,0.0,0.0,0.0,0.0,0.0,0.0,0.0,0.0,0.0,0.0,0.0,0.0,0.0,0.0,0.0,0.0,0.0,0.0,0.0,0.0,0.0,0.0,0.0,0.0,0.0,0.0,0.0,2.044989775051125,0.0,0.0,0.0,2.044989775051125,6.863554295108183,12.666666666666666,2.510184037402954,2.685270202595627,3.692383914957755,0.8232417813482972,7.666666666666667,1.0984003486512857,2.510184037402954,4.818564520057058,,,,,,,,,0.0,0.002044989775051125,2023,4
2023-05-01,5,0.0,0.0,0.0,0.0,0.0,0.0,0.0,2.6241863651935597,0.0,0.0,0.0,0.0,0.0,1.176470588235294,0.0,1.904761904761905,0.0,0.0,0.0,0.0,0.0,1.176470588235294,0.0,0.0,0.0,0.0,0.0,0.0,0.0,0.0,0.0,0.0,0.0,0.0,0.7194244604316548,0.0,0.0,0.0,0.0,0.0,1.176470588235294,0.0,0.0,0.0,0.0,0.0,0.0,0.0,0.0,0.0,1.5503875968992247,0.0,0.0,0.0,0.0,0.0,0.0,8.173074099527224,10.8,2.172826407826844,2.7084456516789235,3.2302011741411514,0.5021932901729621,5.2,0.6637618634378587,2.172826407826844,1.904761904761905,,,,,,,,,0.0016260162601626018,0.002352941176470588,2023,5
2023-06-01,2,0.0,0.0,0.0,0.0,0.0,0.0,0.0,0.0,0.0,2.1834061135371177,0.0,0.0,0.0,0.0,2.1834061135371177,0.0,0.0,0.0,0.0,2.1834061135371177,0.0,0.0,0.0,0.0,0.0,0.0,0.0,0.0,0.0,0.0,0.0,0.0,0.0,4.366812227074235,0.0,0.0,0.0,0.0,0.0,0.0,2.1834061135371177,2.1834061135371177,0.0,0.0,0.0,0.0,0.0,0.0,0.0,0.0,0.0,0.0,0.0,0.0,0.0,0.0,0.0,0.0,9.0,1.7727901043668015,2.6432377303381305,3.1701791359325604,0.46117705791651703,4.5,0.8684260389590157,1.7727901043668015,2.1834061135371177,,,,,,,,,0.0,0.002183406113537118,2023,6
2023-07-01,2,0.0,0.0,0.0,0.0,0.0,1.9230769230769231,0.0,1.9230769230769231,3.8461538461538463,0.0,0.0,0.0,0.0,0.0,0.0,3.8461538461538463,0.0,0.0,0.0,0.0,0.0,0.0,0.0,1.9230769230769231,0.0,0.0,0.0,0.0,0.0,0.0,0.0,1.9230769230769231,0.0,0.0,1.9230769230769231,0.0,0.0,0.0,0.0,0.0,0.0,0.0,0.0,0.0,0.0,0.0,0.0,0.0,1.9230769230769231,0.0,0.0,0.0,0.0,0.0,0.0,0.0,0.0,12.075361187036313,10.0,2.2040758217356062,2.8534519057042047,3.3375593918276847,0.546580081052294,13.5,1.1326798146651837,2.2040758217356062,7.6923076923076925,,,,,,,,,0.0019230769230769232,0.004461147989066771,2023,7
2023-08-01,4,0.0,0.0,0.0,0.0,0.0,1.4204545454545454,0.0,0.0,2.668308702791461,0.0,0.0,0.0,0.0,0.0,0.0,0.0,0.0,0.0,0.0,0.0,0.0,1.4367816091954022,0.0,0.0,0.0,0.0,0.0,0.0,0.0,0.0,0.0,0.0,0.0,0.0,0.0,1.4204545454545454,1.2315270935960592,0.0,0.0,0.0,1.4367816091954022,0.0,1.8518518518518519,0.0,0.0,0.0,0.0,0.0,1.4204545454545454,0.0,1.4204545454545454,0.0,0.0,0.0,0.0,1.4204545454545454,0.0,1.4367816091954022,9.75,1.577816710663573,2.7801573070816143,3.13691770574085,0.5137943492320002,5.25,0.6124715390881319,1.577816710663573,3.8998357963875208,,,,,,,,,0.0,0.0026683087027914616,2023,8
2023-09-01,3,0.0,0.0,0.0,0.0,0.0,0.0,0.0,0.0,0.0,0.0,1.5360983102918586,0.0,0.0,0.0,0.0,0.0,0.0,0.0,0.0,0.0,0.0,0.0,0.0,0.0,0.0,0.0,0.0,0.0,0.0,0.0,1.5360983102918586,0.0,0.0,0.0,0.0,0.0,0.0,0.0,0.0,0.0,1.5360983102918586,0.0,0.0,0.0,0.0,0.0,0.0,0.0,0.0,0.0,0.0,0.0,0.0,0.0,0.0,0.0,0.0,4.566210045662101,10.333333333333334,1.960240524874755,2.808982376177123,3.514576371378167,0.8049049634179329,11.0,1.0702485113120526,1.960240524874755,3.5587188612099645,,,,,,,,,0.00228310502283105,0.0,2023,9
2023-10-01,1,0.0,0.0,0.0,0.0,0.0,0.0,0.0,0.0,6.329113924050633,0.0,0.0,0.0,0.0,0.0,0.0,0.0,0.0,0.0,0.0,0.0,0.0,0.0,0.0,6.329113924050633,0.0,0.0,0.0,0.0,0.0,0.0,0.0,0.0,0.0,0.0,0.0,0.0,0.0,0.0,0.0,0.0,0.0,0.0,0.0,0.0,0.0,0.0,0.0,0.0,0.0,0.0,0.0,0.0,0.0,0.0,0.0,0.0,0.0,0.0,11.0,1.6035674514745462,2.8788773393807845,2.9819277108433737,0.5447539034022482,6.0,0.8997354108424372,1.6035674514745462,0.0,,,,,,,,,0.0,0.006329113924050633,2023,10
2023-11-01,6,0.0,0.0,0.0,0.0,0.0,0.0,0.0,0.6361323155216284,1.4041814706675577,1.8892651476018287,0.6265664160401002,0.0,0.0,0.7092198581560284,2.5889191062763293,0.0,0.0,0.7092198581560284,0.6265664160401002,0.0,0.0,0.0,0.0,2.1722306258134867,0.0,0.0,0.0,0.0,0.0,0.0,0.6265664160401002,0.0,0.7092198581560284,0.0,1.2626987315617286,0.0,1.5178320131880503,0.6265664160401002,0.0,0.0,0.6265664160401002,0.0,0.0,0.0,0.0,0.0,0.0,0.0,0.0,0.0,0.6265664160401002,0.0,0.0,0.0,0.0,2.380952380952381,0.0,1.9719185897177571,13.166666666666666,2.5412063869705803,2.7442290483775262,3.266081625191795,0.5727648685441973,9.166666666666666,0.8978953973912526,2.5412063869705803,5.839705883453623,,,,,,,,,0.0015178320131880505,0.0013453521736776566,2023,11
2023-12-01,2,0.0,0.0,0.0,3.472222222222222,0.0,0.0,0.0,5.3240740740740735,1.8518518518518519,1.8518518518518519,0.0,0.0,1.8518518518518519,0.0,0.0,0.0,0.0,0.0,0.0,0.0,0.0,0.0,0.0,1.8518518518518519,0.0,0.0,0.0,0.0,0.0,0.0,0.0,0.0,0.0,1.8518518518518519,0.0,0.0,1.8518518518518519,0.0,0.0,0.0,1.8518518518518519,0.0,0.0,0.0,0.0,0.0,0.0,0.0,0.0,0.0,0.0,0.0,0.0,0.0,0.0,0.0,0.0,1.8518518518518519,13.5,2.277999296522579,2.7659859451923006,3.373611111111111,0.350686706978833,6.5,0.4498677054212186,2.277999296522579,1.8518518518518519,,,,,,,,,0.0,0.0,2023,12
2024-01-01,6,1.0683760683760684,0.0,1.8939393939393938,1.3210108604845447,0.0,1.3210108604845447,0.0,0.6265664160401002,0.6265664160401002,1.947577276524645,0.0,0.0,0.0,1.688137541305493,1.947577276524645,0.0,0.0,0.0,0.0,1.688137541305493,0.0,0.0,0.0,1.7628205128205128,0.0,0.0,0.0,0.0,0.0,0.0,0.0,1.6949424844161687,0.0,0.6265664160401002,1.0683760683760684,0.0,0.0,0.0,0.0,0.0,2.7565136096815617,0.0,0.0,0.0,0.0,0.0,0.0,0.0,1.3210108604845447,0.0,0.0,0.0,0.0,0.0,0.0,1.0683760683760684,0.0,1.7560155697098374,10.333333333333334,1.7079890920923189,2.795861830762074,3.3718302064351593,0.6949901065057836,8.0,0.7980267003656992,1.7079890920923189,6.916375333237553,,,,,,,,,0.0021367521367521365,0.0010615711252653928,2024,1
2024-02-01,2,0.0,0.0,0.0,0.0,0.0,0.0,0.0,0.0,0.0,0.0,0.0,0.0,0.0,0.0,0.0,0.0,0.0,0.0,0.0,0.0,0.0,0.0,0.0,4.587155963302752,0.0,0.0,0.0,0.0,0.0,0.0,0.0,0.0,0.0,0.0,0.0,2.3696682464454977,0.0,0.0,0.0,0.0,0.0,0.0,0.0,0.0,0.0,0.0,0.0,0.0,0.0,0.0,0.0,0.0,0.0,0.0,0.0,4.587155963302752,0.0,4.587155963302752,13.5,3.03901218260982,2.618542004848703,3.3602116624614524,0.46611176662791276,5.0,0.5386751345948129,3.03901218260982,4.739336492890995,,,,,,,,,0.0,0.0,2024,2
2024-03-01,2,0.0,0.0,0.0,0.0,0.0,0.0,0.0,2.512562814070352,0.0,1.9230769230769231,0.0,0.0,0.0,0.0,2.512562814070352,0.0,0.0,0.0,0.0,0.0,0.0,0.0,0.0,0.0,0.0,0.0,0.0,0.0,0.0,0.0,0.0,1.9230769230769231,0.0,0.0,0.0,0.0,0.0,0.0,0.0,0.0,2.512562814070352,0.0,0.0,0.0,0.0,0.0,0.0,0.0,0.0,0.0,0.0,0.0,1.9230769230769231,0.0,0.0,0.0,0.0,1.9230769230769231,11.0,2.257256148807666,2.698738630924849,3.3451118963486453,0.7109789150494286,6.5,0.6077776105427909,2.257256148807666,1.9230769230769231,,,,,,,,,0.0,0.0,2024,3
2024-04-01,3,0.0,0.0,0.0,0.0,0.0,0.0,0.0,0.0,2.3640661938534278,5.935816081392789,0.0,0.0,0.0,0.0,0.0,4.444444444444445,0.0,0.0,0.0,0.0,0.0,0.0,0.0,0.0,0.0,0.0,0.0,0.0,0.0,0.0,0.0,0.0,0.0,0.0,0.0,0.0,2.3640661938534278,0.0,0.0,0.0,1.349527665317139,0.0,0.0,0.0,0.0,0.0,0.0,0.0,0.0,0.0,0.0,0.0,0.0,0.0,0.0,0.0,0.0,3.5717498875393616,12.0,2.5438744710988073,2.7193224036893313,3.4943312393799357,0.803845583598877,5.0,1.0047278854976467,2.5438744710988073,4.58628841607565,,,,,,,,,0.0,0.002699055330634278,2024,4
2024-05-01,4,0.0,0.0,0.0,0.0,0.0,0.0,0.0,0.0,1.8656716417910448,3.510408483896308,0.0,0.0,0.0,0.0,0.0,0.0,0.0,0.0,0.0,0.0,0.0,0.0,0.0,0.0,0.0,0.0,0.0,0.0,0.0,0.0,0.0,0.0,0.0,0.0,0.0,0.0,0.0,2.066115702479339,0.0,0.0,2.336448598130841,0.0,0.0,0.0,0.0,0.0,0.0,0.0,0.0,0.0,0.0,0.0,0.0,0.0,0.0,0.0,0.0,1.644736842105263,11.75,2.638077785487944,2.5989930639823946,3.1934352991548174,0.6675829139493996,3.25,0.6198935525208257,2.638077785487944,2.336448598130841,,,,,,,,,0.0,0.002066115702479339,2024,5
2024-06-01,9,0.0,0.0,0.0,0.0,0.0,1.061055917171025,0.0,0.9140835479764338,1.258747226489162,0.9140835479764338,0.0,0.0,0.0,0.966183574879227,0.9970518209088645,0.0,0.0,0.0,0.39968025579536376,0.0,0.0,0.7993605115907275,0.0,1.978465642730988,0.0,0.0,0.0,0.0,0.0,0.0,0.0,0.0,0.5973715651135006,0.0,0.0,0.0,0.0,0.0,0.0,0.51440329218107,1.2166737198476514,0.0,0.0,0.0,0.0,0.0,0.0,0.0,1.061055917171025,0.39968025579536376,0.0,0.0,0.0,0.0,0.0,0.0,0.0,7.5311644463533485,11.11111111111111,2.190845594238777,2.722242240089874,3.29173862952137,0.5803607789532813,7.0,0.8299399271415479,2.190845594238777,5.870247441338394,,,,,,,,,0.0027100271002710027,0.0038399036902321566,2024,6
2024-07-01,7,1.1497095952655785,0.0,0.0,1.7931085477669328,0.0,0.0,0.0,0.0,2.968269499580654,1.2642225031605563,0.0,0.0,0.0,0.0,0.7142857142857143,0.5175983436853002,0.0,0.0,0.0,0.6321112515802781,0.0,0.0,0.0,1.3818424566088119,0.0,0.0,0.0,0.0,0.0,0.0,0.0,0.7178750897343863,0.5175983436853002,0.0,0.0,0.0,0.0,0.0,0.0,0.0,0.5175983436853002,0.0,0.0,0.0,0.0,0.0,0.0,0.0,0.0,0.0,0.0,0.0,0.0,0.0,0.0,0.0,2.0026702269692924,4.2843403893741945,11.428571428571429,1.924703770594648,2.6756811866846517,3.688054259645487,0.8629697275939358,6.285714285714286,0.9039247161522505,1.924703770594648,3.242734940308106,,,,,,,,,0.0012354734334196864,0.002704081632653061,2024,7
2024-08-01,6,1.2345679012345678,0.0,0.0,1.2345679012345678,0.0,0.0,0.0,0.0,0.0,0.0,0.0,0.0,0.0,1.2345679012345678,3.334016174807418,0.6666666666666666,0.0,0.0,0.0,0.0,0.0,0.6666666666666666,0.0,1.3228346456692914,0.0,0.0,0.0,0.0,0.0,0.0,0.0,0.0,0.0,0.0,0.0,0.0,0.0,0.0,0.0,0.0,0.8503401360544217,0.0,0.0,0.0,0.0,0.0,0.0,0.0,0.0,2.2092267706302793,1.641325536062378,0.0,0.0,0.0,0.0,1.3550135501355014,0.6666666666666666,5.934096313841529,10.833333333333334,1.8191506951407088,2.648750507795765,3.5782449036522714,0.6113540440793871,7.5,0.9048416727427733,1.8191506951407088,3.979002624671916,,,,,,,,,0.0,0.0015170068027210882,2024,8
2024-09-01,4,0.0,0.0,0.0,0.0,0.0,0.0,0.0,0.0,1.9920318725099602,0.9960159362549801,0.0,0.0,0.0,0.0,0.0,0.9960159362549801,0.0,0.0,0.0,2.0491803278688527,0.0,0.0,0.9960159362549801,0.0,0.0,0.0,0.0,0.0,0.0,0.0,0.0,0.0,0.0,0.0,0.0,0.0,0.0,0.0,0.0,0.0,2.0491803278688527,0.0,0.0,0.0,0.0,0.0,0.0,0.0,0.0,0.0,0.0,0.0,0.0,0.0,0.0,0.0,0.0,0.9960159362549801,11.0,2.2120397604962485,2.650867142479815,3.5123939341560892,0.7301998668647638,4.5,0.7025351417549693,2.2120397604962485,3.1645569620253164,,,,,,,,,0.003188204121313788,0.006329113924050633,2024,9
2024-10-01,7,0.8554319931565441,0.0,0.0,0.0,0.7288629737609329,0.0,0.0,1.9498641947621542,0.0,1.3393635842615434,0.0,0.6613756613756614,0.0,0.0,2.0319647185318828,1.7108639863130881,0.0,0.0,0.0,1.2210012210012213,0.0,1.721170395869191,0.0,0.7288629737609329,0.0,0.0,0.0,0.0,0.0,0.0,0.0,1.3902386351365943,0.0,0.0,0.0,0.0,0.0,0.0,0.0,0.0,1.3393635842615434,0.0,0.0,0.0,0.0,0.7288629737609329,0.0,0.0,0.0,0.0,0.0,0.0,0.0,0.0,0.0,0.0,0.0,2.300180225711164,11.428571428571429,2.097864627462222,2.7246165077633253,3.212712440620604,0.5125847230241986,7.142857142857143,0.7422317131473629,2.097864627462222,7.071472478011549,,,,,,,,,0.0008554319931565441,0.005755498732416792,2024,10
2024-11-01,3,1.3333333333333333,0.0,1.3333333333333333,1.3333333333333333,0.0,0.0,0.0,0.0,0.0,5.333333333333333,2.1231422505307855,1.3333333333333333,0.0,2.1231422505307855,3.456475583864119,0.0,0.0,0.0,0.0,0.0,0.0,4.789808917197452,0.0,2.1231422505307855,0.0,0.0,0.0,0.0,0.0,0.0,2.1231422505307855,0.0,0.0,1.3333333333333333,1.3333333333333333,0.0,0.0,0.0,0.0,0.0,0.0,0.0,0.0,0.0,0.0,0.0,0.0,0.0,0.0,0.0,0.0,0.0,0.0,0.0,0.0,0.0,0.0,1.3333333333333333,12.666666666666666,2.28136735173192,2.575151554201037,3.320178971828078,0.5528136100829301,8.333333333333334,0.8699392502440683,2.28136735173192,4.246284501061571,,,,,,,,,0.0021367521367521365,0.008246284501061572,2024,11
2024-12-01,4,0.0,0.0,0.0,1.3020833333333333,0.0,0.0,0.0,1.0683760683760686,0.0,1.141552511415525,1.141552511415525,1.3020833333333333,0.0,0.0,4.507211538461538,0.0,0.0,2.744116613979627,0.0,0.0,0.0,0.0,0.0,4.04619994731296,0.0,0.0,0.0,0.0,0.0,0.0,1.141552511415525,1.3020833333333333,0.0,0.0,0.0,1.3020833333333333,1.141552511415525,0.0,0.0,1.6025641025641024,1.6025641025641024,0.0,0.0,0.0,0.0,0.0,0.0,0.0,0.0,0.0,0.0,0.0,0.0,0.0,0.0,0.0,1.3020833333333333,1.0683760683760686,13.25,2.506691924230045,2.74390189535031,3.4308437348487413,0.6452824650987127,7.0,0.8494062679075696,2.506691924230045,12.745964319166372,,,,,,,,,0.0,0.0016025641025641025,2024,12
2025-01-01,3,0.0,0.0,0.0,0.0,0.0,2.1231422505307855,0.0,3.933992480155967,0.0,1.9960079840319362,0.0,0.0,0.0,0.0,3.933992480155967,0.0,0.0,0.0,0.0,0.0,0.0,0.0,0.0,1.9960079840319362,0.0,0.0,0.0,0.0,0.0,0.0,0.0,0.0,0.0,0.0,0.0,0.0,2.1231422505307855,0.0,0.0,0.0,1.9960079840319362,0.0,0.0,0.0,0.0,0.0,0.0,0.0,2.1231422505307855,0.0,0.0,0.0,0.0,0.0,0.0,0.0,0.0,3.933992480155967,10.0,1.6184532185964935,2.610484027602444,3.3826157000827632,0.4270759738301078,5.0,0.7778188294620004,1.6184532185964935,0.0,,,,,,,,,0.0,0.00792600844821984,2025,1
2025-02-01,3,0.0,0.0,0.0,0.0,0.0,3.3333333333333335,0.0,1.1904761904761905,0.0,0.0,0.0,0.0,1.6666666666666667,0.0,1.1904761904761905,0.0,0.0,0.0,0.0,1.6666666666666667,0.0,0.0,0.0,0.0,0.0,0.0,0.0,0.0,0.0,0.0,0.0,0.0,0.0,0.0,0.0,0.0,0.0,0.0,0.0,1.6666666666666667,1.1904761904761905,0.0,0.0,0.0,0.0,0.0,0.0,0.0,3.3333333333333335,0.0,0.0,0.0,0.0,0.0,0.0,0.0,0.0,0.0,15.0,4.210259117772895,2.7937178471227644,3.3719680464778503,0.4902826284458066,7.333333333333333,0.4956457756732255,4.210259117772895,8.058103975535168,,,,,,,,,0.005439056356487549,0.0023809523809523807,2025,2
2025-03-01,9,0.0,0.0,0.0,0.5341880341880343,0.0,1.0376377326297528,0.0,1.5520677628300945,2.199287031472321,0.9631561501272741,0.0,0.0,0.0,0.0,2.7720247176120694,0.0,0.0,0.0,0.0,1.0376377326297528,0.0,1.0376377326297528,0.5555555555555556,1.962244230805313,0.0,0.0,0.0,0.0,0.0,0.0,0.0,0.6944444444444444,0.5727376861397481,0.0,0.0,0.0,0.7936507936507936,0.0,0.0,1.6411137545158165,1.5931932881853084,0.0,0.0,0.0,0.0,0.0,0.0,0.0,1.0376377326297528,0.5555555555555556,1.6796634064675304,0.0,0.4649000464900046,0.0,0.0,1.9981761613560778,0.7936507936507936,1.1069257203277825,11.222222222222221,1.9041510284138066,2.714705053769526,3.306448493141298,0.46499062595987023,8.555555555555555,0.8003536230939443,1.9041510284138066,6.07937274255266,,,,,,,,,0.001962244230805313,0.0025735315688967747,2025,3
2025-04-01,5,0.0,0.0,0.0,1.1904761904761902,0.0,0.0,0.0,0.0,2.1805752003771803,1.8433179723502302,0.0,0.0,1.1904761904761902,0.0,1.9801980198019802,0.0,0.0,0.0,0.0,0.0,0.7017543859649124,0.9900990099009901,0.0,0.7017543859649124,0.0,0.0,0.0,0.0,0.0,0.0,0.0,0.0,0.0,0.0,1.1904761904761902,0.9900990099009901,0.0,0.0,0.0,0.0,0.9216589861751151,0.0,0.0,0.0,0.0,0.0,0.0,0.0,0.0,0.0,2.1805752003771803,0.0,0.0,0.0,0.0,0.0,0.0,3.216733887699381,12.8,2.3247571802406646,2.730442845790217,3.513986771345074,0.5366902451531412,8.4,0.8380242405170824,2.3247571802406646,7.165315017944349,,,,,,,,,0.0018433179723502304,0.004574182982207995,2025,4
2025-05-01,8,0.0,0.0,0.0,0.0,0.0,0.0,0.0,1.511885963384537,0.6313131313131314,1.787572458950551,0.0,0.0,0.0,1.0888624922224106,0.5341880341880343,0.0,0.0,0.0,0.0,0.502008032128514,0.0,0.502008032128514,0.0,0.6313131313131314,0.0,0.0,0.0,0.0,0.0,0.0,0.0,0.0,0.0,0.5681818181818181,0.0,0.0,0.0,0.8116883116883118,0.0,0.0,0.4416961130742049,0.0,0.0,0.0,0.0,0.0,0.0,0.0,0.0,0.0,0.0,0.0,0.0,0.0,0.0,3.5028133236674366,0.0,3.946624801483294,10.75,1.904478335668763,2.70763246033152,3.4677952859735233,0.5884535330069356,7.0,0.7645584060621297,1.904478335668763,2.101559817555438,,,,,,,,,0.0010285505731681016,0.003852506393926014,2025,5
2025-06-01,10,1.2347560975609757,0.0,0.0,1.012987012987013,0.49504950495049505,1.0389406469171987,0.0,2.44790027175475,0.49504950495049505,0.8490732568402471,0.0,0.0,0.0,0.3968253968253968,0.7936507936507936,0.950553172273651,0.0,0.0,0.0,0.0,0.0,0.0,0.0,1.0541845493562232,0.0,0.0,0.0,0.0,0.0,0.0,0.0,0.49504950495049505,0.48543689320388345,0.0,0.0,0.0,0.49504950495049505,0.0,0.0,0.0,1.5346459096459095,0.0,0.0,0.0,0.0,0.49504950495049505,0.0,0.0,1.0389406469171987,0.0,0.0,0.0,0.0,0.0,0.0,0.0,0.42918454935622313,5.538490062213245,11.1,1.9258705027904974,2.782867448317777,3.4769304578025184,0.6556959553935228,7.9,0.7244835700009661,1.9258705027904974,3.024980446910487,,,,,,,,,0.0006493506493506494,0.00437364753939417,2025,6
2025-07-01,1,0.0,0.0,0.0,0.0,0.0,0.0,0.0,0.0,0.0,0.0,0.0,0.0,0.0,0.0,0.0,0.0,0.0,0.0,0.0,0.0,0.0,0.0,0.0,0.0,0.0,0.0,0.0,0.0,0.0,0.0,0.0,0.0,0.0,0.0,0.0,0.0,0.0,0.0,0.0,0.0,0.0,0.0,0.0,0.0,0.0,0.0,0.0,0.0,0.0,0.0,0.0,0.0,0.0,0.0,0.0,0.0,11.904761904761903,11.904761904761903,13.0,3.055050463303893,2.6309121071214006,3.8160919540229883,0.603293510019173,1.0,0.5773502691896258,3.055050463303893,0.0,,,,,,,,,0.0,0.011904761904761904,2025,7
2025-08-01,8,0.0,0.0,0.0,1.3812154696132597,0.0,0.0,0.0,1.1926157669351438,0.0,0.502008032128514,0.0,0.0,0.0,0.0,0.6983240223463687,1.883271355135076,0.0,0.0,0.0,0.0,0.0,0.0,0.0,1.3966480446927374,0.0,0.0,0.0,0.0,0.0,0.0,0.0,0.0,0.7621951219512195,0.0,0.7621951219512195,0.0,0.502008032128514,0.0,0.0,0.0,0.0,0.0,0.0,0.0,0.0,0.0,0.0,0.0,0.0,0.0,1.0964912280701753,0.0,0.0,0.0,0.0,0.8620689655172413,0.0,5.373890226771368,11.75,2.3773701700294376,2.7695152367968436,3.504008384707934,0.6714480033486743,5.375,0.714543254784217,2.3773701700294376,6.330989762882895,,,,,,,,,0.0005605381165919282,0.0018909397892815124,2025,8
2025-09-01,6,0.0,0.0,0.0,3.056779563607377,0.0,0.0,0.0,2.5825830248105413,0.778816199376947,0.6435006435006435,0.0,0.0,0.0,0.0,0.0,0.0,0.0,0.9157509157509157,0.9157509157509157,0.0,0.0,0.0,0.0,1.549297744949919,0.0,0.0,0.0,0.0,0.0,0.0,0.0,0.0,0.6435006435006435,0.0,0.0,0.0,1.549297744949919,0.0,0.0,0.7610350076103499,0.7610350076103499,0.0,0.0,0.0,0.0,0.0,0.0,0.0,0.0,0.0,0.0,0.0,0.0,0.0,0.0,1.8115942028985508,0.0,5.677051408787797,11.5,2.0537601304472997,2.7149689941884514,3.54080688176709,0.7626661261953389,10.0,1.0675942751254117,2.0537601304472997,7.212870509926009,,,,,,,,,0.0015174356329590987,0.0006435006435006435,2025,9
2025-10-01,6,0.8130081300813008,0.0,0.0,0.8130081300813008,0.0,0.0,0.0,3.4673589310150525,0.0,1.016260162601626,0.0,0.0,0.8130081300813008,0.0,3.297019578297762,0.0,0.0,0.0,0.0,0.8130081300813008,0.0,0.0,0.0,1.6260162601626016,0.0,0.0,0.0,0.0,0.0,0.0,0.0,0.8130081300813008,0.0,0.0,0.0,0.0,0.0,0.0,0.0,1.6380906383321259,1.0224948875255624,0.0,0.0,0.0,0.0,0.0,0.0,0.0,0.0,0.0,0.0,0.0,0.0,0.0,0.0,0.0,0.0,3.7481156296326223,9.833333333333334,1.5507833451032298,2.705305313392372,3.2771833624808475,0.43223064177561726,7.5,0.7654493552053906,1.5507833451032298,4.345797349024074,,,,,,,,,0.0008130081300813008,0.004928875491705952,2025,10
2025-11-01,8,1.6631652661064424,0.0,0.0,0.0,0.0,0.0,0.0,1.4019423558897242,2.102743271221532,1.3020833333333333,0.0,0.0,0.0,0.0,3.862592277713761,0.0,0.0,0.6009615384615385,0.0,0.0,0.6009615384615385,0.0,0.0,2.2077774408732567,0.0,0.0,0.0,0.0,0.0,0.0,0.0,0.0,0.0,0.0,0.0,0.0,0.0,0.0,0.0,0.0,0.6793478260869565,0.0,0.0,0.0,0.0,0.0,0.0,0.0,0.0,0.0,0.0,0.0,0.0,0.0,0.0,5.222039473684211,0.0,4.210681335224519,10.5,1.8996621585521387,2.674701824949307,3.519443327816063,0.5095510438726197,6.125,0.8941925563889398,1.8996621585521387,8.598741545113029,,,,,,,,,0.0,0.006410474295887045,2025,11
2025-12-01,3,0.0,0.0,0.0,0.0,0.0,0.0,0.0,0.0,2.0964360587002098,0.0,0.0,0.0,0.0,2.6041666666666665,4.1928721174004195,3.0864197530864197,0.0,0.0,0.0,0.0,0.0,0.0,0.0,0.0,0.0,0.0,0.0,0.0,0.0,0.0,0.0,0.0,0.0,0.0,0.0,0.0,0.0,0.0,0.0,0.0,1.5432098765432098,0.0,0.0,0.0,0.0,0.0,0.0,0.0,0.0,0.0,0.0,0.0,0.0,0.0,0.0,0.0,0.0,3.63964593524342,10.333333333333334,1.8833309825502405,2.5598380964134915,3.4152878310773045,0.6497786823464868,4.0,0.5171653728359512,1.8833309825502405,2.6041666666666665,,,,,,,,,0.0,0.004147376543209877,2025,12
2026-01-01,8,0.0,0.5841121495327103,0.0,0.0,0.0,0.0,0.0,1.1909082660375647,1.2420068863748155,3.9282139214384975,0.0,0.0,0.0,0.0,1.5723270440251573,0.6067961165048543,0.0,0.0,0.0,0.0,0.0,0.0,0.0,0.4180602006688963,0.0,0.0,0.0,0.0,0.0,0.0,0.0,0.9367323998390208,0.0,0.0,0.0,0.0,0.0,0.0,0.0,0.0,0.0,0.0,0.0,0.0,0.0,0.0,0.0,0.0,0.0,0.0,0.8865248226950354,0.0,0.0,0.0,0.0,0.6067961165048543,0.0,11.558942245478939,11.75,2.3831392641403495,2.7104436952995985,3.6887792667265575,0.657286612669897,8.75,1.004568986998756,2.3831392641403495,7.550504297629927,,,,,,,,,0.0014940151381798979,0.0018621184595235803,2026,1
2026-02-01,3,0.0,0.0,0.0,0.0,0.0,1.8018018018018018,0.0,0.0,0.0,3.3308537895693857,0.0,0.0,0.0,0.0,1.529051987767584,0.0,0.0,0.0,0.0,0.0,0.0,1.529051987767584,0.0,1.529051987767584,0.0,0.0,0.0,0.0,0.0,0.0,0.0,0.0,0.0,1.529051987767584,0.0,0.0,0.0,0.0,0.0,0.0,0.0,0.0,0.0,0.0,0.0,0.0,0.0,0.0,1.8018018018018018,0.0,0.0,0.0,0.0,0.0,0.0,0.0,0.0,7.206822781817448,9.0,1.2901647439713397,2.6139919885129435,3.5505232965888527,0.6851406803267451,11.333333333333334,1.0836491902570764,1.2901647439713397,15.94269755140248,,,,,,,,,0.0,0.003330853789569386,2026,2
2026-03-01,1,0.0,0.0,0.0,7.575757575757576,0.0,0.0,0.0,3.787878787878788,0.0,3.787878787878788,0.0,0.0,0.0,0.0,0.0,0.0,0.0,0.0,0.0,0.0,0.0,0.0,0.0,3.787878787878788,0.0,0.0,0.0,0.0,0.0,0.0,0.0,0.0,0.0,0.0,0.0,0.0,0.0,0.0,0.0,0.0,3.787878787878788,0.0,0.0,0.0,0.0,0.0,0.0,0.0,0.0,0.0,0.0,0.0,0.0,0.0,0.0,0.0,0.0,3.787878787878788,13.0,2.516611478423583,2.763960689895631,3.283333333333333,0.7259240715233386,14.0,0.7177405625652734,2.516611478423583,3.787878787878788,,,,,,,,,0.0,0.0,2026,3
2026-04-01,4,0.0,0.0,0.0,0.0,0.0,0.0,0.0,2.0833333333333335,0.0,1.146788990825688,0.0,0.0,0.0,0.0,2.2522522522522523,1.146788990825688,0.0,0.0,0.0,0.0,0.0,0.0,0.0,1.0416666666666667,0.0,0.0,0.0,0.0,0.0,0.0,0.0,0.0,0.0,0.0,1.0416666666666667,0.0,0.0,0.0,0.0,0.0,3.6677455983207574,0.0,0.0,0.0,0.0,0.0,0.0,0.0,0.0,0.0,0.0,0.0,0.0,0.0,0.0,0.0,3.4403669724770642,2.188455657492355,10.75,2.0260304329695176,2.7214758741980187,3.520411038286941,0.6501611757816037,6.25,0.9073024621472265,2.0260304329695176,2.9585798816568047,,,,,,,,,0.0020833333333333333,0.0,2026,4
