dependency_bigram,head_dep,child_dep,pre_count,post_count,pre_proportion,post_proportion,proportion_change,abs_proportion_change,relative_change_pct
prep->pobj,prep,pobj,38778.0,23307.0,0.15698069823175076,0.14599815834476537,-0.010982539886985387,0.010982539886985387,-6.996108445620399
ROOT->prep,ROOT,prep,17275.0,9572.0,0.06993247619664486,0.05996028539392003,-0.00997219080272483,0.00997219080272483,-14.259742175700714
pobj->det,pobj,det,6790.0,2978.0,0.0274872077207073,0.018654589417372948,-0.008832618303334351,0.008832618303334351,-32.13355970195677
appos->amod,appos,amod,2198.0,2456.0,0.008897920849795972,0.015384711755899248,0.006486790906103277,0.006486790906103277,72.9023219649343
amod->npadvmod,amod,npadvmod,3551.0,3237.0,0.014375121445689488,0.020276999981207598,0.00590187853551811,0.00590187853551811,41.05619947501621
pobj->prep,pobj,prep,9989.0,5567.0,0.04043736640974156,0.03487243092226837,-0.005564935487473194,0.005564935487473194,-13.761864289294007
appos->prep,appos,prep,2284.0,2273.0,0.0092460651596606,0.014238375334348123,0.004992310174687523,0.004992310174687523,53.993889167776295
ROOT->appos,ROOT,appos,3415.0,2918.0,0.013824567653345424,0.018278741410307005,0.004454173756961581,0.004454173756961581,32.21926261023946
compound->compound,compound,compound,6388.0,4818.0,0.02585983548157264,0.030180594967395186,0.004320759485822546,0.004320759485822546,16.708379637223363
compound->amod,compound,amod,4881.0,3842.0,0.019759213679642465,0.02406680071912252,0.004307587039480056,0.004307587039480056,21.80039706700515
dobj->compound,dobj,compound,3996.0,3158.0,0.01617656583975646,0.019782133438570774,0.0036055675988143146,0.0036055675988143146,22.288832095333014
appos->compound,appos,compound,1352.0,1421.0,0.005473152406243928,0.00890133363401174,0.003428181227767812,0.003428181227767812,62.636319497641715
dobj->amod,dobj,amod,5645.0,4187.0,0.022852030571928233,0.02622792675975169,0.003375896187823458,0.003375896187823458,14.772849953957518
ROOT->conj,ROOT,conj,2457.0,1173.0,0.009946401969039445,0.007347828538139176,-0.0025985734309002684,0.0025985734309002684,-26.12576325578787
appos->det,appos,det,1709.0,1513.0,0.006918356111147095,0.00947763391151285,0.002559277800365756,0.002559277800365756,36.992571056615006
ROOT->cc,ROOT,cc,1874.0,854.0,0.007586307403329232,0.005349569967238582,-0.0022367374360906496,0.0022367374360906496,-29.483875582329595
ROOT->det,ROOT,det,3070.0,1635.0,0.01242794222423732,0.010241858192546935,-0.002186084031690386,0.002186084031690386,-17.590072372778042
ROOT->dobj,ROOT,dobj,5137.0,3639.0,0.020795550229937173,0.022795181628549415,0.001999631398612242,0.001999631398612242,9.61566958557116
conj->prep,conj,prep,1662.0,854.0,0.006728091197616426,0.005349569967238582,-0.0013785212303778441,0.0013785212303778441,-20.489039014010622
nsubj->prep,nsubj,prep,1395.0,687.0,0.005647224561176242,0.004303459680905042,-0.0013437648802711996,0.0013437648802711996,-23.795138049040347
dobj->prep,dobj,prep,4518.0,3112.0,0.018289720836841765,0.01949398329982022,0.0012042624629784553,0.0012042624629784553,6.584367655041831
dobj->det,dobj,det,2117.0,1179.0,0.008570017488179286,0.00738541333884577,-0.0011846041493335157,0.0011846041493335157,-13.822657316247634
acl->dobj,acl,dobj,2175.0,1548.0,0.008804812487855432,0.009696878582301317,0.0008920660944458855,0.0008920660944458855,10.131574019052893
ROOT->dep,ROOT,dep,334.0,351.0,0.001352095342962627,0.0021987108413357636,0.0008466154983731366,0.0008466154983731366,62.61507391321129
conj->det,conj,det,453.0,165.0,0.001833829911263683,0.001033582019431342,-0.0008002478918323409,0.0008002478918323409,-43.6380651726252
ROOT->nsubj,ROOT,nsubj,3391.0,2064.0,0.013727411101755295,0.012929171443068424,-0.0007982396586868716,0.0007982396586868716,-5.814932275065343
nmod->amod,nmod,amod,726.0,594.0,0.002938985685601399,0.003720895269952831,0.0007819095843514322,0.0007819095843514322,26.60474286016917
agent->pobj,agent,pobj,454.0,186.0,0.0018378781009132715,0.0011651288219044218,-0.0006727492790088497,0.0006727492790088497,-36.60467354578901
pobj->cc,pobj,cc,2355.0,1424.0,0.009533486624781397,0.008920126034365036,-0.0006133605904163619,0.0006133605904163619,-6.433748895414497
nsubj->compound,nsubj,compound,1320.0,940.0,0.0053436103374570896,0.005888285444033099,0.0005446751065760098,0.0005446751065760098,10.193016933850927
appos->acl,appos,acl,228.0,231.0,0.0009229872401062245,0.0014470148272038787,0.0005240275870976542,0.0005240275870976542,56.77517134877672
nmod->prep,nmod,prep,164.0,189.0,0.0006639031025325474,0.001183921222257719,0.0005200181197251716,0.0005200181197251716,78.32741219938464
conj->conj,conj,conj,1005.0,569.0,0.004068430597836648,0.003564291933675355,-0.0005041386641612927,0.0005041386641612927,-12.391477549828773
pobj->conj,pobj,conj,2419.0,1484.0,0.009792570762355075,0.009295974041430979,-0.0004965967209240967,0.0004965967209240967,-5.0711578499195555
ROOT->amod,ROOT,amod,10396.0,6640.0,0.042084979597124164,0.04159384611529764,-0.0004911334818265209,0.0004911334818265209,-1.16700420560518
amod->conj,amod,conj,1157.0,826.0,0.004683755424574131,0.005174174230607809,0.0004904188060336784,0.0004904188060336784,10.470632250791995
amod->cc,amod,cc,1125.0,804.0,0.004554213355787292,0.00503636329468363,0.0004821499388963386,0.0004821499388963386,10.58689835608259
acl->agent,acl,agent,354.0,160.0,0.0014330591359544011,0.0010022613521758468,-0.00043079778377855434,0.00043079778377855434,-30.061410096077292
appos->nmod,appos,nmod,216.0,207.0,0.00087440896431116,0.0012966756243775017,0.00042226666006634167,0.00042226666006634167,48.291666405661104
relcl->dobj,relcl,dobj,378.0,180.0,0.0015302156875445301,0.0011275440211978276,-0.0004026716663467025,0.0004026716663467025,-26.314699922652864
ROOT->nmod,ROOT,nmod,662.0,492.0,0.002679901548027722,0.003081953657940729,0.00040205210991300705,0.00040205210991300705,15.002495528572608
pobj->nummod,pobj,nummod,375.0,179.0,0.001518071118595764,0.0011212798877467285,-0.0003967912308490355,0.0003967912308490355,-26.137855202467236
pobj->amod,pobj,amod,22571.0,14646.0,0.09137168858086664,0.09174449852479657,0.00037280994392993594,0.00037280994392993594,0.4080147250425258
conj->poss,conj,poss,276.0,119.0,0.0011173003432864822,0.0007454318806807861,-0.0003718684626056962,0.0003718684626056962,-33.282766343010685
nsubj->det,nsubj,det,554.0,299.0,0.002242697065872142,0.0018729759018786137,-0.00036972116399352833,0.00036972116399352833,-16.485559713779303
ROOT->relcl,ROOT,relcl,273.0,119.0,0.0011051557743377162,0.0007454318806807861,-0.0003597238936569301,0.0003597238936569301,-32.54960992919762
relcl->aux,relcl,aux,348.0,169.0,0.001408769998056869,0.0010586385532357382,-0.0003501314448211307,0.0003501314448211307,-24.85369828318822
amod->compound,amod,compound,122.0,131.0,0.0004938791372498219,0.0008206014820939746,0.0003267223448441527,0.0003267223448441527,66.15431189572293
conj->cc,conj,cc,917.0,541.0,0.0037121899086728417,0.003388896197044582,-0.0003232937116282599,0.0003232937116282599,-8.708975553027184
acl->aux,acl,aux,299.0,142.0,0.0012104087052270225,0.000889506950056064,-0.0003209017551709585,0.0003209017551709585,-26.511851227207643
nsubj->conj,nsubj,conj,232.0,100.0,0.0009391799987045793,0.0006264133451099042,-0.00031276665359467504,0.00031276665359467504,-33.30209906791854
conj->compound,conj,compound,1688.0,1042.0,0.006833344128505732,0.006527227056045202,-0.0003061170724605296,0.0003061170724605296,-4.479754958974518
pobj->acl,pobj,acl,1097.0,661.0,0.004440864045598808,0.004140592211176467,-0.00030027183442234064,0.00030027183442234064,-6.7615633205418675
dobj->cc,dobj,cc,714.0,509.0,0.0028904074098063345,0.0031884439266094125,0.000298036516803078,0.000298036516803078,10.311228645204977
nmod->compound,nmod,compound,321.0,252.0,0.0012994688775179739,0.0015785616296769586,0.0002790927521589847,0.0002790927521589847,21.477447977981633
advcl->dobj,advcl,dobj,509.0,373.0,0.00206052853164065,0.002336521777259943,0.0002759932456192927,0.0002759932456192927,13.3942938125462
amod->amod,amod,amod,722.0,509.0,0.002922792927003044,0.0031884439266094125,0.00026565099960636825,0.00026565099960636825,9.088943563263644
nsubj->cc,nsubj,cc,207.0,93.0,0.0008379752574648617,0.0005825644109522109,-0.00025541084651265085,0.00025541084651265085,-30.479521231372495
nmod->advmod,nmod,advmod,96.0,22.0,0.0003886262063605156,0.00013781093592417893,-0.00025081527043633667,0.00025081527043633667,-64.5389493377767
dep->compound,dep,compound,74.0,87.0,0.0002995660340695641,0.0005449796102456166,0.00024541357617605255,0.00024541357617605255,81.92303140718
ROOT->nsubjpass,ROOT,nsubjpass,164.0,67.0,0.0006639031025325474,0.0004196969412236358,-0.0002442061613089116,0.0002442061613089116,-36.78340414095889
ROOT->acomp,ROOT,acomp,196.0,88.0,0.000793445171319386,0.0005512437436967157,-0.00024220142762267029,0.00024220142762267029,-30.525288498501276
pobj->nmod,pobj,nmod,1605.0,1075.0,0.0064973443875898694,0.0067339434599314706,0.00023659907234160112,0.00023659907234160112,3.641473473277986
ROOT->xcomp,ROOT,xcomp,327.0,248.0,0.0013237580154155063,0.0015535050958725624,0.00022974708045705615,0.00022974708045705615,17.355670581903315
appos->conj,appos,conj,569.0,404.0,0.0023034199106159725,0.002530709914244013,0.00022729000362804036,0.00022729000362804036,9.867501907946053
poss->case,poss,case,377.0,278.0,0.0015261674978949414,0.0017414290994055338,0.00021526160151059243,0.00021526160151059243,14.10471667149936
nmod->cc,nmod,cc,710.0,493.0,0.00287421465120798,0.003088217791391828,0.00021400314018384797,0.00021400314018384797,7.445621366306319
ROOT->auxpass,ROOT,auxpass,163.0,72.0,0.0006598549128829588,0.000451017608479131,-0.00020883730440382774,0.00020883730440382774,-31.64897317978598
ROOT->advcl,ROOT,advcl,546.0,385.0,0.0022103115486754323,0.002411691378673131,0.00020137982999769884,0.00020137982999769884,9.110925114533252
conj->amod,conj,amod,2086.0,1316.0,0.008444523609042036,0.00824359962164634,-0.00020092398739569688,0.00020092398739569688,-2.379340702897154
nsubj->appos,nsubj,appos,98.0,95.0,0.000396722585659693,0.000595092677854409,0.00019837009219471596,0.00019837009219471596,50.00221801459951
conj->dobj,conj,dobj,462.0,267.0,0.0018702636181099812,0.0016725236314434442,-0.00019773998666653705,0.00019773998666653705,-10.572840360674167
relcl->prep,relcl,prep,143.0,62.0,0.0005788911198911847,0.0003883762739681406,-0.00019051484592304404,0.00019051484592304404,-32.91030720230352
dobj->conj,dobj,conj,773.0,529.0,0.0031292505991320683,0.0033137265956313935,0.00018447599649932525,0.00018447599649932525,5.895213267690727
ROOT->csubj,ROOT,csubj,177.0,143.0,0.0007165295679772006,0.0008957710835071631,0.00017924151552996248,0.00017924151552996248,25.01522945326184
nmod->pobj,nmod,pobj,69.0,73.0,0.00027932508582162056,0.00045728174193023006,0.0001779566561086095,0.0001779566561086095,63.70951451967124
acomp->advmod,acomp,advmod,73.0,19.0,0.0002955178444199754,0.0001190185355708818,-0.0001764993088490936,0.0001764993088490936,-59.72543187553219
npadvmod->compound,npadvmod,compound,121.0,106.0,0.0004898309476002332,0.0006639981458164985,0.00017416719821626526,0.00017416719821626526,35.55659336543364
amod->advmod,amod,advmod,1178.0,734.0,0.004768767407215493,0.004597873953106697,-0.00017089345410879666,0.00017089345410879666,-3.583598014242053
nmod->conj,nmod,conj,668.0,458.0,0.002704190685925254,0.0028689731206033614,0.00016478243467810735,0.00016478243467810735,6.093595231126466
nsubjpass->amod,nsubjpass,amod,92.0,34.0,0.00037243344776216077,0.00021298053733736743,-0.00015945291042479334,0.00015945291042479334,-42.8137997225806
relcl->nsubj,relcl,nsubj,130.0,59.0,0.0005262646544465315,0.0003695838736148435,-0.00015668078083168801,0.00015668078083168801,-29.77224092628223
csubj->dobj,csubj,dobj,157.0,126.0,0.0006355657749854265,0.0007892808148384793,0.00015371503985305284,0.00015371503985305284,24.185543952013074
pcomp->prep,pcomp,prep,376.0,267.0,0.0015221193082453526,0.0016725236314434442,0.00015040432319809159,0.00015040432319809159,9.881244024916324
appos->cc,appos,cc,409.0,288.0,0.0016557095666817798,0.001804070433916524,0.00014836086723474425,0.00014836086723474425,8.96056109237053
ROOT->agent,ROOT,agent,70.0,23.0,0.0002833732754712093,0.00014407506937527798,-0.0001392982060959313,0.0001392982060959313,-49.15714294663048
ROOT->acl,ROOT,acl,1631.0,1076.0,0.006602597318479176,0.0067402075933825694,0.00013761027490339327,0.00013761027490339327,2.08418396981826
dep->amod,dep,amod,67.0,65.0,0.0002712287065224432,0.00040716867432143773,0.00013593996779899455,0.00013593996779899455,50.12005165011765
compound->nmod,compound,nmod,196.0,148.0,0.000793445171319386,0.0009270917507626582,0.0001336465794432722,0.0001336465794432722,16.8438329797933
pcomp->dobj,pcomp,dobj,1338.0,886.0,0.005416477751149686,0.005550022237673751,0.00013354448652406516,0.00013354448652406516,2.4655226636114103
xcomp->dobj,xcomp,dobj,371.0,261.0,0.0015018783599974092,0.00163493883073685,0.00013306047073944087,0.00013306047073944087,8.859603699175105
appos->nummod,appos,nummod,69.0,24.0,0.00027932508582162056,0.00015033920282637702,-0.00012898588299524355,0.00012898588299524355,-46.17769385654643
acomp->prep,acomp,prep,76.0,29.0,0.0003076624133687415,0.00018165987008187222,-0.0001260025432868693,0.0001260025432868693,-40.95480559591526
poss->amod,poss,amod,52.0,53.0,0.0002105058617786126,0.00033199907290824924,0.00012149321112963664,0.00012149321112963664,57.714882665552615
pobj->relcl,pobj,relcl,65.0,23.0,0.00026313232722326575,0.00014407506937527798,-0.00011905725784798778,0.00011905725784798778,-45.246153942525126
nsubj->acl,nsubj,acl,137.0,70.0,0.0005546019819936525,0.00043848934157693294,-0.00011611264041671952,0.00011611264041671952,-20.936210865912205
attr->det,attr,det,92.0,41.0,0.00037243344776216077,0.00025682947149506074,-0.00011560397626710002,0.00011560397626710002,-31.040170253700126
dobj->appos,dobj,appos,216.0,158.0,0.00087440896431116,0.0009897330852736486,0.0001153241209624886,0.0001153241209624886,13.188808174369345
ROOT->neg,ROOT,neg,40.0,44.0,0.00016192758598354817,0.00027562187184835787,0.0001136942858648097,0.0001136942858648097,70.21304317867188
ROOT->nummod,ROOT,nummod,99.0,82.0,0.0004007707753092817,0.0005136589429901215,0.00011288816768083982,0.00011288816768083982,28.16776437696139
ROOT->advmod,ROOT,advmod,503.0,342.0,0.002036239393743118,0.0021423336402758724,0.00010609424653275443,0.00010609424653275443,5.2103032118304435
dobj->acl,dobj,acl,432.0,296.0,0.00174881792862232,0.0018541835015253164,0.00010536557290299637,0.00010536557290299637,6.024959555738374
ROOT->aux,ROOT,aux,504.0,309.0,0.002040287583392707,0.001935617236389604,-0.00010467034700310297,0.00010467034700310297,-5.130176150415576
dobj->poss,dobj,poss,83.0,70.0,0.00033599974091586243,0.00043848934157693294,0.00010248960066107051,0.00010248960066107051,30.50288085987986
nsubjpass->compound,nsubjpass,compound,70.0,29.0,0.0002833732754712093,0.00018165987008187222,-0.00010171340538933706,0.00010171340538933706,-35.893788932708
pobj->compound,pobj,compound,16746.0,10838.0,0.06779098387201243,0.06789067834301142,9.96944709989872e-05,9.96944709989872e-05,0.1470615490508409
compound->nummod,compound,nummod,208.0,150.0,0.0008420234471144504,0.0009396200176648563,9.759657055040589e-05,9.759657055040589e-05,11.59071886713628
nmod->nmod,nmod,nmod,213.0,153.0,0.0008622643953623939,0.0009584124180181535,9.614802265575954e-05,9.614802265575954e-05,11.150642792730679
dep->prep,dep,prep,103.0,81.0,0.0004169635339076365,0.0005073948095390224,9.043127563138591e-05,9.043127563138591e-05,21.6880538170558
pobj->appos,pobj,appos,444.0,273.0,0.0017973962044173846,0.0017101084321500385,-8.728777226734612e-05,8.728777226734612e-05,-4.856345643371376
relcl->advmod,relcl,advmod,40.0,12.0,0.00016192758598354817,7.516960141318851e-05,-8.675798457035966e-05,8.675798457035966e-05,-53.57826095127131
acl->prep,acl,prep,1297.0,852.0,0.005250501975516549,0.005337041700336384,8.653972481983529e-05,8.653972481983529e-05,1.6482181174938313
relcl->conj,relcl,conj,26.0,3.0,0.0001052529308893063,1.8792400353297127e-05,-8.646053053600918e-05,8.646053053600918e-05,-82.14548498125819
xcomp->aux,xcomp,aux,314.0,216.0,0.001271131549970853,0.0013530528254373931,8.19212754665402e-05,8.19212754665402e-05,6.444751958868352
relcl->cc,relcl,cc,26.0,4.0,0.0001052529308893063,2.5056533804396168e-05,-8.019639708491014e-05,8.019639708491014e-05,-76.19397997501093
nsubjpass->prep,nsubjpass,prep,64.0,30.0,0.00025908413757367703,0.00018792400353297126,-7.116013404070577e-05,7.116013404070577e-05,-27.466032736361413
xcomp->prep,xcomp,prep,162.0,116.0,0.00065580672323337,0.0007266394803274889,7.08327570941189e-05,7.08327570941189e-05,10.800858634825698
dobj->nmod,dobj,nmod,461.0,309.0,0.0018662154284603924,0.001935617236389604,6.940180792921156e-05,6.940180792921156e-05,3.718852972213787
ccomp->dobj,ccomp,dobj,79.0,62.0,0.0003198069823175076,0.0003883762739681406,6.856929165063299e-05,6.856929165063299e-05,21.44083633000755
dep->dobj,dep,dobj,25.0,27.0,0.0001012047412397176,0.00016913160317967414,6.792686193995654e-05,6.792686193995654e-05,67.1182605754233
ROOT->pobj,ROOT,pobj,575.0,361.0,0.0023277090485135047,0.002261352175846754,-6.635687266675055e-05,6.635687266675055e-05,-2.850737411066328
advmod->prep,advmod,prep,38.0,14.0,0.00015383120668437076,8.769786831538659e-05,-6.613333836898417e-05,6.613333836898417e-05,-42.99084678226301
conj->appos,conj,appos,50.0,22.0,0.0002024094824794352,0.00013781093592417893,-6.459854655525626e-05,6.459854655525626e-05,-31.914782728531247
npadvmod->nummod,npadvmod,nummod,36.0,13.0,0.00014573482738519333,8.143373486428755e-05,-6.430109252090578e-05,6.430109252090578e-05,-44.12198077467842
nsubjpass->det,nsubjpass,det,39.0,15.0,0.00015787939633395945,9.396200176648563e-05,-6.391739456747382e-05,6.391739456747382e-05,-40.48494993752731
amod->prep,amod,prep,110.0,61.0,0.00044530086145475744,0.00038211214051704157,-6.318872093771588e-05,6.318872093771588e-05,-14.190118728107569
appos->dobj,appos,dobj,19.0,22.0,7.691560334218538e-05,0.00013781093592417893,6.0895332581993553e-05,6.0895332581993553e-05,79.17162439860198
nsubj->poss,nsubj,poss,32.0,11.0,0.00012954206878683852,6.890546796208947e-05,-6.063660082474905e-05,6.063660082474905e-05,-46.80842400666503
conj->aux,conj,aux,24.0,6.0,9.71565515901289e-05,3.7584800706594254e-05,-5.957175088353464e-05,5.957175088353464e-05,-61.31521745939275
acl->advcl,acl,advcl,35.0,32.0,0.00014168663773560464,0.00020045227043516935,5.876563269956471e-05,5.876563269956471e-05,41.47577614850649
npadvmod->prep,npadvmod,prep,29.0,28.0,0.00011739749983807241,0.00017539573663077318,5.799823679270077e-05,5.799823679270077e-05,49.403298087862474
nmod->det,nmod,det,56.0,27.0,0.0002266986203769674,0.00016913160317967414,-5.756701719729327e-05,5.756701719729327e-05,-25.393633671686022
dobj->relcl,dobj,relcl,42.0,18.0,0.00017002396528272557,0.00011275440211978276,-5.726956316294282e-05,5.726956316294282e-05,-33.68322993038758
amod->nsubj,amod,nsubj,45.0,20.0,0.00018216853423149167,0.00012528266902198085,-5.6885865209510816e-05,5.6885865209510816e-05,-31.227053261142668
pobj->dobj,pobj,dobj,20.0,22.0,8.096379299177408e-05,0.00013781093592417893,5.684714293240485e-05,5.684714293240485e-05,70.21304317867188
nsubj->nummod,nsubj,nummod,17.0,20.0,6.881922404300796e-05,0.00012528266902198085,5.646344497897289e-05,5.646344497897289e-05,82.04603548521058
appos->nsubj,appos,nsubj,14.0,18.0,5.667465509424185e-05,0.00011275440211978276,5.60797470255409e-05,5.60797470255409e-05,98.95031020883727
amod->dobj,amod,dobj,28.0,27.0,0.0001133493101884837,0.00016913160317967414,5.5782292991190434e-05,5.5782292991190434e-05,49.21273265662795
ccomp->advmod,ccomp,advmod,38.0,16.0,0.00015383120668437076,0.00010022613521758467,-5.360507146678609e-05,5.360507146678609e-05,-34.84668203687202
advcl->xcomp,advcl,xcomp,10.0,15.0,4.048189649588704e-05,9.396200176648563e-05,5.348010527059859e-05,5.348010527059859e-05,132.10869524364344
acl->xcomp,acl,xcomp,72.0,38.0,0.00029146965477038666,0.0002380370711417636,-5.343258362862306e-05,5.343258362862306e-05,-18.332125747606923
compound->det,compound,det,47.0,22.0,0.00019026491353066907,0.00013781093592417893,-5.245397760649014e-05,5.245397760649014e-05,-27.568917796309833
pobj->quantmod,pobj,quantmod,0.0,8.0,0.0,5.0113067608792337e-05,5.0113067608792337e-05,5.0113067608792337e-05,
advcl->cc,advcl,cc,14.0,17.0,5.667465509424185e-05,0.00010649026866868371,4.981561357444186e-05,4.981561357444186e-05,87.8975151972352
pcomp->advmod,pcomp,advmod,43.0,20.0,0.00017407215493231426,0.00012528266902198085,-4.878948591033341e-05,4.878948591033341e-05,-28.02831155235861
pcomp->npadvmod,pcomp,npadvmod,5.0,11.0,2.024094824794352e-05,6.890546796208947e-05,4.8664519714145946e-05,4.8664519714145946e-05,240.42608635734373
nmod->prt,nmod,prt,29.0,11.0,0.00011739749983807241,6.890546796208947e-05,-4.849203187598294e-05,4.849203187598294e-05,-41.305847179768314
acl->amod,acl,amod,2.0,9.0,8.096379299177407e-06,5.637720105989138e-05,4.828082176071397e-05,4.828082176071397e-05,596.3260857309305
ROOT->ccomp,ROOT,ccomp,179.0,108.0,0.000724625947276378,0.0006765264127186966,-4.8099534557681446e-05,4.8099534557681446e-05,-6.637843253953464
prep->pcomp,prep,pcomp,1570.0,1007.0,0.006355657749854265,0.0063079823852567355,-4.7675364597529746e-05,4.7675364597529746e-05,-0.7501247939070184
pcomp->pobj,pcomp,pobj,21.0,6.0,8.501198264136279e-05,3.7584800706594254e-05,-4.742718193476853e-05,4.742718193476853e-05,-55.78881995359172
amod->auxpass,amod,auxpass,4.0,10.0,1.6192758598354815e-05,6.264133451099043e-05,4.6448575912635615e-05,4.6448575912635615e-05,286.8478254060725
nmod->dobj,nmod,dobj,15.0,17.0,6.0722844743830556e-05,0.00010649026866868371,4.576742392485316e-05,4.576742392485316e-05,75.37101418408618
amod->nummod,amod,nummod,19.0,5.0,7.691560334218538e-05,3.132066725549521e-05,-4.559493608669017e-05,4.559493608669017e-05,-59.279176273045
csubj->prep,csubj,prep,29.0,26.0,0.00011739749983807241,0.0001628674697285751,4.546996989050269e-05,4.546996989050269e-05,38.73163393872944
conj->acl,conj,acl,53.0,27.0,0.00021455405142820132,0.00016913160317967414,-4.542244824852718e-05,4.542244824852718e-05,-21.170631804045616
appos->advmod,appos,advmod,9.0,13.0,3.643370684629833e-05,8.143373486428755e-05,4.500002801798922e-05,4.500002801798922e-05,123.51207690128633
ROOT->meta,ROOT,meta,9.0,13.0,3.643370684629833e-05,8.143373486428755e-05,4.500002801798922e-05,4.500002801798922e-05,123.51207690128633
poss->compound,poss,compound,37.0,31.0,0.00014978301703478204,0.0001941881369840703,4.440511994928826e-05,4.440511994928826e-05,29.646298244197254
npadvmod->nmod,npadvmod,nmod,20.0,20.0,8.096379299177408e-05,0.00012528266902198085,4.431887603020677e-05,4.431887603020677e-05,54.73913016242898
poss->det,poss,det,68.0,51.0,0.00027527689617203185,0.00031947080600605116,4.419390983401931e-05,4.419390983401931e-05,16.054347621821748
ccomp->mark,ccomp,mark,14.0,2.0,5.667465509424185e-05,1.2528266902198084e-05,-4.414638819204377e-05,4.414638819204377e-05,-77.89440997679587
advcl->conj,advcl,conj,17.0,18.0,6.881922404300796e-05,0.00011275440211978276,4.3935178076774794e-05,4.3935178076774794e-05,63.84143193668951
poss->advmod,poss,advmod,12.0,1.0,4.857827579506445e-05,6.264133451099042e-06,-4.2314142343965406e-05,4.2314142343965406e-05,-87.10507248646425
nsubj->dobj,nsubj,dobj,15.0,3.0,6.0722844743830556e-05,1.8792400353297127e-05,-4.193044439053343e-05,4.193044439053343e-05,-69.05217396751421
dobj->dobj,dobj,dobj,18.0,5.0,7.286741369259666e-05,3.132066725549521e-05,-4.154674643710145e-05,4.154674643710145e-05,-57.01690828821416
conj->nsubj,conj,nsubj,35.0,16.0,0.00014168663773560464,0.00010022613521758467,-4.1460502518019966e-05,4.1460502518019966e-05,-29.262111925746755
ROOT->compound,ROOT,compound,6554.0,4229.0,0.026531834963404364,0.02649102036469785,-4.081459870651505e-05,4.081459870651505e-05,-0.1538325515849584
attr->relcl,attr,relcl,7.0,11.0,2.8337327547120926e-05,6.890546796208947e-05,4.056814041496854e-05,4.056814041496854e-05,143.16149025524558
nsubj->relcl,nsubj,relcl,13.0,2.0,5.262646544465315e-05,1.2528266902198084e-05,-4.009819854245507e-05,4.009819854245507e-05,-76.19397997501093
appos->poss,appos,poss,19.0,6.0,7.691560334218538e-05,3.7584800706594254e-05,-3.9330802635591126e-05,3.9330802635591126e-05,-51.135011527654
advcl->advmod,advcl,advmod,70.0,39.0,0.0002833732754712093,0.00024430120459286266,-3.9072070878346616e-05,3.9072070878346616e-05,-13.78819890950385
conj->advcl,conj,advcl,9.0,12.0,3.643370684629833e-05,7.516960141318851e-05,3.8735894566890176e-05,3.8735894566890176e-05,106.318840216572
acl->compound,acl,compound,3.0,8.0,1.2144568948766112e-05,5.0113067608792337e-05,3.796849866002622e-05,3.796849866002622e-05,312.63768043314394
advcl->agent,advcl,agent,14.0,3.0,5.667465509424185e-05,1.8792400353297127e-05,-3.788225474094473e-05,3.788225474094473e-05,-66.8416149651938
conj->nummod,conj,nummod,23.0,9.0,9.310836194054019e-05,5.637720105989138e-05,-3.6731160880648814e-05,3.6731160880648814e-05,-39.44990558861475
dep->det,dep,det,25.0,22.0,0.0001012047412397176,0.00013781093592417893,3.6606194684461337e-05,3.6606194684461337e-05,36.170434542937514
prep->cc,prep,cc,63.0,35.0,0.00025503594792408837,0.00021924467078846647,-3.57912771356219e-05,3.57912771356219e-05,-14.033816576428356
prep->amod,prep,amod,55.0,30.0,0.00022265043072737872,0.00018792400353297126,-3.472642719440746e-05,3.472642719440746e-05,-15.59683809322056
conj->prt,conj,prt,10.0,1.0,4.048189649588704e-05,6.264133451099042e-06,-3.4217763044788e-05,3.4217763044788e-05,-84.5260869837571
nmod->npadvmod,nmod,npadvmod,18.0,17.0,7.286741369259666e-05,0.00010649026866868371,3.362285497608705e-05,3.362285497608705e-05,46.142511820071825
ccomp->amod,ccomp,amod,15.0,15.0,6.0722844743830556e-05,9.396200176648563e-05,3.3239157022655076e-05,3.3239157022655076e-05,54.739130162428985
advcl->nsubj,advcl,nsubj,46.0,35.0,0.00018621672388108038,0.00021924467078846647,3.3027946907386086e-05,3.3027946907386086e-05,17.73629468880465
csubj->advmod,csubj,advmod,9.0,11.0,3.643370684629833e-05,6.890546796208947e-05,3.2471761115791135e-05,3.2471761115791135e-05,89.12560353185768
ROOT->intj,ROOT,intj,6.0,9.0,2.4289137897532224e-05,5.637720105989138e-05,3.2088063162359154e-05,3.2088063162359154e-05,132.10869524364347
pobj->nsubj,pobj,nsubj,6.0,9.0,2.4289137897532224e-05,5.637720105989138e-05,3.2088063162359154e-05,3.2088063162359154e-05,132.10869524364347
ccomp->auxpass,ccomp,auxpass,11.0,2.0,4.4530086145475744e-05,1.2528266902198084e-05,-3.200181924327766e-05,3.200181924327766e-05,-71.86561269774019
ccomp->prep,ccomp,prep,79.0,46.0,0.0003198069823175076,0.00028815013875055595,-3.165684356695167e-05,3.165684356695167e-05,-9.898734335800846
compound->acl,compound,acl,0.0,5.0,0.0,3.132066725549521e-05,3.132066725549521e-05,3.132066725549521e-05,
nummod->prep,nummod,prep,17.0,6.0,6.881922404300796e-05,3.7584800706594254e-05,-3.123442333641371e-05,3.123442333641371e-05,-45.38618935443682
prep->advmod,prep,advmod,14.0,14.0,5.667465509424185e-05,8.769786831538659e-05,3.102321322114474e-05,3.102321322114474e-05,54.739130162428985
ccomp->conj,ccomp,conj,8.0,10.0,3.238551719670963e-05,6.264133451099043e-05,3.0255817314280796e-05,3.0255817314280796e-05,93.42391270303625
ROOT->prt,ROOT,prt,29.0,14.0,0.00011739749983807241,8.769786831538659e-05,-2.9699631522685818e-05,2.9699631522685818e-05,-25.298350956068766
pobj->advmod,pobj,advmod,29.0,14.0,0.00011739749983807241,8.769786831538659e-05,-2.9699631522685818e-05,2.9699631522685818e-05,-25.298350956068766
acl->advmod,acl,advmod,46.0,25.0,0.00018621672388108038,0.00015660333627747606,-2.9613387603604326e-05,2.9613387603604326e-05,-15.902646650853814
acomp->conj,acomp,conj,15.0,5.0,6.0722844743830556e-05,3.132066725549521e-05,-2.9402177488335343e-05,2.9402177488335343e-05,-48.420289945857
appos->relcl,appos,relcl,78.0,55.0,0.0003157587926679189,0.0003445273398104473,2.876854714252842e-05,2.876854714252842e-05,9.110925114533257
ROOT->npadvmod,ROOT,npadvmod,216.0,135.0,0.00087440896431116,0.0008456580158983707,-2.8750948412789297e-05,2.8750948412789297e-05,-3.288043648481881
nummod->amod,nummod,amod,10.0,11.0,4.048189649588704e-05,6.890546796208947e-05,2.8423571466202425e-05,2.8423571466202425e-05,70.21304317867188
ROOT->attr,ROOT,attr,171.0,106.0,0.0006922404300796684,0.0006639981458164985,-2.8242284263169906e-05,2.8242284263169906e-05,-4.07983744317268
ROOT->expl,ROOT,expl,10.0,2.0,4.048189649588704e-05,1.2528266902198084e-05,-2.795362959368896e-05,2.795362959368896e-05,-69.05217396751421
compound->aux,compound,aux,10.0,2.0,4.048189649588704e-05,1.2528266902198084e-05,-2.795362959368896e-05,2.795362959368896e-05,-69.05217396751421
pcomp->nsubj,pcomp,nsubj,27.0,13.0,0.000109301120538895,8.143373486428755e-05,-2.7867385674607454e-05,2.7867385674607454e-05,-25.495974366237895
nsubj->npadvmod,nsubj,npadvmod,4.0,7.0,1.6192758598354815e-05,4.3848934157693295e-05,2.765617555933848e-05,2.765617555933848e-05,170.79347778425074
nmod->appos,nmod,appos,52.0,38.0,0.0002105058617786126,0.0002380370711417636,2.7531209363150993e-05,2.7531209363150993e-05,13.078595118698098
amod->advcl,amod,advcl,1.0,5.0,4.048189649588704e-06,3.132066725549521e-05,2.727247760590651e-05,2.727247760590651e-05,673.695650812145
ccomp->advcl,ccomp,advcl,8.0,1.0,3.238551719670963e-05,6.264133451099042e-06,-2.6121383745610588e-05,2.6121383745610588e-05,-80.65760872969638
acomp->cc,acomp,cc,11.0,3.0,4.4530086145475744e-05,1.8792400353297127e-05,-2.5737685792178617e-05,2.5737685792178617e-05,-57.79841904661028
relcl->acomp,relcl,acomp,11.0,3.0,4.4530086145475744e-05,1.8792400353297127e-05,-2.5737685792178617e-05,2.5737685792178617e-05,-57.79841904661028
appos->appos,appos,appos,110.0,67.0,0.00044530086145475744,0.0004196969412236358,-2.560392023112163e-05,2.560392023112163e-05,-5.749802537429627
conj->npadvmod,conj,npadvmod,79.0,47.0,0.0003198069823175076,0.000294414272201655,-2.5392710115852625e-05,2.5392710115852625e-05,-7.94001116918782
amod->prt,amod,prt,31.0,16.0,0.00012549387913724983,0.00010022613521758467,-2.5267743919665155e-05,2.5267743919665155e-05,-20.134642496810855
xcomp->advmod,xcomp,advmod,17.0,15.0,6.881922404300796e-05,9.396200176648563e-05,2.514277772347767e-05,2.514277772347767e-05,36.53452661390793
amod->dep,amod,dep,0.0,4.0,0.0,2.5056533804396168e-05,2.5056533804396168e-05,2.5056533804396168e-05,
ccomp->aux,ccomp,aux,20.0,9.0,8.096379299177408e-05,5.637720105989138e-05,-2.4586591931882706e-05,2.4586591931882706e-05,-30.367391426906966
advmod->advmod,advmod,advmod,37.0,20.0,0.00014978301703478204,0.00012528266902198085,-2.4500348012801193e-05,2.4500348012801193e-05,-16.357226939227573
relcl->nsubjpass,relcl,nsubjpass,6.0,0.0,2.4289137897532224e-05,0.0,-2.4289137897532224e-05,2.4289137897532224e-05,-100.0
relcl->auxpass,relcl,auxpass,6.0,0.0,2.4289137897532224e-05,0.0,-2.4289137897532224e-05,2.4289137897532224e-05,-100.0
ccomp->cc,ccomp,cc,8.0,9.0,3.238551719670963e-05,5.637720105989138e-05,2.399168386318175e-05,2.399168386318175e-05,74.0815214327326
pcomp->acomp,pcomp,acomp,9.0,2.0,3.643370684629833e-05,1.2528266902198084e-05,-2.390543994410025e-05,2.390543994410025e-05,-65.61352663057134
ccomp->nsubjpass,ccomp,nsubjpass,9.0,2.0,3.643370684629833e-05,1.2528266902198084e-05,-2.390543994410025e-05,2.390543994410025e-05,-65.61352663057134
ROOT->mark,ROOT,mark,9.0,2.0,3.643370684629833e-05,1.2528266902198084e-05,-2.390543994410025e-05,2.390543994410025e-05,-65.61352663057134
conj->agent,conj,agent,9.0,2.0,3.643370684629833e-05,1.2528266902198084e-05,-2.390543994410025e-05,2.390543994410025e-05,-65.61352663057134
pcomp->advcl,pcomp,advcl,26.0,13.0,0.0001052529308893063,8.143373486428755e-05,-2.381919602501875e-05,2.381919602501875e-05,-22.630434918785507
advcl->prep,advcl,prep,152.0,102.0,0.000615324826737483,0.0006389416120121023,2.361678527461927e-05,2.361678527461927e-05,3.8381005037352303
compound->dobj,compound,dobj,2.0,5.0,8.096379299177407e-06,3.132066725549521e-05,2.3224287956317807e-05,2.3224287956317807e-05,286.8478254060725
npadvmod->acl,npadvmod,acl,2.0,5.0,8.096379299177407e-06,3.132066725549521e-05,2.3224287956317807e-05,2.3224287956317807e-05,286.8478254060725
ccomp->compound,ccomp,compound,18.0,8.0,7.286741369259666e-05,5.0113067608792337e-05,-2.2754346083804328e-05,2.2754346083804328e-05,-31.227053261142668
ROOT->poss,ROOT,poss,47.0,34.0,0.00019026491353066907,0.00021298053733736743,2.2715623806698356e-05,2.2715623806698356e-05,11.938945223884797
nmod->nummod,nmod,nummod,117.0,72.0,0.00047363818900187835,0.000451017608479131,-2.262058052274733e-05,2.262058052274733e-05,-4.775919900043706
prep->conj,prep,conj,55.0,32.0,0.00022265043072737872,0.00020045227043516935,-2.2198160292209376e-05,2.2198160292209376e-05,-9.969960632768597
amod->preconj,amod,preconj,10.0,10.0,4.048189649588704e-05,6.264133451099043e-05,2.2159438015103384e-05,2.2159438015103384e-05,54.73913016242898
dobj->xcomp,dobj,xcomp,7.0,1.0,2.8337327547120926e-05,6.264133451099042e-06,-2.2073194096021885e-05,2.2073194096021885e-05,-77.89440997679587
dobj->nummod,dobj,nummod,58.0,34.0,0.00023479499967614482,0.00021298053733736743,-2.181446233877739e-05,2.181446233877739e-05,-9.290854732369217
advcl->acomp,advcl,acomp,10.0,3.0,4.048189649588704e-05,1.8792400353297127e-05,-2.1689496142589915e-05,2.1689496142589915e-05,-53.57826095127131
nummod->cc,nummod,cc,10.0,3.0,4.048189649588704e-05,1.8792400353297127e-05,-2.1689496142589915e-05,2.1689496142589915e-05,-53.57826095127131
nmod->acl,nmod,acl,10.0,3.0,4.048189649588704e-05,1.8792400353297127e-05,-2.1689496142589915e-05,2.1689496142589915e-05,-53.57826095127131
relcl->xcomp,relcl,xcomp,13.0,5.0,5.262646544465315e-05,3.132066725549521e-05,-2.1305798189157937e-05,2.1305798189157937e-05,-40.48494993752731
conj->nmod,conj,nmod,95.0,58.0,0.00038457801671092686,0.00036331974016374445,-2.1258276547182417e-05,2.1258276547182417e-05,-5.52768895346441
prep->prep,prep,prep,165.0,110.0,0.0006679512921821362,0.0006890546796208946,2.110338743875845e-05,2.110338743875845e-05,3.1594201082859796
npadvmod->advmod,npadvmod,advmod,1.0,4.0,4.048189649588704e-06,2.5056533804396168e-05,2.1008344154807465e-05,2.1008344154807465e-05,518.9565206497159
amod->acomp,amod,acomp,1.0,4.0,4.048189649588704e-06,2.5056533804396168e-05,2.1008344154807465e-05,2.1008344154807465e-05,518.9565206497159
ccomp->ccomp,ccomp,ccomp,1.0,4.0,4.048189649588704e-06,2.5056533804396168e-05,2.1008344154807465e-05,2.1008344154807465e-05,518.9565206497159
nsubj->nsubj,nsubj,nsubj,19.0,9.0,7.691560334218538e-05,5.637720105989138e-05,-2.0538402282294003e-05,2.0538402282294003e-05,-26.702517291481016
acl->nsubj,acl,nsubj,36.0,20.0,0.00014573482738519333,0.00012528266902198085,-2.0452158363212477e-05,2.0452158363212477e-05,-14.033816576428332
pcomp->auxpass,pcomp,auxpass,5.0,0.0,2.024094824794352e-05,0.0,-2.024094824794352e-05,2.024094824794352e-05,-99.99999999999999
attr->advmod,attr,advmod,5.0,0.0,2.024094824794352e-05,0.0,-2.024094824794352e-05,2.024094824794352e-05,-99.99999999999999
dep->cc,dep,cc,25.0,13.0,0.0001012047412397176,8.143373486428755e-05,-1.9771006375430048e-05,1.9771006375430048e-05,-19.53565231553693
dep->appos,dep,appos,6.0,7.0,2.4289137897532224e-05,4.3848934157693295e-05,1.955979626016107e-05,1.955979626016107e-05,80.52898518950047
pcomp->compound,pcomp,compound,11.0,4.0,4.4530086145475744e-05,2.5056533804396168e-05,-1.9473552341079576e-05,1.9473552341079576e-05,-43.73122539548037
relcl->advcl,relcl,advcl,11.0,4.0,4.4530086145475744e-05,2.5056533804396168e-05,-1.9473552341079576e-05,1.9473552341079576e-05,-43.73122539548037
compound->npadvmod,compound,npadvmod,45.0,26.0,0.00018216853423149167,0.0001628674697285751,-1.930106450291657e-05,1.930106450291657e-05,-10.595169239485472
pobj->poss,pobj,poss,339.0,216.0,0.0013723362912105707,0.0013530528254373931,-1.9283465773177553e-05,1.9283465773177553e-05,-1.4051560027001215
nsubj->neg,nsubj,neg,3.0,5.0,1.2144568948766112e-05,3.132066725549521e-05,1.91760983067291e-05,1.91760983067291e-05,157.89855027071496
npadvmod->dobj,npadvmod,dobj,0.0,3.0,0.0,1.8792400353297127e-05,1.8792400353297127e-05,1.8792400353297127e-05,
advcl->neg,advcl,neg,0.0,3.0,0.0,1.8792400353297127e-05,1.8792400353297127e-05,1.8792400353297127e-05,
compound->advmod,compound,advmod,20.0,10.0,8.096379299177408e-05,6.264133451099043e-05,-1.8322458480783658e-05,1.8322458480783658e-05,-22.63043491878551
advcl->aux,advcl,aux,175.0,116.0,0.0007084331886780231,0.0007266394803274889,1.820629164946575e-05,1.820629164946575e-05,2.569937707667216
conj->pobj,conj,pobj,54.0,32.0,0.00021860224107779,0.00020045227043516935,-1.814997064262066e-05,1.814997064262066e-05,-8.302737681523567
relcl->attr,relcl,attr,6.0,1.0,2.4289137897532224e-05,6.264133451099042e-06,-1.8025004446433182e-05,1.8025004446433182e-05,-74.21014497292852
attr->cc,attr,cc,6.0,1.0,2.4289137897532224e-05,6.264133451099042e-06,-1.8025004446433182e-05,1.8025004446433182e-05,-74.21014497292852
xcomp->acomp,xcomp,acomp,6.0,1.0,2.4289137897532224e-05,6.264133451099042e-06,-1.8025004446433182e-05,1.8025004446433182e-05,-74.21014497292852
aux->nsubj,aux,nsubj,8.0,8.0,3.238551719670963e-05,5.0113067608792337e-05,1.7727550412082707e-05,1.7727550412082707e-05,54.739130162428985
conj->xcomp,conj,xcomp,8.0,8.0,3.238551719670963e-05,5.0113067608792337e-05,1.7727550412082707e-05,1.7727550412082707e-05,54.739130162428985
ccomp->nsubj,ccomp,nsubj,138.0,92.0,0.0005586501716432411,0.0005763002775011119,1.7650105857870777e-05,1.7650105857870777e-05,3.1594201082859934
agent->pcomp,agent,pcomp,9.0,3.0,3.643370684629833e-05,1.8792400353297127e-05,-1.7641306493001205e-05,1.7641306493001205e-05,-48.420289945857
nsubjpass->conj,nsubjpass,conj,9.0,3.0,3.643370684629833e-05,1.8792400353297127e-05,-1.7641306493001205e-05,1.7641306493001205e-05,-48.420289945857
amod->pcomp,amod,pcomp,5.0,6.0,2.024094824794352e-05,3.7584800706594254e-05,1.7343852458650733e-05,1.7343852458650733e-05,85.68695619491477
conj->advmod,conj,advmod,77.0,47.0,0.0003117106030183302,0.000294414272201655,-1.7296330816675193e-05,1.7296330816675193e-05,-5.548842628127757
ROOT->dative,ROOT,dative,2.0,4.0,8.096379299177407e-06,2.5056533804396168e-05,1.696015450521876e-05,1.696015450521876e-05,209.47826032485793
acl->acomp,acl,acomp,2.0,4.0,8.096379299177407e-06,2.5056533804396168e-05,1.696015450521876e-05,1.696015450521876e-05,209.47826032485793
nummod->nummod,nummod,nummod,2.0,4.0,8.096379299177407e-06,2.5056533804396168e-05,1.696015450521876e-05,1.696015450521876e-05,209.47826032485793
compound->appos,compound,appos,2.0,4.0,8.096379299177407e-06,2.5056533804396168e-05,1.696015450521876e-05,1.696015450521876e-05,209.47826032485793
amod->aux,amod,aux,18.0,9.0,7.286741369259666e-05,5.637720105989138e-05,-1.6490212632705286e-05,1.6490212632705286e-05,-22.630434918785507
pcomp->xcomp,pcomp,xcomp,13.0,11.0,5.262646544465315e-05,6.890546796208947e-05,1.6279002517436317e-05,1.6279002517436317e-05,30.933110137439915
nummod->nmod,nummod,nmod,4.0,0.0,1.6192758598354815e-05,0.0,-1.6192758598354815e-05,1.6192758598354815e-05,-100.0
preconj->amod,preconj,amod,4.0,0.0,1.6192758598354815e-05,0.0,-1.6192758598354815e-05,1.6192758598354815e-05,-100.0
appos->neg,appos,neg,4.0,0.0,1.6192758598354815e-05,0.0,-1.6192758598354815e-05,1.6192758598354815e-05,-100.0
pobj->neg,pobj,neg,4.0,0.0,1.6192758598354815e-05,0.0,-1.6192758598354815e-05,1.6192758598354815e-05,-100.0
nsubjpass->acl,nsubjpass,acl,4.0,0.0,1.6192758598354815e-05,0.0,-1.6192758598354815e-05,1.6192758598354815e-05,-100.0
conj->neg,conj,neg,21.0,11.0,8.501198264136279e-05,6.890546796208947e-05,-1.610651467927332e-05,1.610651467927332e-05,-18.946169914918155
appos->npadvmod,appos,npadvmod,10.0,9.0,4.048189649588704e-05,5.637720105989138e-05,1.5895304564004336e-05,1.5895304564004336e-05,39.26521714618607
acl->mark,acl,mark,7.0,2.0,2.8337327547120926e-05,1.2528266902198084e-05,-1.5809060644922844e-05,1.5809060644922844e-05,-55.78881995359172
nsubjpass->nmod,nsubjpass,nmod,7.0,2.0,2.8337327547120926e-05,1.2528266902198084e-05,-1.5809060644922844e-05,1.5809060644922844e-05,-55.78881995359172
acomp->xcomp,acomp,xcomp,7.0,7.0,2.8337327547120926e-05,4.3848934157693295e-05,1.551160661057237e-05,1.551160661057237e-05,54.739130162428985
dep->acl,dep,acl,10.0,4.0,4.048189649588704e-05,2.5056533804396168e-05,-1.5425362691490873e-05,1.5425362691490873e-05,-38.104347935028414
nsubj->nmod,nsubj,nmod,120.0,80.0,0.00048578275795064445,0.0005011306760879234,1.534791813727896e-05,1.534791813727896e-05,3.1594201082859983
nummod->quantmod,nummod,quantmod,27.0,15.0,0.000109301120538895,9.396200176648563e-05,-1.533911877240937e-05,1.533911877240937e-05,-14.033816576428343
amod->xcomp,amod,xcomp,4.0,5.0,1.6192758598354815e-05,3.132066725549521e-05,1.5127908657140398e-05,1.5127908657140398e-05,93.42391270303625
xcomp->compound,xcomp,compound,4.0,5.0,1.6192758598354815e-05,3.132066725549521e-05,1.5127908657140398e-05,1.5127908657140398e-05,93.42391270303625
pobj->npadvmod,pobj,npadvmod,18.0,14.0,7.286741369259666e-05,8.769786831538659e-05,1.4830454622789926e-05,1.4830454622789926e-05,20.352656793000328
advcl->amod,advcl,amod,1.0,3.0,4.048189649588704e-06,1.8792400353297127e-05,1.4744210703708424e-05,1.4744210703708424e-05,364.217390487287
nmod->meta,nmod,meta,1.0,3.0,4.048189649588704e-06,1.8792400353297127e-05,1.4744210703708424e-05,1.4744210703708424e-05,364.217390487287
xcomp->nsubj,xcomp,nsubj,1.0,3.0,4.048189649588704e-06,1.8792400353297127e-05,1.4744210703708424e-05,1.4744210703708424e-05,364.217390487287
relcl->ccomp,relcl,ccomp,1.0,3.0,4.048189649588704e-06,1.8792400353297127e-05,1.4744210703708424e-05,1.4744210703708424e-05,364.217390487287
neg->advmod,neg,advmod,1.0,3.0,4.048189649588704e-06,1.8792400353297127e-05,1.4744210703708424e-05,1.4744210703708424e-05,364.217390487287
conj->acomp,conj,acomp,1.0,3.0,4.048189649588704e-06,1.8792400353297127e-05,1.4744210703708424e-05,1.4744210703708424e-05,364.217390487287
npadvmod->npadvmod,npadvmod,npadvmod,1.0,3.0,4.048189649588704e-06,1.8792400353297127e-05,1.4744210703708424e-05,1.4744210703708424e-05,364.217390487287
npadvmod->amod,npadvmod,amod,163.0,103.0,0.0006598549128829588,0.0006452057454632013,-1.4649167419757462e-05,1.4649167419757462e-05,-2.2200588544160533
cc->advmod,cc,advmod,12.0,10.0,4.857827579506445e-05,6.264133451099043e-05,1.4063058715925978e-05,1.4063058715925978e-05,28.949275135357492
parataxis->nsubj,parataxis,nsubj,5.0,1.0,2.024094824794352e-05,6.264133451099042e-06,-1.397681479684448e-05,1.397681479684448e-05,-69.05217396751421
xcomp->amod,xcomp,amod,5.0,1.0,2.024094824794352e-05,6.264133451099042e-06,-1.397681479684448e-05,1.397681479684448e-05,-69.05217396751421
dobj->aux,dobj,aux,5.0,1.0,2.024094824794352e-05,6.264133451099042e-06,-1.397681479684448e-05,1.397681479684448e-05,-69.05217396751421
dep->advmod,dep,advmod,6.0,6.0,2.4289137897532224e-05,3.7584800706594254e-05,1.329566280906203e-05,1.329566280906203e-05,54.739130162428985
ROOT->parataxis,ROOT,parataxis,11.0,5.0,4.4530086145475744e-05,3.132066725549521e-05,-1.3209418889980532e-05,1.3209418889980532e-05,-29.66403174435046
attr->appos,attr,appos,11.0,5.0,4.4530086145475744e-05,3.132066725549521e-05,-1.3209418889980532e-05,1.3209418889980532e-05,-29.66403174435046
attr->prep,attr,prep,85.0,57.0,0.00034409612021503986,0.0003570556067126454,1.2959486497605543e-05,1.2959486497605543e-05,3.7662402265700132
ccomp->attr,ccomp,attr,3.0,4.0,1.2144568948766112e-05,2.5056533804396168e-05,1.2911964855630056e-05,1.2911964855630056e-05,106.31884021657197
pobj->case,pobj,case,3.0,4.0,1.2144568948766112e-05,2.5056533804396168e-05,1.2911964855630056e-05,1.2911964855630056e-05,106.31884021657197
nsubjpass->appos,nsubjpass,appos,14.0,7.0,5.667465509424185e-05,4.3848934157693295e-05,-1.2825720936548558e-05,1.2825720936548558e-05,-22.630434918785507
dep->poss,dep,poss,0.0,2.0,0.0,1.2528266902198084e-05,1.2528266902198084e-05,1.2528266902198084e-05,
csubj->acomp,csubj,acomp,0.0,2.0,0.0,1.2528266902198084e-05,1.2528266902198084e-05,1.2528266902198084e-05,
advcl->dative,advcl,dative,0.0,2.0,0.0,1.2528266902198084e-05,1.2528266902198084e-05,1.2528266902198084e-05,
pcomp->pcomp,pcomp,pcomp,0.0,2.0,0.0,1.2528266902198084e-05,1.2528266902198084e-05,1.2528266902198084e-05,
nsubj->advcl,nsubj,advcl,0.0,2.0,0.0,1.2528266902198084e-05,1.2528266902198084e-05,1.2528266902198084e-05,
nummod->appos,nummod,appos,0.0,2.0,0.0,1.2528266902198084e-05,1.2528266902198084e-05,1.2528266902198084e-05,
intj->prep,intj,prep,0.0,2.0,0.0,1.2528266902198084e-05,1.2528266902198084e-05,1.2528266902198084e-05,
dobj->case,dobj,case,0.0,2.0,0.0,1.2528266902198084e-05,1.2528266902198084e-05,1.2528266902198084e-05,
pcomp->conj,pcomp,conj,68.0,42.0,0.00027527689617203185,0.0002630936049461598,-1.218329122587206e-05,1.218329122587206e-05,-4.425831370264441
ccomp->csubj,ccomp,csubj,3.0,0.0,1.2144568948766112e-05,0.0,-1.2144568948766112e-05,1.2144568948766112e-05,-100.0
nsubjpass->dobj,nsubjpass,dobj,3.0,0.0,1.2144568948766112e-05,0.0,-1.2144568948766112e-05,1.2144568948766112e-05,-100.0
pobj->prt,pobj,prt,3.0,0.0,1.2144568948766112e-05,0.0,-1.2144568948766112e-05,1.2144568948766112e-05,-100.0
acl->parataxis,acl,parataxis,3.0,0.0,1.2144568948766112e-05,0.0,-1.2144568948766112e-05,1.2144568948766112e-05,-100.0
attr->neg,attr,neg,3.0,0.0,1.2144568948766112e-05,0.0,-1.2144568948766112e-05,1.2144568948766112e-05,-100.0
dep->nummod,dep,nummod,3.0,0.0,1.2144568948766112e-05,0.0,-1.2144568948766112e-05,1.2144568948766112e-05,-100.0
dobj->neg,dobj,neg,3.0,0.0,1.2144568948766112e-05,0.0,-1.2144568948766112e-05,1.2144568948766112e-05,-100.0
pcomp->ccomp,pcomp,ccomp,6.0,2.0,2.4289137897532224e-05,1.2528266902198084e-05,-1.176087099533414e-05,1.176087099533414e-05,-48.42028994585701
conj->auxpass,conj,auxpass,6.0,2.0,2.4289137897532224e-05,1.2528266902198084e-05,-1.176087099533414e-05,1.176087099533414e-05,-48.42028994585701
csubj->xcomp,csubj,xcomp,8.0,7.0,3.238551719670963e-05,4.3848934157693295e-05,1.1463416960983666e-05,1.1463416960983666e-05,35.39673889212536
acl->pobj,acl,pobj,5.0,5.0,2.024094824794352e-05,3.132066725549521e-05,1.1079719007551692e-05,1.1079719007551692e-05,54.73913016242898
ccomp->neg,ccomp,neg,5.0,5.0,2.024094824794352e-05,3.132066725549521e-05,1.1079719007551692e-05,1.1079719007551692e-05,54.73913016242898
prep->dobj,prep,dobj,12.0,6.0,4.857827579506445e-05,3.7584800706594254e-05,-1.0993475088470193e-05,1.0993475088470193e-05,-22.630434918785507
attr->compound,attr,compound,46.0,28.0,0.00018621672388108038,0.00017539573663077318,-1.0820987250307202e-05,1.0820987250307202e-05,-5.8109642489562745
npadvmod->conj,npadvmod,conj,19.0,14.0,7.691560334218538e-05,8.769786831538659e-05,1.078226497320121e-05,1.078226497320121e-05,14.018306435473978
xcomp->xcomp,xcomp,xcomp,2.0,3.0,8.096379299177407e-06,1.8792400353297127e-05,1.069602105411972e-05,1.069602105411972e-05,132.1086952436435
xcomp->ccomp,xcomp,ccomp,2.0,3.0,8.096379299177407e-06,1.8792400353297127e-05,1.069602105411972e-05,1.069602105411972e-05,132.1086952436435
compound->conj,compound,conj,2.0,3.0,8.096379299177407e-06,1.8792400353297127e-05,1.069602105411972e-05,1.069602105411972e-05,132.1086952436435
advmod->compound,advmod,compound,2.0,3.0,8.096379299177407e-06,1.8792400353297127e-05,1.069602105411972e-05,1.069602105411972e-05,132.1086952436435
advcl->mark,advcl,mark,52.0,32.0,0.0002105058617786126,0.00020045227043516935,-1.0053591343443254e-05,1.0053591343443254e-05,-4.775919900043705
acl->acl,acl,acl,4.0,1.0,1.6192758598354815e-05,6.264133451099042e-06,-9.928625147255773e-06,9.928625147255773e-06,-61.31521745939276
dep->nmod,dep,nmod,4.0,1.0,1.6192758598354815e-05,6.264133451099042e-06,-9.928625147255773e-06,9.928625147255773e-06,-61.31521745939276
acl->attr,acl,attr,4.0,1.0,1.6192758598354815e-05,6.264133451099042e-06,-9.928625147255773e-06,9.928625147255773e-06,-61.31521745939276
advmod->amod,advmod,amod,4.0,1.0,1.6192758598354815e-05,6.264133451099042e-06,-9.928625147255773e-06,9.928625147255773e-06,-61.31521745939276
dobj->preconj,dobj,preconj,4.0,1.0,1.6192758598354815e-05,6.264133451099042e-06,-9.928625147255773e-06,9.928625147255773e-06,-61.31521745939276
auxpass->nsubj,auxpass,nsubj,4.0,1.0,1.6192758598354815e-05,6.264133451099042e-06,-9.928625147255773e-06,9.928625147255773e-06,-61.31521745939276
cc->pobj,cc,pobj,4.0,1.0,1.6192758598354815e-05,6.264133451099042e-06,-9.928625147255773e-06,9.928625147255773e-06,-61.31521745939276
nummod->conj,nummod,conj,7.0,3.0,2.8337327547120926e-05,1.8792400353297127e-05,-9.5449271938238e-06,9.5449271938238e-06,-33.683229930387576
attr->nmod,attr,nmod,7.0,3.0,2.8337327547120926e-05,1.8792400353297127e-05,-9.5449271938238e-06,9.5449271938238e-06,-33.683229930387576
pcomp->prt,pcomp,prt,7.0,3.0,2.8337327547120926e-05,1.8792400353297127e-05,-9.5449271938238e-06,9.5449271938238e-06,-33.683229930387576
nsubjpass->cc,nsubjpass,cc,7.0,3.0,2.8337327547120926e-05,1.8792400353297127e-05,-9.5449271938238e-06,9.5449271938238e-06,-33.683229930387576
csubj->advcl,csubj,advcl,7.0,6.0,2.8337327547120926e-05,3.7584800706594254e-05,9.247473159473328e-06,9.247473159473328e-06,32.63354013922485
preconj->cc,preconj,cc,10.0,5.0,4.048189649588704e-05,3.132066725549521e-05,-9.161229240391829e-06,9.161229240391829e-06,-22.63043491878551
advcl->compound,advcl,compound,4.0,4.0,1.6192758598354815e-05,2.5056533804396168e-05,8.863775206041354e-06,8.863775206041354e-06,54.739130162428985
nmod->preconj,nmod,preconj,4.0,4.0,1.6192758598354815e-05,2.5056533804396168e-05,8.863775206041354e-06,8.863775206041354e-06,54.739130162428985
conj->attr,conj,attr,4.0,4.0,1.6192758598354815e-05,2.5056533804396168e-05,8.863775206041354e-06,8.863775206041354e-06,54.739130162428985
nummod->advmod,nummod,advmod,4.0,4.0,1.6192758598354815e-05,2.5056533804396168e-05,8.863775206041354e-06,8.863775206041354e-06,54.739130162428985
ccomp->acomp,ccomp,acomp,13.0,7.0,5.262646544465315e-05,4.3848934157693295e-05,-8.777531286959855e-06,8.777531286959855e-06,-16.67892991253824
xcomp->cc,xcomp,cc,18.0,13.0,7.286741369259666e-05,8.143373486428755e-05,8.566321171690885e-06,8.566321171690885e-06,11.756038450643164
prep->neg,prep,neg,1.0,2.0,4.048189649588704e-06,1.2528266902198084e-05,8.48007725260938e-06,8.48007725260938e-06,209.47826032485793
relcl->mark,relcl,mark,1.0,2.0,4.048189649588704e-06,1.2528266902198084e-05,8.48007725260938e-06,8.48007725260938e-06,209.47826032485793
prep->det,prep,det,1.0,2.0,4.048189649588704e-06,1.2528266902198084e-05,8.48007725260938e-06,8.48007725260938e-06,209.47826032485793
ccomp->det,ccomp,det,1.0,2.0,4.048189649588704e-06,1.2528266902198084e-05,8.48007725260938e-06,8.48007725260938e-06,209.47826032485793
poss->nmod,poss,nmod,1.0,2.0,4.048189649588704e-06,1.2528266902198084e-05,8.48007725260938e-06,8.48007725260938e-06,209.47826032485793
aux->amod,aux,amod,1.0,2.0,4.048189649588704e-06,1.2528266902198084e-05,8.48007725260938e-06,8.48007725260938e-06,209.47826032485793
pcomp->dative,pcomp,dative,1.0,2.0,4.048189649588704e-06,1.2528266902198084e-05,8.48007725260938e-06,8.48007725260938e-06,209.47826032485793
prep->advcl,prep,advcl,1.0,2.0,4.048189649588704e-06,1.2528266902198084e-05,8.48007725260938e-06,8.48007725260938e-06,209.47826032485793
nsubj->advmod,nsubj,advmod,16.0,9.0,6.477103439341926e-05,5.637720105989138e-05,-8.39383333352788e-06,8.39383333352788e-06,-12.959239283633696
appos->aux,appos,aux,2.0,0.0,8.096379299177407e-06,0.0,-8.096379299177407e-06,8.096379299177407e-06,-100.0
prt->pobj,prt,pobj,2.0,0.0,8.096379299177407e-06,0.0,-8.096379299177407e-06,8.096379299177407e-06,-100.0
relcl->prt,relcl,prt,2.0,0.0,8.096379299177407e-06,0.0,-8.096379299177407e-06,8.096379299177407e-06,-100.0
compound->prep,compound,prep,2.0,0.0,8.096379299177407e-06,0.0,-8.096379299177407e-06,8.096379299177407e-06,-100.0
acl->nsubjpass,acl,nsubjpass,2.0,0.0,8.096379299177407e-06,0.0,-8.096379299177407e-06,8.096379299177407e-06,-100.0
conj->pcomp,conj,pcomp,2.0,0.0,8.096379299177407e-06,0.0,-8.096379299177407e-06,8.096379299177407e-06,-100.0
nmod->poss,nmod,poss,2.0,0.0,8.096379299177407e-06,0.0,-8.096379299177407e-06,8.096379299177407e-06,-100.0
attr->poss,attr,poss,2.0,0.0,8.096379299177407e-06,0.0,-8.096379299177407e-06,8.096379299177407e-06,-100.0
compound->prt,compound,prt,2.0,0.0,8.096379299177407e-06,0.0,-8.096379299177407e-06,8.096379299177407e-06,-100.0
xcomp->npadvmod,xcomp,npadvmod,2.0,0.0,8.096379299177407e-06,0.0,-8.096379299177407e-06,8.096379299177407e-06,-100.0
prt->prep,prt,prep,2.0,0.0,8.096379299177407e-06,0.0,-8.096379299177407e-06,8.096379299177407e-06,-100.0
ROOT->case,ROOT,case,2.0,0.0,8.096379299177407e-06,0.0,-8.096379299177407e-06,8.096379299177407e-06,-100.0
pcomp->nsubjpass,pcomp,nsubjpass,2.0,0.0,8.096379299177407e-06,0.0,-8.096379299177407e-06,8.096379299177407e-06,-100.0
acl->det,acl,det,2.0,0.0,8.096379299177407e-06,0.0,-8.096379299177407e-06,8.096379299177407e-06,-100.0
xcomp->prt,xcomp,prt,2.0,0.0,8.096379299177407e-06,0.0,-8.096379299177407e-06,8.096379299177407e-06,-100.0
oprd->cc,oprd,cc,2.0,0.0,8.096379299177407e-06,0.0,-8.096379299177407e-06,8.096379299177407e-06,-100.0
prep->parataxis,prep,parataxis,2.0,0.0,8.096379299177407e-06,0.0,-8.096379299177407e-06,8.096379299177407e-06,-100.0
amod->mark,amod,mark,2.0,0.0,8.096379299177407e-06,0.0,-8.096379299177407e-06,8.096379299177407e-06,-100.0
nsubjpass->nsubj,nsubjpass,nsubj,2.0,0.0,8.096379299177407e-06,0.0,-8.096379299177407e-06,8.096379299177407e-06,-100.0
amod->relcl,amod,relcl,2.0,0.0,8.096379299177407e-06,0.0,-8.096379299177407e-06,8.096379299177407e-06,-100.0
dobj->prt,dobj,prt,2.0,0.0,8.096379299177407e-06,0.0,-8.096379299177407e-06,8.096379299177407e-06,-100.0
prep->compound,prep,compound,2.0,0.0,8.096379299177407e-06,0.0,-8.096379299177407e-06,8.096379299177407e-06,-100.0
preconj->compound,preconj,compound,2.0,0.0,8.096379299177407e-06,0.0,-8.096379299177407e-06,8.096379299177407e-06,-100.0
amod->case,amod,case,2.0,0.0,8.096379299177407e-06,0.0,-8.096379299177407e-06,8.096379299177407e-06,-100.0
intj->appos,intj,appos,2.0,0.0,8.096379299177407e-06,0.0,-8.096379299177407e-06,8.096379299177407e-06,-100.0
preconj->npadvmod,preconj,npadvmod,2.0,0.0,8.096379299177407e-06,0.0,-8.096379299177407e-06,8.096379299177407e-06,-100.0
appos->case,appos,case,2.0,0.0,8.096379299177407e-06,0.0,-8.096379299177407e-06,8.096379299177407e-06,-100.0
csubj->appos,csubj,appos,2.0,0.0,8.096379299177407e-06,0.0,-8.096379299177407e-06,8.096379299177407e-06,-100.0
dep->ccomp,dep,ccomp,2.0,0.0,8.096379299177407e-06,0.0,-8.096379299177407e-06,8.096379299177407e-06,-100.0
parataxis->nmod,parataxis,nmod,2.0,0.0,8.096379299177407e-06,0.0,-8.096379299177407e-06,8.096379299177407e-06,-100.0
parataxis->attr,parataxis,attr,2.0,0.0,8.096379299177407e-06,0.0,-8.096379299177407e-06,8.096379299177407e-06,-100.0
parataxis->npadvmod,parataxis,npadvmod,2.0,0.0,8.096379299177407e-06,0.0,-8.096379299177407e-06,8.096379299177407e-06,-100.0
parataxis->prep,parataxis,prep,2.0,0.0,8.096379299177407e-06,0.0,-8.096379299177407e-06,8.096379299177407e-06,-100.0
prep->preconj,prep,preconj,2.0,0.0,8.096379299177407e-06,0.0,-8.096379299177407e-06,8.096379299177407e-06,-100.0
ROOT->pcomp,ROOT,pcomp,36.0,22.0,0.00014573482738519333,0.00013781093592417893,-7.923891461014394e-06,7.923891461014394e-06,-5.437198234071166
dep->conj,dep,conj,29.0,20.0,0.00011739749983807241,0.00012528266902198085,7.885169183908443e-06,7.885169183908443e-06,6.716641491330342
pcomp->amod,pcomp,amod,12.0,9.0,4.857827579506445e-05,5.637720105989138e-05,7.79892526482693e-06,7.79892526482693e-06,16.05434762182173
nummod->compound,nummod,compound,12.0,9.0,4.857827579506445e-05,5.637720105989138e-05,7.79892526482693e-06,7.79892526482693e-06,16.05434762182173
dobj->npadvmod,dobj,npadvmod,5.0,2.0,2.024094824794352e-05,1.2528266902198084e-05,-7.712681345745437e-06,7.712681345745437e-06,-38.104347935028414
csubj->aux,csubj,aux,5.0,2.0,2.024094824794352e-05,1.2528266902198084e-05,-7.712681345745437e-06,7.712681345745437e-06,-38.104347935028414
advcl->ccomp,advcl,ccomp,5.0,2.0,2.024094824794352e-05,1.2528266902198084e-05,-7.712681345745437e-06,7.712681345745437e-06,-38.104347935028414
acl->prt,acl,prt,5.0,2.0,2.024094824794352e-05,1.2528266902198084e-05,-7.712681345745437e-06,7.712681345745437e-06,-38.104347935028414
oprd->prep,oprd,prep,5.0,2.0,2.024094824794352e-05,1.2528266902198084e-05,-7.712681345745437e-06,7.712681345745437e-06,-38.104347935028414
attr->amod,attr,amod,87.0,55.0,0.00035219249951421724,0.0003445273398104473,-7.665159703769918e-06,7.665159703769918e-06,-2.1764119662805292
xcomp->advcl,xcomp,advcl,9.0,7.0,3.643370684629833e-05,4.3848934157693295e-05,7.415227311394963e-06,7.415227311394963e-06,20.352656793000328
amod->neg,amod,neg,8.0,4.0,3.238551719670963e-05,2.5056533804396168e-05,-7.328983392313461e-06,7.328983392313461e-06,-22.630434918785507
acl->conj,acl,conj,57.0,38.0,0.00023074681002655613,0.0002380370711417636,7.2902611152074654e-06,7.2902611152074654e-06,3.1594201082859805
nsubj->amod,nsubj,amod,2131.0,1376.0,0.008626692143273528,0.008619447628712282,-7.244514561246043e-06,7.244514561246043e-06,-0.08397789605712072
npadvmod->appos,npadvmod,appos,11.0,6.0,4.4530086145475744e-05,3.7584800706594254e-05,-6.94528543888149e-06,6.94528543888149e-06,-15.596838093220557
attr->acl,attr,acl,11.0,6.0,4.4530086145475744e-05,3.7584800706594254e-05,-6.94528543888149e-06,6.94528543888149e-06,-15.596838093220557
advmod->cc,advmod,cc,20.0,14.0,8.096379299177408e-05,8.769786831538659e-05,6.734075323612507e-06,6.734075323612507e-06,8.31739111370028
prep->dep,prep,dep,3.0,3.0,1.2144568948766112e-05,1.8792400353297127e-05,6.647831404531015e-06,6.647831404531015e-06,54.739130162428985
acomp->compound,acomp,compound,3.0,3.0,1.2144568948766112e-05,1.8792400353297127e-05,6.647831404531015e-06,6.647831404531015e-06,54.739130162428985
appos->meta,appos,meta,3.0,3.0,1.2144568948766112e-05,1.8792400353297127e-05,6.647831404531015e-06,6.647831404531015e-06,54.739130162428985
csubj->conj,csubj,conj,3.0,3.0,1.2144568948766112e-05,1.8792400353297127e-05,6.647831404531015e-06,6.647831404531015e-06,54.739130162428985
appos->advcl,appos,advcl,3.0,3.0,1.2144568948766112e-05,1.8792400353297127e-05,6.647831404531015e-06,6.647831404531015e-06,54.739130162428985
acl->oprd,acl,oprd,3.0,3.0,1.2144568948766112e-05,1.8792400353297127e-05,6.647831404531015e-06,6.647831404531015e-06,54.739130162428985
npadvmod->cc,npadvmod,cc,17.0,12.0,6.881922404300796e-05,7.516960141318851e-05,6.350377370180547e-06,6.350377370180547e-06,9.227621291126349
aux->intj,aux,intj,0.0,1.0,0.0,6.264133451099042e-06,6.264133451099042e-06,6.264133451099042e-06,
aux->neg,aux,neg,0.0,1.0,0.0,6.264133451099042e-06,6.264133451099042e-06,6.264133451099042e-06,
quantmod->meta,quantmod,meta,0.0,1.0,0.0,6.264133451099042e-06,6.264133451099042e-06,6.264133451099042e-06,
xcomp->nummod,xcomp,nummod,0.0,1.0,0.0,6.264133451099042e-06,6.264133451099042e-06,6.264133451099042e-06,
advcl->appos,advcl,appos,0.0,1.0,0.0,6.264133451099042e-06,6.264133451099042e-06,6.264133451099042e-06,
ROOT->predet,ROOT,predet,0.0,1.0,0.0,6.264133451099042e-06,6.264133451099042e-06,6.264133451099042e-06,
appos->dep,appos,dep,0.0,1.0,0.0,6.264133451099042e-06,6.264133451099042e-06,6.264133451099042e-06,
nsubj->mark,nsubj,mark,0.0,1.0,0.0,6.264133451099042e-06,6.264133451099042e-06,6.264133451099042e-06,
attr->case,attr,case,0.0,1.0,0.0,6.264133451099042e-06,6.264133451099042e-06,6.264133451099042e-06,
nummod->case,nummod,case,0.0,1.0,0.0,6.264133451099042e-06,6.264133451099042e-06,6.264133451099042e-06,
csubj->oprd,csubj,oprd,0.0,1.0,0.0,6.264133451099042e-06,6.264133451099042e-06,6.264133451099042e-06,
ccomp->dep,ccomp,dep,0.0,1.0,0.0,6.264133451099042e-06,6.264133451099042e-06,6.264133451099042e-06,
csubj->prt,csubj,prt,0.0,1.0,0.0,6.264133451099042e-06,6.264133451099042e-06,6.264133451099042e-06,
dative->det,dative,det,0.0,1.0,0.0,6.264133451099042e-06,6.264133451099042e-06,6.264133451099042e-06,
dative->appos,dative,appos,0.0,1.0,0.0,6.264133451099042e-06,6.264133451099042e-06,6.264133451099042e-06,
csubjpass->advcl,csubjpass,advcl,0.0,1.0,0.0,6.264133451099042e-06,6.264133451099042e-06,6.264133451099042e-06,
auxpass->advmod,auxpass,advmod,0.0,1.0,0.0,6.264133451099042e-06,6.264133451099042e-06,6.264133451099042e-06,
cc->amod,cc,amod,0.0,1.0,0.0,6.264133451099042e-06,6.264133451099042e-06,6.264133451099042e-06,
cc->cc,cc,cc,0.0,1.0,0.0,6.264133451099042e-06,6.264133451099042e-06,6.264133451099042e-06,
pobj->pobj,pobj,pobj,0.0,1.0,0.0,6.264133451099042e-06,6.264133451099042e-06,6.264133451099042e-06,
csubj->compound,csubj,compound,0.0,1.0,0.0,6.264133451099042e-06,6.264133451099042e-06,6.264133451099042e-06,
csubj->neg,csubj,neg,0.0,1.0,0.0,6.264133451099042e-06,6.264133451099042e-06,6.264133451099042e-06,
csubj->det,csubj,det,0.0,1.0,0.0,6.264133451099042e-06,6.264133451099042e-06,6.264133451099042e-06,
poss->poss,poss,poss,0.0,1.0,0.0,6.264133451099042e-06,6.264133451099042e-06,6.264133451099042e-06,
dobj->intj,dobj,intj,0.0,1.0,0.0,6.264133451099042e-06,6.264133451099042e-06,6.264133451099042e-06,
det->prep,det,prep,0.0,1.0,0.0,6.264133451099042e-06,6.264133451099042e-06,6.264133451099042e-06,
dep->intj,dep,intj,0.0,1.0,0.0,6.264133451099042e-06,6.264133451099042e-06,6.264133451099042e-06,
preconj->prt,preconj,prt,0.0,1.0,0.0,6.264133451099042e-06,6.264133451099042e-06,6.264133451099042e-06,
dep->neg,dep,neg,0.0,1.0,0.0,6.264133451099042e-06,6.264133451099042e-06,6.264133451099042e-06,
preconj->quantmod,preconj,quantmod,0.0,1.0,0.0,6.264133451099042e-06,6.264133451099042e-06,6.264133451099042e-06,
prep->acl,prep,acl,0.0,1.0,0.0,6.264133451099042e-06,6.264133451099042e-06,6.264133451099042e-06,
nummod->prt,nummod,prt,0.0,1.0,0.0,6.264133451099042e-06,6.264133451099042e-06,6.264133451099042e-06,
pcomp->appos,pcomp,appos,0.0,1.0,0.0,6.264133451099042e-06,6.264133451099042e-06,6.264133451099042e-06,
oprd->det,oprd,det,0.0,1.0,0.0,6.264133451099042e-06,6.264133451099042e-06,6.264133451099042e-06,
det->appos,det,appos,0.0,1.0,0.0,6.264133451099042e-06,6.264133451099042e-06,6.264133451099042e-06,
compound->csubj,compound,csubj,0.0,1.0,0.0,6.264133451099042e-06,6.264133451099042e-06,6.264133451099042e-06,
oprd->dobj,oprd,dobj,0.0,1.0,0.0,6.264133451099042e-06,6.264133451099042e-06,6.264133451099042e-06,
appos->intj,appos,intj,0.0,1.0,0.0,6.264133451099042e-06,6.264133451099042e-06,6.264133451099042e-06,
amod->meta,amod,meta,0.0,1.0,0.0,6.264133451099042e-06,6.264133451099042e-06,6.264133451099042e-06,
relcl->nmod,relcl,nmod,0.0,1.0,0.0,6.264133451099042e-06,6.264133451099042e-06,6.264133451099042e-06,
npadvmod->poss,npadvmod,poss,0.0,1.0,0.0,6.264133451099042e-06,6.264133451099042e-06,6.264133451099042e-06,
advmod->appos,advmod,appos,0.0,1.0,0.0,6.264133451099042e-06,6.264133451099042e-06,6.264133451099042e-06,
nsubjpass->nummod,nsubjpass,nummod,0.0,1.0,0.0,6.264133451099042e-06,6.264133451099042e-06,6.264133451099042e-06,
meta->prep,meta,prep,0.0,1.0,0.0,6.264133451099042e-06,6.264133451099042e-06,6.264133451099042e-06,
nmod->acomp,nmod,acomp,0.0,1.0,0.0,6.264133451099042e-06,6.264133451099042e-06,6.264133451099042e-06,
poss->acl,poss,acl,0.0,1.0,0.0,6.264133451099042e-06,6.264133451099042e-06,6.264133451099042e-06,
nsubjpass->dep,nsubjpass,dep,0.0,1.0,0.0,6.264133451099042e-06,6.264133451099042e-06,6.264133451099042e-06,
advcl->acl,advcl,acl,0.0,1.0,0.0,6.264133451099042e-06,6.264133451099042e-06,6.264133451099042e-06,
poss->conj,poss,conj,0.0,1.0,0.0,6.264133451099042e-06,6.264133451099042e-06,6.264133451099042e-06,
nmod->aux,nmod,aux,0.0,1.0,0.0,6.264133451099042e-06,6.264133451099042e-06,6.264133451099042e-06,
nmod->parataxis,nmod,parataxis,0.0,1.0,0.0,6.264133451099042e-06,6.264133451099042e-06,6.264133451099042e-06,
nmod->neg,nmod,neg,0.0,1.0,0.0,6.264133451099042e-06,6.264133451099042e-06,6.264133451099042e-06,
poss->cc,poss,cc,0.0,1.0,0.0,6.264133451099042e-06,6.264133451099042e-06,6.264133451099042e-06,
advcl->nmod,advcl,nmod,0.0,1.0,0.0,6.264133451099042e-06,6.264133451099042e-06,6.264133451099042e-06,
advcl->parataxis,advcl,parataxis,0.0,1.0,0.0,6.264133451099042e-06,6.264133451099042e-06,6.264133451099042e-06,
advmod->pobj,advmod,pobj,0.0,1.0,0.0,6.264133451099042e-06,6.264133451099042e-06,6.264133451099042e-06,
xcomp->auxpass,xcomp,auxpass,0.0,1.0,0.0,6.264133451099042e-06,6.264133451099042e-06,6.264133451099042e-06,
advmod->xcomp,advmod,xcomp,0.0,1.0,0.0,6.264133451099042e-06,6.264133451099042e-06,6.264133451099042e-06,
attr->predet,attr,predet,0.0,1.0,0.0,6.264133451099042e-06,6.264133451099042e-06,6.264133451099042e-06,
acl->pcomp,acl,pcomp,0.0,1.0,0.0,6.264133451099042e-06,6.264133451099042e-06,6.264133451099042e-06,
nmod->xcomp,nmod,xcomp,0.0,1.0,0.0,6.264133451099042e-06,6.264133451099042e-06,6.264133451099042e-06,
nsubj->dep,nsubj,dep,0.0,1.0,0.0,6.264133451099042e-06,6.264133451099042e-06,6.264133451099042e-06,
acomp->nsubj,acomp,nsubj,3.0,1.0,1.2144568948766112e-05,6.264133451099042e-06,-5.88043549766707e-06,5.88043549766707e-06,-48.42028994585701
ROOT->preconj,ROOT,preconj,3.0,1.0,1.2144568948766112e-05,6.264133451099042e-06,-5.88043549766707e-06,5.88043549766707e-06,-48.42028994585701
aux->attr,aux,attr,3.0,1.0,1.2144568948766112e-05,6.264133451099042e-06,-5.88043549766707e-06,5.88043549766707e-06,-48.42028994585701
amod->quantmod,amod,quantmod,3.0,1.0,1.2144568948766112e-05,6.264133451099042e-06,-5.88043549766707e-06,5.88043549766707e-06,-48.42028994585701
ccomp->npadvmod,ccomp,npadvmod,3.0,1.0,1.2144568948766112e-05,6.264133451099042e-06,-5.88043549766707e-06,5.88043549766707e-06,-48.42028994585701
relcl->compound,relcl,compound,3.0,1.0,1.2144568948766112e-05,6.264133451099042e-06,-5.88043549766707e-06,5.88043549766707e-06,-48.42028994585701
ccomp->prt,ccomp,prt,3.0,1.0,1.2144568948766112e-05,6.264133451099042e-06,-5.88043549766707e-06,5.88043549766707e-06,-48.42028994585701
npadvmod->det,npadvmod,det,45.0,30.0,0.00018216853423149167,0.00018792400353297126,5.7554693014795965e-06,5.7554693014795965e-06,3.1594201082859907
ROOT->oprd,ROOT,oprd,11.0,8.0,4.4530086145475744e-05,5.0113067608792337e-05,5.582981463316592e-06,5.582981463316592e-06,12.537549209039252
attr->conj,attr,conj,6.0,3.0,2.4289137897532224e-05,1.8792400353297127e-05,-5.496737544235097e-06,5.496737544235097e-06,-22.630434918785507
conj->relcl,conj,relcl,6.0,3.0,2.4289137897532224e-05,1.8792400353297127e-05,-5.496737544235097e-06,5.496737544235097e-06,-22.630434918785507
amod->pobj,amod,pobj,6.0,3.0,2.4289137897532224e-05,1.8792400353297127e-05,-5.496737544235097e-06,5.496737544235097e-06,-22.630434918785507
csubj->nsubj,csubj,nsubj,9.0,5.0,3.643370684629833e-05,3.132066725549521e-05,-5.113039590803119e-06,5.113039590803119e-06,-14.033816576428332
acl->ccomp,acl,ccomp,5.0,4.0,2.024094824794352e-05,2.5056533804396168e-05,4.8155855564526474e-06,4.8155855564526474e-06,23.791304129943175
dobj->nsubj,dobj,nsubj,5.0,4.0,2.024094824794352e-05,2.5056533804396168e-05,4.8155855564526474e-06,4.8155855564526474e-06,23.791304129943175
conj->case,conj,case,2.0,2.0,8.096379299177407e-06,1.2528266902198084e-05,4.431887603020677e-06,4.431887603020677e-06,54.739130162428985
conj->quantmod,conj,quantmod,2.0,2.0,8.096379299177407e-06,1.2528266902198084e-05,4.431887603020677e-06,4.431887603020677e-06,54.739130162428985
nmod->dep,nmod,dep,2.0,2.0,8.096379299177407e-06,1.2528266902198084e-05,4.431887603020677e-06,4.431887603020677e-06,54.739130162428985
acl->dep,acl,dep,2.0,2.0,8.096379299177407e-06,1.2528266902198084e-05,4.431887603020677e-06,4.431887603020677e-06,54.739130162428985
pobj->advcl,pobj,advcl,2.0,2.0,8.096379299177407e-06,1.2528266902198084e-05,4.431887603020677e-06,4.431887603020677e-06,54.739130162428985
pobj->parataxis,pobj,parataxis,2.0,2.0,8.096379299177407e-06,1.2528266902198084e-05,4.431887603020677e-06,4.431887603020677e-06,54.739130162428985
dobj->predet,dobj,predet,2.0,2.0,8.096379299177407e-06,1.2528266902198084e-05,4.431887603020677e-06,4.431887603020677e-06,54.739130162428985
pobj->preconj,pobj,preconj,2.0,2.0,8.096379299177407e-06,1.2528266902198084e-05,4.431887603020677e-06,4.431887603020677e-06,54.739130162428985
acl->auxpass,acl,auxpass,2.0,2.0,8.096379299177407e-06,1.2528266902198084e-05,4.431887603020677e-06,4.431887603020677e-06,54.739130162428985
advmod->neg,advmod,neg,2.0,2.0,8.096379299177407e-06,1.2528266902198084e-05,4.431887603020677e-06,4.431887603020677e-06,54.739130162428985
acl->csubj,acl,csubj,2.0,2.0,8.096379299177407e-06,1.2528266902198084e-05,4.431887603020677e-06,4.431887603020677e-06,54.739130162428985
conj->nsubjpass,conj,nsubjpass,2.0,2.0,8.096379299177407e-06,1.2528266902198084e-05,4.431887603020677e-06,4.431887603020677e-06,54.739130162428985
csubj->amod,csubj,amod,2.0,2.0,8.096379299177407e-06,1.2528266902198084e-05,4.431887603020677e-06,4.431887603020677e-06,54.739130162428985
xcomp->attr,xcomp,attr,1.0,0.0,4.048189649588704e-06,0.0,-4.048189649588704e-06,4.048189649588704e-06,-100.0
xcomp->dative,xcomp,dative,1.0,0.0,4.048189649588704e-06,0.0,-4.048189649588704e-06,4.048189649588704e-06,-100.0
xcomp->neg,xcomp,neg,1.0,0.0,4.048189649588704e-06,0.0,-4.048189649588704e-06,4.048189649588704e-06,-100.0
pcomp->neg,pcomp,neg,1.0,0.0,4.048189649588704e-06,0.0,-4.048189649588704e-06,4.048189649588704e-06,-100.0
pcomp->nummod,pcomp,nummod,1.0,0.0,4.048189649588704e-06,0.0,-4.048189649588704e-06,4.048189649588704e-06,-100.0
pobj->acomp,pobj,acomp,1.0,0.0,4.048189649588704e-06,0.0,-4.048189649588704e-06,4.048189649588704e-06,-100.0
relcl->dative,relcl,dative,1.0,0.0,4.048189649588704e-06,0.0,-4.048189649588704e-06,4.048189649588704e-06,-100.0
advmod->nsubj,advmod,nsubj,1.0,0.0,4.048189649588704e-06,0.0,-4.048189649588704e-06,4.048189649588704e-06,-100.0
attr->preconj,attr,preconj,1.0,0.0,4.048189649588704e-06,0.0,-4.048189649588704e-06,4.048189649588704e-06,-100.0
npadvmod->dep,npadvmod,dep,1.0,0.0,4.048189649588704e-06,0.0,-4.048189649588704e-06,4.048189649588704e-06,-100.0
nsubj->xcomp,nsubj,xcomp,1.0,0.0,4.048189649588704e-06,0.0,-4.048189649588704e-06,4.048189649588704e-06,-100.0
agent->amod,agent,amod,1.0,0.0,4.048189649588704e-06,0.0,-4.048189649588704e-06,4.048189649588704e-06,-100.0
nmod->intj,nmod,intj,1.0,0.0,4.048189649588704e-06,0.0,-4.048189649588704e-06,4.048189649588704e-06,-100.0
amod->ccomp,amod,ccomp,1.0,0.0,4.048189649588704e-06,0.0,-4.048189649588704e-06,4.048189649588704e-06,-100.0
acomp->acl,acomp,acl,1.0,0.0,4.048189649588704e-06,0.0,-4.048189649588704e-06,4.048189649588704e-06,-100.0
relcl->dep,relcl,dep,1.0,0.0,4.048189649588704e-06,0.0,-4.048189649588704e-06,4.048189649588704e-06,-100.0
prt->pcomp,prt,pcomp,1.0,0.0,4.048189649588704e-06,0.0,-4.048189649588704e-06,4.048189649588704e-06,-100.0
auxpass->attr,auxpass,attr,1.0,0.0,4.048189649588704e-06,0.0,-4.048189649588704e-06,4.048189649588704e-06,-100.0
advmod->aux,advmod,aux,1.0,0.0,4.048189649588704e-06,0.0,-4.048189649588704e-06,4.048189649588704e-06,-100.0
advmod->det,advmod,det,1.0,0.0,4.048189649588704e-06,0.0,-4.048189649588704e-06,4.048189649588704e-06,-100.0
advmod->acl,advmod,acl,1.0,0.0,4.048189649588704e-06,0.0,-4.048189649588704e-06,4.048189649588704e-06,-100.0
nsubj->intj,nsubj,intj,1.0,0.0,4.048189649588704e-06,0.0,-4.048189649588704e-06,4.048189649588704e-06,-100.0
advmod->dobj,advmod,dobj,1.0,0.0,4.048189649588704e-06,0.0,-4.048189649588704e-06,4.048189649588704e-06,-100.0
ccomp->nmod,ccomp,nmod,1.0,0.0,4.048189649588704e-06,0.0,-4.048189649588704e-06,4.048189649588704e-06,-100.0
dobj->parataxis,dobj,parataxis,1.0,0.0,4.048189649588704e-06,0.0,-4.048189649588704e-06,4.048189649588704e-06,-100.0
nsubjpass->advmod,nsubjpass,advmod,1.0,0.0,4.048189649588704e-06,0.0,-4.048189649588704e-06,4.048189649588704e-06,-100.0
nsubjpass->aux,nsubjpass,aux,1.0,0.0,4.048189649588704e-06,0.0,-4.048189649588704e-06,4.048189649588704e-06,-100.0
nsubjpass->neg,nsubjpass,neg,1.0,0.0,4.048189649588704e-06,0.0,-4.048189649588704e-06,4.048189649588704e-06,-100.0
advcl->nummod,advcl,nummod,1.0,0.0,4.048189649588704e-06,0.0,-4.048189649588704e-06,4.048189649588704e-06,-100.0
nsubj->pobj,nsubj,pobj,1.0,0.0,4.048189649588704e-06,0.0,-4.048189649588704e-06,4.048189649588704e-06,-100.0
conj->dative,conj,dative,1.0,0.0,4.048189649588704e-06,0.0,-4.048189649588704e-06,4.048189649588704e-06,-100.0
conj->preconj,conj,preconj,1.0,0.0,4.048189649588704e-06,0.0,-4.048189649588704e-06,4.048189649588704e-06,-100.0
agent->cc,agent,cc,1.0,0.0,4.048189649588704e-06,0.0,-4.048189649588704e-06,4.048189649588704e-06,-100.0
pobj->agent,pobj,agent,1.0,0.0,4.048189649588704e-06,0.0,-4.048189649588704e-06,4.048189649588704e-06,-100.0
acomp->pcomp,acomp,pcomp,1.0,0.0,4.048189649588704e-06,0.0,-4.048189649588704e-06,4.048189649588704e-06,-100.0
acomp->preconj,acomp,preconj,1.0,0.0,4.048189649588704e-06,0.0,-4.048189649588704e-06,4.048189649588704e-06,-100.0
intj->compound,intj,compound,1.0,0.0,4.048189649588704e-06,0.0,-4.048189649588704e-06,4.048189649588704e-06,-100.0
intj->dobj,intj,dobj,1.0,0.0,4.048189649588704e-06,0.0,-4.048189649588704e-06,4.048189649588704e-06,-100.0
mark->pobj,mark,pobj,1.0,0.0,4.048189649588704e-06,0.0,-4.048189649588704e-06,4.048189649588704e-06,-100.0
intj->intj,intj,intj,1.0,0.0,4.048189649588704e-06,0.0,-4.048189649588704e-06,4.048189649588704e-06,-100.0
csubj->npadvmod,csubj,npadvmod,1.0,0.0,4.048189649588704e-06,0.0,-4.048189649588704e-06,4.048189649588704e-06,-100.0
attr->prt,attr,prt,1.0,0.0,4.048189649588704e-06,0.0,-4.048189649588704e-06,4.048189649588704e-06,-100.0
det->advmod,det,advmod,1.0,0.0,4.048189649588704e-06,0.0,-4.048189649588704e-06,4.048189649588704e-06,-100.0
csubj->dep,csubj,dep,1.0,0.0,4.048189649588704e-06,0.0,-4.048189649588704e-06,4.048189649588704e-06,-100.0
amod->parataxis,amod,parataxis,1.0,0.0,4.048189649588704e-06,0.0,-4.048189649588704e-06,4.048189649588704e-06,-100.0
compound->neg,compound,neg,1.0,0.0,4.048189649588704e-06,0.0,-4.048189649588704e-06,4.048189649588704e-06,-100.0
compound->intj,compound,intj,1.0,0.0,4.048189649588704e-06,0.0,-4.048189649588704e-06,4.048189649588704e-06,-100.0
compound->cc,compound,cc,1.0,0.0,4.048189649588704e-06,0.0,-4.048189649588704e-06,4.048189649588704e-06,-100.0
compound->advcl,compound,advcl,1.0,0.0,4.048189649588704e-06,0.0,-4.048189649588704e-06,4.048189649588704e-06,-100.0
ccomp->relcl,ccomp,relcl,1.0,0.0,4.048189649588704e-06,0.0,-4.048189649588704e-06,4.048189649588704e-06,-100.0
oprd->conj,oprd,conj,1.0,0.0,4.048189649588704e-06,0.0,-4.048189649588704e-06,4.048189649588704e-06,-100.0
parataxis->appos,parataxis,appos,1.0,0.0,4.048189649588704e-06,0.0,-4.048189649588704e-06,4.048189649588704e-06,-100.0
aux->appos,aux,appos,1.0,0.0,4.048189649588704e-06,0.0,-4.048189649588704e-06,4.048189649588704e-06,-100.0
attr->quantmod,attr,quantmod,1.0,0.0,4.048189649588704e-06,0.0,-4.048189649588704e-06,4.048189649588704e-06,-100.0
pobj->predet,pobj,predet,1.0,0.0,4.048189649588704e-06,0.0,-4.048189649588704e-06,4.048189649588704e-06,-100.0
intj->advmod,intj,advmod,1.0,0.0,4.048189649588704e-06,0.0,-4.048189649588704e-06,4.048189649588704e-06,-100.0
det->amod,det,amod,1.0,0.0,4.048189649588704e-06,0.0,-4.048189649588704e-06,4.048189649588704e-06,-100.0
det->conj,det,conj,1.0,0.0,4.048189649588704e-06,0.0,-4.048189649588704e-06,4.048189649588704e-06,-100.0
pcomp->attr,pcomp,attr,1.0,0.0,4.048189649588704e-06,0.0,-4.048189649588704e-06,4.048189649588704e-06,-100.0
pcomp->case,pcomp,case,1.0,0.0,4.048189649588704e-06,0.0,-4.048189649588704e-06,4.048189649588704e-06,-100.0
nummod->det,nummod,det,1.0,0.0,4.048189649588704e-06,0.0,-4.048189649588704e-06,4.048189649588704e-06,-100.0
pcomp->agent,pcomp,agent,1.0,0.0,4.048189649588704e-06,0.0,-4.048189649588704e-06,4.048189649588704e-06,-100.0
prep->aux,prep,aux,1.0,0.0,4.048189649588704e-06,0.0,-4.048189649588704e-06,4.048189649588704e-06,-100.0
appos->attr,appos,attr,1.0,0.0,4.048189649588704e-06,0.0,-4.048189649588704e-06,4.048189649588704e-06,-100.0
pcomp->dep,pcomp,dep,1.0,0.0,4.048189649588704e-06,0.0,-4.048189649588704e-06,4.048189649588704e-06,-100.0
advcl->intj,advcl,intj,1.0,0.0,4.048189649588704e-06,0.0,-4.048189649588704e-06,4.048189649588704e-06,-100.0
appos->mark,appos,mark,1.0,0.0,4.048189649588704e-06,0.0,-4.048189649588704e-06,4.048189649588704e-06,-100.0
advcl->dep,advcl,dep,1.0,0.0,4.048189649588704e-06,0.0,-4.048189649588704e-06,4.048189649588704e-06,-100.0
csubj->pcomp,csubj,pcomp,1.0,0.0,4.048189649588704e-06,0.0,-4.048189649588704e-06,4.048189649588704e-06,-100.0
dep->aux,dep,aux,1.0,0.0,4.048189649588704e-06,0.0,-4.048189649588704e-06,4.048189649588704e-06,-100.0
parataxis->neg,parataxis,neg,1.0,0.0,4.048189649588704e-06,0.0,-4.048189649588704e-06,4.048189649588704e-06,-100.0
dep->pobj,dep,pobj,1.0,0.0,4.048189649588704e-06,0.0,-4.048189649588704e-06,4.048189649588704e-06,-100.0
dative->dobj,dative,dobj,1.0,0.0,4.048189649588704e-06,0.0,-4.048189649588704e-06,4.048189649588704e-06,-100.0
dative->nummod,dative,nummod,1.0,0.0,4.048189649588704e-06,0.0,-4.048189649588704e-06,4.048189649588704e-06,-100.0
csubjpass->nsubj,csubjpass,nsubj,1.0,0.0,4.048189649588704e-06,0.0,-4.048189649588704e-06,4.048189649588704e-06,-100.0
csubjpass->aux,csubjpass,aux,1.0,0.0,4.048189649588704e-06,0.0,-4.048189649588704e-06,4.048189649588704e-06,-100.0
csubj->attr,csubj,attr,1.0,0.0,4.048189649588704e-06,0.0,-4.048189649588704e-06,4.048189649588704e-06,-100.0
case->compound,case,compound,1.0,0.0,4.048189649588704e-06,0.0,-4.048189649588704e-06,4.048189649588704e-06,-100.0
attr->acomp,attr,acomp,1.0,0.0,4.048189649588704e-06,0.0,-4.048189649588704e-06,4.048189649588704e-06,-100.0
appos->prt,appos,prt,1.0,0.0,4.048189649588704e-06,0.0,-4.048189649588704e-06,4.048189649588704e-06,-100.0
appos->parataxis,appos,parataxis,1.0,0.0,4.048189649588704e-06,0.0,-4.048189649588704e-06,4.048189649588704e-06,-100.0
cc->prep,cc,prep,1.0,0.0,4.048189649588704e-06,0.0,-4.048189649588704e-06,4.048189649588704e-06,-100.0
aux->det,aux,det,1.0,0.0,4.048189649588704e-06,0.0,-4.048189649588704e-06,4.048189649588704e-06,-100.0
acomp->parataxis,acomp,parataxis,1.0,0.0,4.048189649588704e-06,0.0,-4.048189649588704e-06,4.048189649588704e-06,-100.0
acomp->neg,acomp,neg,1.0,0.0,4.048189649588704e-06,0.0,-4.048189649588704e-06,4.048189649588704e-06,-100.0
acomp->dobj,acomp,dobj,1.0,0.0,4.048189649588704e-06,0.0,-4.048189649588704e-06,4.048189649588704e-06,-100.0
acomp->ccomp,acomp,ccomp,1.0,0.0,4.048189649588704e-06,0.0,-4.048189649588704e-06,4.048189649588704e-06,-100.0
quantmod->nmod,quantmod,nmod,1.0,0.0,4.048189649588704e-06,0.0,-4.048189649588704e-06,4.048189649588704e-06,-100.0
xcomp->conj,xcomp,conj,18.0,11.0,7.286741369259666e-05,6.890546796208947e-05,-3.961945730507197e-06,3.961945730507197e-06,-5.437198234071166
oprd->amod,oprd,amod,4.0,2.0,1.6192758598354815e-05,1.2528266902198084e-05,-3.6644916961567305e-06,3.6644916961567305e-06,-22.630434918785507
advcl->npadvmod,advcl,npadvmod,4.0,2.0,1.6192758598354815e-05,1.2528266902198084e-05,-3.6644916961567305e-06,3.6644916961567305e-06,-22.630434918785507
csubjpass->dobj,csubjpass,dobj,4.0,2.0,1.6192758598354815e-05,1.2528266902198084e-05,-3.6644916961567305e-06,3.6644916961567305e-06,-22.630434918785507
dep->relcl,dep,relcl,4.0,2.0,1.6192758598354815e-05,1.2528266902198084e-05,-3.6644916961567305e-06,3.6644916961567305e-06,-22.630434918785507
nmod->case,nmod,case,4.0,2.0,1.6192758598354815e-05,1.2528266902198084e-05,-3.6644916961567305e-06,3.6644916961567305e-06,-22.630434918785507
attr->nummod,attr,nummod,4.0,2.0,1.6192758598354815e-05,1.2528266902198084e-05,-3.6644916961567305e-06,3.6644916961567305e-06,-22.630434918785507
amod->nmod,amod,nmod,38.0,24.0,0.00015383120668437076,0.00015033920282637702,-3.4920038579937447e-06,3.4920038579937447e-06,-2.270023055308018
nmod->nsubj,nmod,nsubj,7.0,4.0,2.8337327547120926e-05,2.5056533804396168e-05,-3.280793742724758e-06,3.280793742724758e-06,-11.577639907183437
advcl->nsubjpass,advcl,nsubjpass,7.0,4.0,2.8337327547120926e-05,2.5056533804396168e-05,-3.280793742724758e-06,3.280793742724758e-06,-11.577639907183437
advcl->auxpass,advcl,auxpass,7.0,4.0,2.8337327547120926e-05,2.5056533804396168e-05,-3.280793742724758e-06,3.280793742724758e-06,-11.577639907183437
advmod->npadvmod,advmod,npadvmod,4.0,3.0,1.6192758598354815e-05,1.8792400353297127e-05,2.5996417549423124e-06,2.5996417549423124e-06,16.054347621821744
npadvmod->relcl,npadvmod,relcl,4.0,3.0,1.6192758598354815e-05,1.8792400353297127e-05,2.5996417549423124e-06,2.5996417549423124e-06,16.054347621821744
compound->poss,compound,poss,4.0,3.0,1.6192758598354815e-05,1.8792400353297127e-05,2.5996417549423124e-06,2.5996417549423124e-06,16.054347621821744
poss->nummod,poss,nummod,4.0,3.0,1.6192758598354815e-05,1.8792400353297127e-05,2.5996417549423124e-06,2.5996417549423124e-06,16.054347621821744
relcl->neg,relcl,neg,1.0,1.0,4.048189649588704e-06,6.264133451099042e-06,2.2159438015103384e-06,2.2159438015103384e-06,54.739130162428985
relcl->det,relcl,det,1.0,1.0,4.048189649588704e-06,6.264133451099042e-06,2.2159438015103384e-06,2.2159438015103384e-06,54.739130162428985
parataxis->dobj,parataxis,dobj,1.0,1.0,4.048189649588704e-06,6.264133451099042e-06,2.2159438015103384e-06,2.2159438015103384e-06,54.739130162428985
acomp->appos,acomp,appos,1.0,1.0,4.048189649588704e-06,6.264133451099042e-06,2.2159438015103384e-06,2.2159438015103384e-06,54.739130162428985
ccomp->expl,ccomp,expl,1.0,1.0,4.048189649588704e-06,6.264133451099042e-06,2.2159438015103384e-06,2.2159438015103384e-06,54.739130162428985
ccomp->agent,ccomp,agent,1.0,1.0,4.048189649588704e-06,6.264133451099042e-06,2.2159438015103384e-06,2.2159438015103384e-06,54.739130162428985
ccomp->appos,ccomp,appos,1.0,1.0,4.048189649588704e-06,6.264133451099042e-06,2.2159438015103384e-06,2.2159438015103384e-06,54.739130162428985
aux->aux,aux,aux,1.0,1.0,4.048189649588704e-06,6.264133451099042e-06,2.2159438015103384e-06,2.2159438015103384e-06,54.739130162428985
attr->dobj,attr,dobj,1.0,1.0,4.048189649588704e-06,6.264133451099042e-06,2.2159438015103384e-06,2.2159438015103384e-06,54.739130162428985
compound->preconj,compound,preconj,1.0,1.0,4.048189649588704e-06,6.264133451099042e-06,2.2159438015103384e-06,2.2159438015103384e-06,54.739130162428985
csubj->ccomp,csubj,ccomp,1.0,1.0,4.048189649588704e-06,6.264133451099042e-06,2.2159438015103384e-06,2.2159438015103384e-06,54.739130162428985
prep->nummod,prep,nummod,1.0,1.0,4.048189649588704e-06,6.264133451099042e-06,2.2159438015103384e-06,2.2159438015103384e-06,54.739130162428985
csubjpass->prep,csubjpass,prep,1.0,1.0,4.048189649588704e-06,6.264133451099042e-06,2.2159438015103384e-06,2.2159438015103384e-06,54.739130162428985
parataxis->advmod,parataxis,advmod,1.0,1.0,4.048189649588704e-06,6.264133451099042e-06,2.2159438015103384e-06,2.2159438015103384e-06,54.739130162428985
oprd->appos,oprd,appos,1.0,1.0,4.048189649588704e-06,6.264133451099042e-06,2.2159438015103384e-06,2.2159438015103384e-06,54.739130162428985
oprd->advmod,oprd,advmod,1.0,1.0,4.048189649588704e-06,6.264133451099042e-06,2.2159438015103384e-06,2.2159438015103384e-06,54.739130162428985
nsubj->meta,nsubj,meta,1.0,1.0,4.048189649588704e-06,6.264133451099042e-06,2.2159438015103384e-06,2.2159438015103384e-06,54.739130162428985
dep->dep,dep,dep,1.0,1.0,4.048189649588704e-06,6.264133451099042e-06,2.2159438015103384e-06,2.2159438015103384e-06,54.739130162428985
det->cc,det,cc,1.0,1.0,4.048189649588704e-06,6.264133451099042e-06,2.2159438015103384e-06,2.2159438015103384e-06,54.739130162428985
dep->meta,dep,meta,1.0,1.0,4.048189649588704e-06,6.264133451099042e-06,2.2159438015103384e-06,2.2159438015103384e-06,54.739130162428985
prep->intj,prep,intj,1.0,1.0,4.048189649588704e-06,6.264133451099042e-06,2.2159438015103384e-06,2.2159438015103384e-06,54.739130162428985
appos->preconj,appos,preconj,1.0,1.0,4.048189649588704e-06,6.264133451099042e-06,2.2159438015103384e-06,2.2159438015103384e-06,54.739130162428985
compound->quantmod,compound,quantmod,1.0,1.0,4.048189649588704e-06,6.264133451099042e-06,2.2159438015103384e-06,2.2159438015103384e-06,54.739130162428985
conj->ccomp,conj,ccomp,1.0,1.0,4.048189649588704e-06,6.264133451099042e-06,2.2159438015103384e-06,2.2159438015103384e-06,54.739130162428985
dep->npadvmod,dep,npadvmod,1.0,1.0,4.048189649588704e-06,6.264133451099042e-06,2.2159438015103384e-06,2.2159438015103384e-06,54.739130162428985
advcl->oprd,advcl,oprd,1.0,1.0,4.048189649588704e-06,6.264133451099042e-06,2.2159438015103384e-06,2.2159438015103384e-06,54.739130162428985
acl->nmod,acl,nmod,1.0,1.0,4.048189649588704e-06,6.264133451099042e-06,2.2159438015103384e-06,2.2159438015103384e-06,54.739130162428985
relcl->agent,relcl,agent,1.0,1.0,4.048189649588704e-06,6.264133451099042e-06,2.2159438015103384e-06,2.2159438015103384e-06,54.739130162428985
dative->amod,dative,amod,1.0,1.0,4.048189649588704e-06,6.264133451099042e-06,2.2159438015103384e-06,2.2159438015103384e-06,54.739130162428985
appos->csubj,appos,csubj,1.0,1.0,4.048189649588704e-06,6.264133451099042e-06,2.2159438015103384e-06,2.2159438015103384e-06,54.739130162428985
dative->pobj,dative,pobj,1.0,1.0,4.048189649588704e-06,6.264133451099042e-06,2.2159438015103384e-06,2.2159438015103384e-06,54.739130162428985
advcl->attr,advcl,attr,2.0,1.0,8.096379299177407e-06,6.264133451099042e-06,-1.8322458480783653e-06,1.8322458480783653e-06,-22.630434918785507
nsubj->preconj,nsubj,preconj,2.0,1.0,8.096379299177407e-06,6.264133451099042e-06,-1.8322458480783653e-06,1.8322458480783653e-06,-22.630434918785507
prep->npadvmod,prep,npadvmod,2.0,1.0,8.096379299177407e-06,6.264133451099042e-06,-1.8322458480783653e-06,1.8322458480783653e-06,-22.630434918785507
appos->xcomp,appos,xcomp,2.0,1.0,8.096379299177407e-06,6.264133451099042e-06,-1.8322458480783653e-06,1.8322458480783653e-06,-22.630434918785507
pobj->xcomp,pobj,xcomp,2.0,1.0,8.096379299177407e-06,6.264133451099042e-06,-1.8322458480783653e-06,1.8322458480783653e-06,-22.630434918785507
aux->pobj,aux,pobj,2.0,1.0,8.096379299177407e-06,6.264133451099042e-06,-1.8322458480783653e-06,1.8322458480783653e-06,-22.630434918785507
aux->dobj,aux,dobj,2.0,1.0,8.096379299177407e-06,6.264133451099042e-06,-1.8322458480783653e-06,1.8322458480783653e-06,-22.630434918785507
acl->neg,acl,neg,2.0,1.0,8.096379299177407e-06,6.264133451099042e-06,-1.8322458480783653e-06,1.8322458480783653e-06,-22.630434918785507
poss->appos,poss,appos,2.0,1.0,8.096379299177407e-06,6.264133451099042e-06,-1.8322458480783653e-06,1.8322458480783653e-06,-22.630434918785507
advcl->prt,advcl,prt,2.0,1.0,8.096379299177407e-06,6.264133451099042e-06,-1.8322458480783653e-06,1.8322458480783653e-06,-22.630434918785507
dep->xcomp,dep,xcomp,2.0,1.0,8.096379299177407e-06,6.264133451099042e-06,-1.8322458480783653e-06,1.8322458480783653e-06,-22.630434918785507
det->preconj,det,preconj,2.0,1.0,8.096379299177407e-06,6.264133451099042e-06,-1.8322458480783653e-06,1.8322458480783653e-06,-22.630434918785507
prep->nmod,prep,nmod,2.0,1.0,8.096379299177407e-06,6.264133451099042e-06,-1.8322458480783653e-06,1.8322458480783653e-06,-22.630434918785507
aux->advmod,aux,advmod,2.0,1.0,8.096379299177407e-06,6.264133451099042e-06,-1.8322458480783653e-06,1.8322458480783653e-06,-22.630434918785507
nsubjpass->poss,nsubjpass,poss,2.0,1.0,8.096379299177407e-06,6.264133451099042e-06,-1.8322458480783653e-06,1.8322458480783653e-06,-22.630434918785507
preconj->nmod,preconj,nmod,2.0,1.0,8.096379299177407e-06,6.264133451099042e-06,-1.8322458480783653e-06,1.8322458480783653e-06,-22.630434918785507
pcomp->cc,pcomp,cc,63.0,41.0,0.00025503594792408837,0.00025682947149506074,1.7935235709723722e-06,1.7935235709723722e-06,0.7032434390410781
advmod->conj,advmod,conj,12.0,8.0,4.857827579506445e-05,5.0113067608792337e-05,1.5347918137278892e-06,1.5347918137278892e-06,3.159420108285984
ccomp->xcomp,ccomp,xcomp,5.0,3.0,2.024094824794352e-05,1.8792400353297127e-05,-1.4485478946463938e-06,1.4485478946463938e-06,-7.1565219025426146
dobj->advmod,dobj,advmod,5.0,3.0,2.024094824794352e-05,1.8792400353297127e-05,-1.4485478946463938e-06,1.4485478946463938e-06,-7.1565219025426146
acl->npadvmod,acl,npadvmod,9.0,6.0,3.643370684629833e-05,3.7584800706594254e-05,1.151093860295922e-06,1.151093860295922e-06,3.1594201082859987
advcl->advcl,advcl,advcl,8.0,5.0,3.238551719670963e-05,3.132066725549521e-05,-1.0648499412144164e-06,1.0648499412144164e-06,-3.2880436484818754
acomp->npadvmod,acomp,npadvmod,8.0,5.0,3.238551719670963e-05,3.132066725549521e-05,-1.0648499412144164e-06,1.0648499412144164e-06,-3.2880436484818754
preconj->conj,preconj,conj,8.0,5.0,3.238551719670963e-05,3.132066725549521e-05,-1.0648499412144164e-06,1.0648499412144164e-06,-3.2880436484818754
pcomp->aux,pcomp,aux,8.0,5.0,3.238551719670963e-05,3.132066725549521e-05,-1.0648499412144164e-06,1.0648499412144164e-06,-3.2880436484818754
acomp->amod,acomp,amod,6.0,4.0,2.4289137897532224e-05,2.5056533804396168e-05,7.673959068639446e-07,7.673959068639446e-07,3.159420108285984
amod->appos,amod,appos,11.0,7.0,4.4530086145475744e-05,4.3848934157693295e-05,-6.811519877824492e-07,6.811519877824492e-07,-1.5296444420906519
amod->det,amod,det,11.0,7.0,4.4530086145475744e-05,4.3848934157693295e-05,-6.811519877824492e-07,6.811519877824492e-07,-1.5296444420906519
acl->cc,acl,cc,62.0,40.0,0.00025098775827449966,0.0002505653380439617,-4.224202305379526e-07,4.224202305379526e-07,-0.16830312101356001
relcl->npadvmod,relcl,npadvmod,3.0,2.0,1.2144568948766112e-05,1.2528266902198084e-05,3.836979534319723e-07,3.836979534319723e-07,3.159420108285984
ROOT->csubjpass,ROOT,csubjpass,3.0,2.0,1.2144568948766112e-05,1.2528266902198084e-05,3.836979534319723e-07,3.836979534319723e-07,3.159420108285984
parataxis->compound,parataxis,compound,3.0,2.0,1.2144568948766112e-05,1.2528266902198084e-05,3.836979534319723e-07,3.836979534319723e-07,3.159420108285984
amod->acl,amod,acl,3.0,2.0,1.2144568948766112e-05,1.2528266902198084e-05,3.836979534319723e-07,3.836979534319723e-07,3.159420108285984
dobj->advcl,dobj,advcl,3.0,2.0,1.2144568948766112e-05,1.2528266902198084e-05,3.836979534319723e-07,3.836979534319723e-07,3.159420108285984
dep->nsubj,dep,nsubj,3.0,2.0,1.2144568948766112e-05,1.2528266902198084e-05,3.836979534319723e-07,3.836979534319723e-07,3.159420108285984
csubj->cc,csubj,cc,3.0,2.0,1.2144568948766112e-05,1.2528266902198084e-05,3.836979534319723e-07,3.836979534319723e-07,3.159420108285984
compound->nsubj,compound,nsubj,17.0,11.0,6.881922404300796e-05,6.890546796208947e-05,8.624391908150562e-08,8.624391908150562e-08,0.12531951686582263
