topic_id,title_count,title_share,topic_label
0,94233,0.8176044423235435,"learning, data, models, networks, bayesian, neural, regression"
1,6804,0.05903431521409049,"data, forecasting, using, learning, model, prediction, time"
2,5078,0.04405882608129799,"brain, data, learning, using, health, disease, analysis"
3,4277,0.03710901913149104,"language, language models, speech, learning, models, text, neural"
4,2441,0.021179124549911065,"covid, 19, covid 19, epidemic, data, disease, pandemic"
6,790,0.006854366404928203,"attacks, learning, malware, detection, adversarial, cyber, machine learning"
8,760,0.006594074009804347,"distribution, weibull, distributions, test, weibull distribution, estimation, based"
5,440,0.003817621795149885,"hawkes, hawkes processes, processes, hawkes process, process, time, multivariate hawkes"
7,431,0.0037395340766127284,"arm identification, best arm, arm, best, identification, bandits, optimal"
-1,1,8.676413170795193e-06,-1 (outliers)
