model_spec,outcome,feature,family,standardized_coefficient,bootstrap_ci_low,bootstrap_ci_high,bootstrap_selection_frequency,grouped_permutation_mse_increase,alpha,l1_ratio,grouped_cv_r2,n_documents
total_association,ari_complexity,dep_bigram__prep->pobj,dependency bigram,-0.009683576369351372,-0.013119226754134362,-0.005854056449135164,1.0,0.00014560507543858844,0.019898762333635318,0.1,0.45122609684412174,638937
total_association,ari_complexity,dep_bigram__pobj->amod,dependency bigram,0.21123409820090172,0.20863455252351054,0.21352080816956434,1.0,0.09115180892349457,0.019898762333635318,0.1,0.45122609684412174,638937
total_association,ari_complexity,dep_bigram__dobj->amod,dependency bigram,0.16972466359246902,0.16735732979448484,0.17189119632175706,1.0,0.05892409228821148,0.019898762333635318,0.1,0.45122609684412174,638937
total_association,ari_complexity,dep_bigram__pobj->det,dependency bigram,-0.05946138391519076,-0.06231461007026683,-0.05729297602949755,1.0,0.00792357348095853,0.019898762333635318,0.1,0.45122609684412174,638937
total_association,ari_complexity,dep_bigram__ROOT->nsubj,dependency bigram,-0.4790856484823817,-0.4822497952772455,-0.47653612019683333,1.0,0.4641254432246063,0.019898762333635318,0.1,0.45122609684412174,638937
total_association,ari_complexity,dep_bigram__pobj->compound,dependency bigram,0.07817428522582673,0.07554665821206948,0.08042691702969647,1.0,0.012693559848911896,0.019898762333635318,0.1,0.45122609684412174,638937
total_association,ari_complexity,dep_bigram__dobj->det,dependency bigram,-0.060457228129342136,-0.06277238569144969,-0.058087669788527516,1.0,0.008013796115732622,0.019898762333635318,0.1,0.45122609684412174,638937
total_association,ari_complexity,dep_bigram__dobj->prep,dependency bigram,0.031377503244565765,0.029123353550894487,0.033464210876831414,1.0,0.0020828743049367128,0.019898762333635318,0.1,0.45122609684412174,638937
total_association,ari_complexity,dep_bigram__pobj->prep,dependency bigram,0.03353958632035078,0.030759624270024054,0.03620408607448106,1.0,0.0017228969363328652,0.019898762333635318,0.1,0.45122609684412174,638937
total_association,ari_complexity,dep_bigram__ROOT->dobj,dependency bigram,-0.033145216476670555,-0.03578700086088954,-0.0304350448881272,1.0,0.0021462261834497955,0.019898762333635318,0.1,0.45122609684412174,638937
total_association,ari_complexity,dep_bigram__ROOT->prep,dependency bigram,-0.08972318272842317,-0.09195913732028711,-0.08784856860300433,1.0,0.01698986531257953,0.019898762333635318,0.1,0.45122609684412174,638937
total_association,ari_complexity,dep_bigram__dobj->compound,dependency bigram,0.04768802854576621,0.045497416605133074,0.05013564490637985,1.0,0.005331245584571138,0.019898762333635318,0.1,0.45122609684412174,638937
total_association,ari_complexity,dep_bigram__nsubj->amod,dependency bigram,0.08775968902795413,0.08617237021242301,0.08989428053545225,1.0,0.01645557289040279,0.019898762333635318,0.1,0.45122609684412174,638937
total_association,ari_complexity,dep_bigram__nsubj->det,dependency bigram,-0.010458357631985566,-0.01231114842953389,-0.00886715199000311,1.0,0.00032089873558656113,0.019898762333635318,0.1,0.45122609684412174,638937
total_association,ari_complexity,dep_bigram__ROOT->advmod,dependency bigram,0.004070789559141209,0.0025398682941177027,0.0058992626775797655,1.0,4.249270555789053e-05,0.019898762333635318,0.1,0.45122609684412174,638937
total_association,ari_complexity,dep_bigram__advcl->dobj,dependency bigram,0.09356106736001601,0.09084351728777222,0.09591141918590025,1.0,0.017859343836904896,0.019898762333635318,0.1,0.45122609684412174,638937
total_association,ari_complexity,dep_bigram__ROOT->advcl,dependency bigram,0.02201248438541576,0.020060837558774466,0.023994900277146156,1.0,0.0012701677492737986,0.019898762333635318,0.1,0.45122609684412174,638937
total_association,ari_complexity,dep_bigram__compound->amod,dependency bigram,0.08536396725694675,0.08349256462272299,0.08710775500548018,1.0,0.01545140833162841,0.019898762333635318,0.1,0.45122609684412174,638937
total_association,ari_complexity,dep_bigram__compound->compound,dependency bigram,0.057586549016656725,0.05549969983263802,0.060030550379107456,1.0,0.007113547814413019,0.019898762333635318,0.1,0.45122609684412174,638937
total_association,ari_complexity,dep_bigram__pobj->conj,dependency bigram,0.07112428336953318,0.06763687340497183,0.07514006981808205,1.0,0.010793024097462245,0.019898762333635318,0.1,0.45122609684412174,638937
total_association,ari_complexity,dep_bigram__prep->pcomp,dependency bigram,0.04077513635535186,0.03793128058628575,0.0442501503538836,1.0,0.0033218283463209183,0.019898762333635318,0.1,0.45122609684412174,638937
total_association,ari_complexity,dep_bigram__conj->amod,dependency bigram,0.1132642123951847,0.11145295350187902,0.11477195962420501,1.0,0.026872870588058352,0.019898762333635318,0.1,0.45122609684412174,638937
total_association,ari_complexity,dep_bigram__relcl->nsubj,dependency bigram,0.07264259330739882,0.07118227170654515,0.07473906215580277,1.0,0.010760992433988264,0.019898762333635318,0.1,0.45122609684412174,638937
total_association,ari_complexity,dep_bigram__pobj->cc,dependency bigram,-0.022034830029322654,-0.026101712105901162,-0.019458018879397892,1.0,0.0009933109431373266,0.019898762333635318,0.1,0.45122609684412174,638937
total_association,ari_complexity,dep_bigram__conj->prep,dependency bigram,0.0,0.0,0.0007191566141102438,0.16,-9.380994921825981e-06,0.019898762333635318,0.1,0.45122609684412174,638937
total_association,ari_complexity,dep_bigram__pcomp->dobj,dependency bigram,0.05174650300847839,0.04797221795924452,0.054778798835201634,1.0,0.005429201695798387,0.019898762333635318,0.1,0.45122609684412174,638937
total_association,ari_complexity,dep_bigram__conj->dobj,dependency bigram,0.07723651021415902,0.07538428067150993,0.079257173935843,1.0,0.012474001197264063,0.019898762333635318,0.1,0.45122609684412174,638937
total_association,ari_complexity,dep_bigram__nsubj->compound,dependency bigram,0.028576892422305808,0.02599539449502297,0.03050402528578911,1.0,0.00200188955502969,0.019898762333635318,0.1,0.45122609684412174,638937
total_association,ari_complexity,dep_bigram__ccomp->nsubj,dependency bigram,0.036565043664937597,0.033517827394125836,0.03960307264035405,1.0,0.0027624890441397335,0.019898762333635318,0.1,0.45122609684412174,638937
total_association,ari_complexity,dep_bigram__ROOT->conj,dependency bigram,-0.003930896445973754,-0.007658521772907943,-0.0,0.88,6.305713374614276e-05,0.019898762333635318,0.1,0.45122609684412174,638937
total_association,ari_complexity,dep_bigram__conj->compound,dependency bigram,0.06848230968646958,0.06630582714726457,0.07052243902499909,1.0,0.010233164079666514,0.019898762333635318,0.1,0.45122609684412174,638937
total_association,ari_complexity,dep_bigram__amod->npadvmod,dependency bigram,0.10063940761886599,0.09892447575072336,0.1028084310464363,1.0,0.02160277472558028,0.019898762333635318,0.1,0.45122609684412174,638937
total_association,ari_complexity,dep_bigram__xcomp->aux,dependency bigram,-0.026555886410107064,-0.028825859431597805,-0.02359352906447384,1.0,0.0016704425782561483,0.019898762333635318,0.1,0.45122609684412174,638937
total_association,ari_complexity,dep_bigram__ROOT->ccomp,dependency bigram,-0.03082269279983382,-0.03429972363050423,-0.02677293396163028,1.0,0.0021566506937002973,0.019898762333635318,0.1,0.45122609684412174,638937
total_association,ari_complexity,dep_bigram__nsubj->prep,dependency bigram,0.005902935690521797,0.004603618702234658,0.008011131415750007,1.0,7.426083914726433e-05,0.019898762333635318,0.1,0.45122609684412174,638937
total_association,ari_complexity,dep_bigram__xcomp->dobj,dependency bigram,0.0018514855188766896,0.0,0.004130766714235489,0.88,-1.9666245826055595e-07,0.019898762333635318,0.1,0.45122609684412174,638937
total_association,ari_complexity,dep_bigram__ROOT->auxpass,dependency bigram,-0.2542328440949971,-0.26277271955421183,-0.24976983018336354,1.0,0.13191874525122116,0.019898762333635318,0.1,0.45122609684412174,638937
total_association,ari_complexity,dep_bigram__ROOT->nsubjpass,dependency bigram,-0.08200095886732724,-0.08663332491862127,-0.07437562445227139,1.0,0.014468576565911224,0.019898762333635318,0.1,0.45122609684412174,638937
total_association,ari_complexity,dep_bigram__amod->advmod,dependency bigram,0.035048850965830186,0.0328239222591081,0.036777383749818635,1.0,0.0026892321300470367,0.019898762333635318,0.1,0.45122609684412174,638937
total_association,ari_complexity,dep_bigram__ROOT->cc,dependency bigram,-0.020896040100821456,-0.025584292500201892,-0.016865693957214517,1.0,0.0009155564757633572,0.019898762333635318,0.1,0.45122609684412174,638937
total_association,fkgl_complexity,dep_bigram__prep->pobj,dependency bigram,-0.022683511211708803,-0.027002310609096615,-0.01839216636502574,1.0,0.001202822863772206,0.012315309497685731,0.1,0.3899431927669056,638937
total_association,fkgl_complexity,dep_bigram__pobj->amod,dependency bigram,0.23814324754149482,0.235733431027515,0.24113945768215553,1.0,0.11480113923311064,0.012315309497685731,0.1,0.3899431927669056,638937
total_association,fkgl_complexity,dep_bigram__dobj->amod,dependency bigram,0.17961786782729877,0.1772244708176367,0.18163421704307534,1.0,0.06553079130648723,0.012315309497685731,0.1,0.3899431927669056,638937
total_association,fkgl_complexity,dep_bigram__pobj->det,dependency bigram,-0.01709581646469984,-0.019859913876354912,-0.014889997152640283,1.0,0.0007388777630150934,0.012315309497685731,0.1,0.3899431927669056,638937
total_association,fkgl_complexity,dep_bigram__ROOT->nsubj,dependency bigram,-0.43018566879955034,-0.43349252199652943,-0.42681260981708846,1.0,0.37102405241435343,0.012315309497685731,0.1,0.3899431927669056,638937
total_association,fkgl_complexity,dep_bigram__pobj->compound,dependency bigram,0.08227731216744395,0.07949957565899192,0.08495644801853354,1.0,0.013914491882159229,0.012315309497685731,0.1,0.3899431927669056,638937
total_association,fkgl_complexity,dep_bigram__dobj->det,dependency bigram,-0.01843175744258383,-0.020845288246958034,-0.016149624685801285,1.0,0.0008829715885584832,0.012315309497685731,0.1,0.3899431927669056,638937
total_association,fkgl_complexity,dep_bigram__dobj->prep,dependency bigram,0.05605039707656532,0.05349636950074799,0.05887694752180129,1.0,0.006400567558964982,0.012315309497685731,0.1,0.3899431927669056,638937
total_association,fkgl_complexity,dep_bigram__pobj->prep,dependency bigram,0.08038098689164679,0.077237186955299,0.08405094881947921,1.0,0.011569370768121211,0.012315309497685731,0.1,0.3899431927669056,638937
total_association,fkgl_complexity,dep_bigram__ROOT->dobj,dependency bigram,-0.05121814347292132,-0.054087927745767816,-0.04817773974797115,1.0,0.0049267220379236865,0.012315309497685731,0.1,0.3899431927669056,638937
total_association,fkgl_complexity,dep_bigram__ROOT->prep,dependency bigram,-0.09196404972881472,-0.09438473499468478,-0.0898761105450511,1.0,0.01768836124236105,0.012315309497685731,0.1,0.3899431927669056,638937
total_association,fkgl_complexity,dep_bigram__dobj->compound,dependency bigram,0.04543074947620409,0.043287678566692384,0.04818632388628926,1.0,0.0048044969354608565,0.012315309497685731,0.1,0.3899431927669056,638937
total_association,fkgl_complexity,dep_bigram__nsubj->amod,dependency bigram,0.09060080185026873,0.08894921401233029,0.0928898024316501,1.0,0.017300991698038837,0.012315309497685731,0.1,0.3899431927669056,638937
total_association,fkgl_complexity,dep_bigram__nsubj->det,dependency bigram,0.0,-0.000263293804931475,0.0003180839732192687,0.12,-2.0936432075666645e-05,0.012315309497685731,0.1,0.3899431927669056,638937
total_association,fkgl_complexity,dep_bigram__ROOT->advmod,dependency bigram,0.010918079386988924,0.00892880915464526,0.012944256754209191,1.0,0.0002436688700903389,0.012315309497685731,0.1,0.3899431927669056,638937
total_association,fkgl_complexity,dep_bigram__advcl->dobj,dependency bigram,0.09048974028065537,0.08750337386974726,0.09317687055330841,1.0,0.016954267625550603,0.012315309497685731,0.1,0.3899431927669056,638937
total_association,fkgl_complexity,dep_bigram__ROOT->advcl,dependency bigram,0.027600658659536016,0.024712128947971767,0.03026262283359673,1.0,0.0019364388270878986,0.012315309497685731,0.1,0.3899431927669056,638937
total_association,fkgl_complexity,dep_bigram__compound->amod,dependency bigram,0.07181155277457223,0.0702589329860967,0.07367336153059807,1.0,0.01091952164486771,0.012315309497685731,0.1,0.3899431927669056,638937
total_association,fkgl_complexity,dep_bigram__compound->compound,dependency bigram,0.05163773306895971,0.04974591271794731,0.05396217827190374,1.0,0.005623691326326203,0.012315309497685731,0.1,0.3899431927669056,638937
total_association,fkgl_complexity,dep_bigram__pobj->conj,dependency bigram,0.07462759371535331,0.07202471045381362,0.07890161042353874,1.0,0.011748132084220151,0.012315309497685731,0.1,0.3899431927669056,638937
total_association,fkgl_complexity,dep_bigram__prep->pcomp,dependency bigram,0.060623964609119764,0.057798402851001844,0.06387488913311809,1.0,0.0073005157636319,0.012315309497685731,0.1,0.3899431927669056,638937
total_association,fkgl_complexity,dep_bigram__conj->amod,dependency bigram,0.1182540307169444,0.11595034246508355,0.11986675795985532,1.0,0.029040280062480876,0.012315309497685731,0.1,0.3899431927669056,638937
total_association,fkgl_complexity,dep_bigram__relcl->nsubj,dependency bigram,0.07425991953173408,0.07323048120046631,0.0764894359946511,1.0,0.01111931311111534,0.012315309497685731,0.1,0.3899431927669056,638937
total_association,fkgl_complexity,dep_bigram__pobj->cc,dependency bigram,-0.014589985076872583,-0.018906982655186068,-0.011439226498161417,1.0,0.000414991820132129,0.012315309497685731,0.1,0.3899431927669056,638937
total_association,fkgl_complexity,dep_bigram__conj->prep,dependency bigram,0.009544867942655483,0.007653647148578412,0.011298620483736222,1.0,0.00020232229871809172,0.012315309497685731,0.1,0.3899431927669056,638937
total_association,fkgl_complexity,dep_bigram__pcomp->dobj,dependency bigram,0.055007740369797144,0.0508417568868946,0.05828755857740416,1.0,0.006019940480879083,0.012315309497685731,0.1,0.3899431927669056,638937
total_association,fkgl_complexity,dep_bigram__conj->dobj,dependency bigram,0.08256476899349123,0.08052814025311643,0.08498242574450073,1.0,0.014140990635166398,0.012315309497685731,0.1,0.3899431927669056,638937
total_association,fkgl_complexity,dep_bigram__nsubj->compound,dependency bigram,0.02181999638853394,0.01889227736280917,0.02415103182395463,1.0,0.0012055327565775498,0.012315309497685731,0.1,0.3899431927669056,638937
total_association,fkgl_complexity,dep_bigram__ccomp->nsubj,dependency bigram,0.04061025272945432,0.037808901482885245,0.04337146849152068,1.0,0.0033354084765185106,0.012315309497685731,0.1,0.3899431927669056,638937
total_association,fkgl_complexity,dep_bigram__ROOT->conj,dependency bigram,-0.018461972267137205,-0.022546075666560573,-0.011833428483243955,1.0,0.0007343619020954862,0.012315309497685731,0.1,0.3899431927669056,638937
total_association,fkgl_complexity,dep_bigram__conj->compound,dependency bigram,0.06153001817293317,0.058790526202731584,0.06390853077334305,1.0,0.008232199107996939,0.012315309497685731,0.1,0.3899431927669056,638937
total_association,fkgl_complexity,dep_bigram__amod->npadvmod,dependency bigram,0.05038149946289383,0.04901497680389494,0.05300869971435672,1.0,0.005780755471792616,0.012315309497685731,0.1,0.3899431927669056,638937
total_association,fkgl_complexity,dep_bigram__xcomp->aux,dependency bigram,-0.0,-0.0003790235832505805,-0.0,0.12,-2.0494048255104147e-06,0.012315309497685731,0.1,0.3899431927669056,638937
total_association,fkgl_complexity,dep_bigram__ROOT->ccomp,dependency bigram,-0.03526111185489797,-0.038987817634452096,-0.031485192030804104,1.0,0.0027367524940346355,0.012315309497685731,0.1,0.3899431927669056,638937
total_association,fkgl_complexity,dep_bigram__nsubj->prep,dependency bigram,0.021154303845961255,0.019986165238248012,0.023001420446139748,1.0,0.000888637018894225,0.012315309497685731,0.1,0.3899431927669056,638937
total_association,fkgl_complexity,dep_bigram__xcomp->dobj,dependency bigram,0.00219837951691186,0.0002921812136173724,0.0035483047798667345,0.98,-7.795451884917705e-06,0.012315309497685731,0.1,0.3899431927669056,638937
total_association,fkgl_complexity,dep_bigram__ROOT->auxpass,dependency bigram,-0.23503679035376496,-0.2462417847037404,-0.22970869708349137,1.0,0.11219604874856967,0.012315309497685731,0.1,0.3899431927669056,638937
total_association,fkgl_complexity,dep_bigram__ROOT->nsubjpass,dependency bigram,-0.05265715227487423,-0.05737327768679529,-0.041981000893386855,1.0,0.0061636553107119905,0.012315309497685731,0.1,0.3899431927669056,638937
total_association,fkgl_complexity,dep_bigram__amod->advmod,dependency bigram,0.03288824802019693,0.030939940802187923,0.034363624001235514,1.0,0.002315627563829161,0.012315309497685731,0.1,0.3899431927669056,638937
total_association,fkgl_complexity,dep_bigram__ROOT->cc,dependency bigram,-0.004477015520239817,-0.010532678759253648,-0.0001784396938528259,0.96,-1.700838985558395e-05,0.012315309497685731,0.1,0.3899431927669056,638937
total_association,readability_composite,dep_bigram__prep->pobj,dependency bigram,-0.022750900423695358,-0.02553692499243472,-0.019485784342732935,1.0,0.0012606016854622062,0.02438432060696904,0.1,0.44554596092597354,638937
total_association,readability_composite,dep_bigram__pobj->amod,dependency bigram,0.22978239266026684,0.22767473376072717,0.2321814187602199,1.0,0.10827563594466613,0.02438432060696904,0.1,0.44554596092597354,638937
total_association,readability_composite,dep_bigram__dobj->amod,dependency bigram,0.1914782772288793,0.18943015032344268,0.19322387296858776,1.0,0.07499421956898229,0.02438432060696904,0.1,0.44554596092597354,638937
total_association,readability_composite,dep_bigram__pobj->det,dependency bigram,-0.08424783088158717,-0.08678322392823755,-0.08171821873109353,1.0,0.01504752872525463,0.02438432060696904,0.1,0.44554596092597354,638937
total_association,readability_composite,dep_bigram__ROOT->nsubj,dependency bigram,-0.34956688120744045,-0.3522245670812666,-0.3469159853890379,1.0,0.24863679098371516,0.02438432060696904,0.1,0.44554596092597354,638937
total_association,readability_composite,dep_bigram__pobj->compound,dependency bigram,0.08733676505647013,0.085140305805652,0.08939015648288186,1.0,0.01595322652928574,0.02438432060696904,0.1,0.44554596092597354,638937
total_association,readability_composite,dep_bigram__dobj->det,dependency bigram,-0.053400037209640414,-0.0554175472994268,-0.051430193153738285,1.0,0.006306672652949262,0.02438432060696904,0.1,0.44554596092597354,638937
total_association,readability_composite,dep_bigram__dobj->prep,dependency bigram,0.044150299274431384,0.04191159928496151,0.04626923231419212,1.0,0.004109585294060119,0.02438432060696904,0.1,0.44554596092597354,638937
total_association,readability_composite,dep_bigram__pobj->prep,dependency bigram,0.04644329875069782,0.043690057470764244,0.04897578225847019,1.0,0.0036452936639277357,0.02438432060696904,0.1,0.44554596092597354,638937
total_association,readability_composite,dep_bigram__ROOT->dobj,dependency bigram,-0.014085309855565487,-0.016614825464978836,-0.011194544419421939,1.0,0.00034918404024570694,0.02438432060696904,0.1,0.44554596092597354,638937
total_association,readability_composite,dep_bigram__ROOT->prep,dependency bigram,-0.08090866221464985,-0.08290173496583227,-0.079446465914346,1.0,0.013994378280046096,0.02438432060696904,0.1,0.44554596092597354,638937
total_association,readability_composite,dep_bigram__dobj->compound,dependency bigram,0.06503923275078023,0.06305525285664094,0.06750323600959161,1.0,0.009499401505058281,0.02438432060696904,0.1,0.44554596092597354,638937
total_association,readability_composite,dep_bigram__nsubj->amod,dependency bigram,0.09527008765308273,0.09407327773222388,0.09722049903897424,1.0,0.01941412712262127,0.02438432060696904,0.1,0.44554596092597354,638937
total_association,readability_composite,dep_bigram__nsubj->det,dependency bigram,-0.011219243728567455,-0.01283728844182212,-0.009847947544806553,1.0,0.0003620376161764671,0.02438432060696904,0.1,0.44554596092597354,638937
total_association,readability_composite,dep_bigram__ROOT->advmod,dependency bigram,0.0,0.0,0.001585032899429814,0.54,-1.743388539621196e-07,0.02438432060696904,0.1,0.44554596092597354,638937
total_association,readability_composite,dep_bigram__advcl->dobj,dependency bigram,0.09664902729152107,0.0943577808871777,0.0988617997049405,1.0,0.018885001445396215,0.02438432060696904,0.1,0.44554596092597354,638937
total_association,readability_composite,dep_bigram__ROOT->advcl,dependency bigram,0.02163442426373735,0.01947270644560997,0.023765553113131128,1.0,0.0011660596323072236,0.02438432060696904,0.1,0.44554596092597354,638937
total_association,readability_composite,dep_bigram__compound->amod,dependency bigram,0.07871260449572597,0.07754949835910104,0.08036704508380622,1.0,0.013305878194248846,0.02438432060696904,0.1,0.44554596092597354,638937
total_association,readability_composite,dep_bigram__compound->compound,dependency bigram,0.05214314850184096,0.050626329442980164,0.05431697777654639,1.0,0.005951915830959112,0.02438432060696904,0.1,0.44554596092597354,638937
total_association,readability_composite,dep_bigram__pobj->conj,dependency bigram,0.06380214488014731,0.06097474119129499,0.06696386831330405,1.0,0.008749408432146817,0.02438432060696904,0.1,0.44554596092597354,638937
total_association,readability_composite,dep_bigram__prep->pcomp,dependency bigram,0.03423733032723622,0.031907916684332,0.03756759456438874,1.0,0.0023805198541134963,0.02438432060696904,0.1,0.44554596092597354,638937
total_association,readability_composite,dep_bigram__conj->amod,dependency bigram,0.11625662935290401,0.11433832172921217,0.11773473572673059,1.0,0.028423342475769463,0.02438432060696904,0.1,0.44554596092597354,638937
total_association,readability_composite,dep_bigram__relcl->nsubj,dependency bigram,0.044321249449902615,0.04317081038409665,0.04610450844712297,1.0,0.004054698429544417,0.02438432060696904,0.1,0.44554596092597354,638937
total_association,readability_composite,dep_bigram__pobj->cc,dependency bigram,-0.0148113485480233,-0.018317222663109187,-0.01188204633229912,1.0,0.000469068533190935,0.02438432060696904,0.1,0.44554596092597354,638937
total_association,readability_composite,dep_bigram__conj->prep,dependency bigram,0.0,0.0,0.0,0.0,0.0,0.02438432060696904,0.1,0.44554596092597354,638937
total_association,readability_composite,dep_bigram__pcomp->dobj,dependency bigram,0.0604671000604054,0.05656111760944879,0.0631967264181407,1.0,0.0074822389891232265,0.02438432060696904,0.1,0.44554596092597354,638937
total_association,readability_composite,dep_bigram__conj->dobj,dependency bigram,0.07098808165033454,0.0693055859243903,0.07272946050074444,1.0,0.010661002621623146,0.02438432060696904,0.1,0.44554596092597354,638937
total_association,readability_composite,dep_bigram__nsubj->compound,dependency bigram,0.03067577938090134,0.028295162924885535,0.03260106633146853,1.0,0.0022963207310457423,0.02438432060696904,0.1,0.44554596092597354,638937
total_association,readability_composite,dep_bigram__ccomp->nsubj,dependency bigram,0.009789037135005445,0.007263333900494814,0.012155191606239311,1.0,0.00017314618311491836,0.02438432060696904,0.1,0.44554596092597354,638937
total_association,readability_composite,dep_bigram__ROOT->conj,dependency bigram,-0.007804610783074993,-0.010812695934676382,-0.002805314106981361,1.0,0.000155990107206283,0.02438432060696904,0.1,0.44554596092597354,638937
total_association,readability_composite,dep_bigram__conj->compound,dependency bigram,0.06787888229477047,0.06577568204146444,0.06972533006718362,1.0,0.010073090808129528,0.02438432060696904,0.1,0.44554596092597354,638937
total_association,readability_composite,dep_bigram__amod->npadvmod,dependency bigram,0.07066890171891127,0.0693468584336806,0.07261694635604464,1.0,0.010966086971427536,0.02438432060696904,0.1,0.44554596092597354,638937
total_association,readability_composite,dep_bigram__xcomp->aux,dependency bigram,-0.0331593753899815,-0.03546643044998635,-0.031539302342864596,1.0,0.002532978687229257,0.02438432060696904,0.1,0.44554596092597354,638937
total_association,readability_composite,dep_bigram__ROOT->ccomp,dependency bigram,-0.029544063591300854,-0.032549651344500205,-0.025878293178292378,1.0,0.002018568480318006,0.02438432060696904,0.1,0.44554596092597354,638937
total_association,readability_composite,dep_bigram__nsubj->prep,dependency bigram,0.009998364904576217,0.00888982274763133,0.011484657787876487,1.0,0.00023198578147528572,0.02438432060696904,0.1,0.44554596092597354,638937
total_association,readability_composite,dep_bigram__xcomp->dobj,dependency bigram,0.004040087738036876,0.0021683049616631252,0.006119023072033233,1.0,2.520351656070563e-05,0.02438432060696904,0.1,0.44554596092597354,638937
total_association,readability_composite,dep_bigram__ROOT->auxpass,dependency bigram,-0.16730635570165378,-0.17419371972012312,-0.16413590258184924,1.0,0.05801101437610272,0.02438432060696904,0.1,0.44554596092597354,638937
total_association,readability_composite,dep_bigram__ROOT->nsubjpass,dependency bigram,-0.05335557542354244,-0.05628956933161439,-0.04651002294007266,1.0,0.006354530575655319,0.02438432060696904,0.1,0.44554596092597354,638937
total_association,readability_composite,dep_bigram__amod->advmod,dependency bigram,0.024557013905461975,0.022674358057339458,0.025849119191762592,1.0,0.0013863934018407686,0.02438432060696904,0.1,0.44554596092597354,638937
total_association,readability_composite,dep_bigram__ROOT->cc,dependency bigram,-0.023818800765026415,-0.028280735635414625,-0.020352234780218095,1.0,0.0011891954530058536,0.02438432060696904,0.1,0.44554596092597354,638937
beyond_formula,readability_composite,dep_bigram__prep->pobj,dependency bigram,0.019235445139571903,0.016598615084170782,0.021312901429176,1.0,0.0005458690251560595,0.0006352966654760221,1.0,0.7620639624728153,638937
beyond_formula,readability_composite,dep_bigram__pobj->amod,dependency bigram,0.1251313097256688,0.12317101496819115,0.127262796894831,1.0,0.031395941103263464,0.0006352966654760221,1.0,0.7620639624728153,638937
beyond_formula,readability_composite,dep_bigram__dobj->amod,dependency bigram,0.10263790760318979,0.10130136810355247,0.10422913531104049,1.0,0.021258048773395283,0.0006352966654760221,1.0,0.7620639624728153,638937
beyond_formula,readability_composite,dep_bigram__pobj->det,dependency bigram,0.01300506667408985,0.01085961125583474,0.01526722509868902,1.0,0.00013502969200645978,0.0006352966654760221,1.0,0.7620639624728153,638937
beyond_formula,readability_composite,dep_bigram__ROOT->nsubj,dependency bigram,-0.04690501095814793,-0.06553400044868359,-0.028384594079737563,1.0,0.004298772073800493,0.0006352966654760221,1.0,0.7620639624728153,638937
beyond_formula,readability_composite,dep_bigram__pobj->compound,dependency bigram,0.054601439459133275,0.0531314204414309,0.056197536741316494,1.0,0.006053413672526842,0.0006352966654760221,1.0,0.7620639624728153,638937
beyond_formula,readability_composite,dep_bigram__dobj->det,dependency bigram,-0.006870780998740645,-0.008131134640011459,-0.005882176894066469,1.0,0.00013208770961677384,0.0006352966654760221,1.0,0.7620639624728153,638937
beyond_formula,readability_composite,dep_bigram__dobj->prep,dependency bigram,0.0034132146371376746,0.001464448813664884,0.0045089202092557235,1.0,3.3132117882649355e-05,0.0006352966654760221,1.0,0.7620639624728153,638937
beyond_formula,readability_composite,dep_bigram__pobj->prep,dependency bigram,0.00559024698445857,0.003488386501396586,0.007519766292566532,1.0,3.730677822889823e-08,0.0006352966654760221,1.0,0.7620639624728153,638937
beyond_formula,readability_composite,dep_bigram__ROOT->dobj,dependency bigram,-0.0041664232050176745,-0.007098815227869791,-0.0014560365504218272,1.0,1.0376819441312298e-05,0.0006352966654760221,1.0,0.7620639624728153,638937
beyond_formula,readability_composite,dep_bigram__ROOT->prep,dependency bigram,-0.03754627715213281,-0.0405347851733103,-0.035526736424470275,1.0,0.002928030259437867,0.0006352966654760221,1.0,0.7620639624728153,638937
beyond_formula,readability_composite,dep_bigram__dobj->compound,dependency bigram,0.0369748409890495,0.03537865132903904,0.0384021533985137,1.0,0.0030213192496517335,0.0006352966654760221,1.0,0.7620639624728153,638937
beyond_formula,readability_composite,dep_bigram__nsubj->amod,dependency bigram,0.04849072252307288,0.047271010188762966,0.0502160239819804,1.0,0.004877771557162087,0.0006352966654760221,1.0,0.7620639624728153,638937
beyond_formula,readability_composite,dep_bigram__nsubj->det,dependency bigram,-0.0018425368444451257,-0.0031303863077774717,-0.000543766038262617,1.0,1.225917159371037e-05,0.0006352966654760221,1.0,0.7620639624728153,638937
beyond_formula,readability_composite,dep_bigram__ROOT->advmod,dependency bigram,0.015112816730461246,0.013719031294216616,0.01626266259295194,1.0,0.00045859177823376676,0.0006352966654760221,1.0,0.7620639624728153,638937
beyond_formula,readability_composite,dep_bigram__advcl->dobj,dependency bigram,0.04018389820898285,0.03780081028505298,0.041759001922373314,1.0,0.0034058035765119417,0.0006352966654760221,1.0,0.7620639624728153,638937
beyond_formula,readability_composite,dep_bigram__ROOT->advcl,dependency bigram,0.02875701334444925,0.026887360326734177,0.03024514568847705,1.0,0.0018745013481899031,0.0006352966654760221,1.0,0.7620639624728153,638937
beyond_formula,readability_composite,dep_bigram__compound->amod,dependency bigram,0.06994016105084097,0.0685463295037728,0.07112312963805889,1.0,0.009931107967777202,0.0006352966654760221,1.0,0.7620639624728153,638937
beyond_formula,readability_composite,dep_bigram__compound->compound,dependency bigram,0.04233217510187847,0.041454587273170994,0.04366264329863228,1.0,0.0036877017411381654,0.0006352966654760221,1.0,0.7620639624728153,638937
beyond_formula,readability_composite,dep_bigram__pobj->conj,dependency bigram,0.04059092215966772,0.037877579815187676,0.04340424523817289,1.0,0.00344776315276526,0.0006352966654760221,1.0,0.7620639624728153,638937
beyond_formula,readability_composite,dep_bigram__prep->pcomp,dependency bigram,0.04290446799645173,0.040482031532859813,0.04512876641721995,1.0,0.003673454716656013,0.0006352966654760221,1.0,0.7620639624728153,638937
beyond_formula,readability_composite,dep_bigram__conj->amod,dependency bigram,0.060677150879561395,0.0590152238978744,0.06168681311638069,1.0,0.007623742164148762,0.0006352966654760221,1.0,0.7620639624728153,638937
beyond_formula,readability_composite,dep_bigram__relcl->nsubj,dependency bigram,0.046494046708853425,0.044491406309030715,0.04869854374839093,1.0,0.004273785414072357,0.0006352966654760221,1.0,0.7620639624728153,638937
beyond_formula,readability_composite,dep_bigram__pobj->cc,dependency bigram,-0.009090364832304207,-0.011888042523889543,-0.0072206594652553845,1.0,0.0001522508000864886,0.0006352966654760221,1.0,0.7620639624728153,638937
beyond_formula,readability_composite,dep_bigram__conj->prep,dependency bigram,-0.010872709269934179,-0.01233271489432902,-0.00938115443729526,1.0,0.0002207814424806942,0.0006352966654760221,1.0,0.7620639624728153,638937
beyond_formula,readability_composite,dep_bigram__pcomp->dobj,dependency bigram,0.022862919325877352,0.020908632044250267,0.025301471164250532,1.0,0.0010541657951878825,0.0006352966654760221,1.0,0.7620639624728153,638937
beyond_formula,readability_composite,dep_bigram__conj->dobj,dependency bigram,0.04171922250818184,0.04013089773180192,0.04349180751692252,1.0,0.0036031003251882376,0.0006352966654760221,1.0,0.7620639624728153,638937
beyond_formula,readability_composite,dep_bigram__nsubj->compound,dependency bigram,0.018021949269432534,0.01657692458736549,0.019083285832947088,1.0,0.0007548039145419817,0.0006352966654760221,1.0,0.7620639624728153,638937
beyond_formula,readability_composite,dep_bigram__ccomp->nsubj,dependency bigram,0.001625894334991907,7.54573844563893e-06,0.0034430522905981656,0.96,-8.222869520901899e-06,0.0006352966654760221,1.0,0.7620639624728153,638937
beyond_formula,readability_composite,dep_bigram__ROOT->conj,dependency bigram,-0.021055669193467814,-0.02448389430243741,-0.018155607959904296,1.0,0.0009142383189543281,0.0006352966654760221,1.0,0.7620639624728153,638937
beyond_formula,readability_composite,dep_bigram__conj->compound,dependency bigram,0.03268030098896184,0.0314871073419113,0.0340696701488041,1.0,0.0023076759636548026,0.0006352966654760221,1.0,0.7620639624728153,638937
beyond_formula,readability_composite,dep_bigram__amod->npadvmod,dependency bigram,0.08518703828374417,0.08426581700998152,0.0862316058164723,1.0,0.014887663649300928,0.0006352966654760221,1.0,0.7620639624728153,638937
beyond_formula,readability_composite,dep_bigram__xcomp->aux,dependency bigram,0.01097989827903221,0.009564650267439797,0.01243354517863447,1.0,0.00020326731073713966,0.0006352966654760221,1.0,0.7620639624728153,638937
beyond_formula,readability_composite,dep_bigram__ROOT->ccomp,dependency bigram,0.005563838023367996,0.003817901951596348,0.0076755585034949695,1.0,5.488841873944606e-05,0.0006352966654760221,1.0,0.7620639624728153,638937
beyond_formula,readability_composite,dep_bigram__nsubj->prep,dependency bigram,-0.0011128666368637177,-0.0022624024927571824,-0.00025547650473924197,0.98,9.70075626700928e-06,0.0006352966654760221,1.0,0.7620639624728153,638937
beyond_formula,readability_composite,dep_bigram__xcomp->dobj,dependency bigram,0.009174196905107639,0.007772140092652798,0.010666193848221504,1.0,0.00013935587217488998,0.0006352966654760221,1.0,0.7620639624728153,638937
beyond_formula,readability_composite,dep_bigram__ROOT->auxpass,dependency bigram,-0.015226307174882407,-0.02874511591196051,-0.0021511999171003647,0.98,0.0005900170042326024,0.0006352966654760221,1.0,0.7620639624728153,638937
beyond_formula,readability_composite,dep_bigram__ROOT->nsubjpass,dependency bigram,-0.0,0.0,0.0,0.02,0.0,0.0006352966654760221,1.0,0.7620639624728153,638937
beyond_formula,readability_composite,dep_bigram__amod->advmod,dependency bigram,0.018487234997435806,0.017252402725589623,0.019450490030010502,1.0,0.0007077710216543444,0.0006352966654760221,1.0,0.7620639624728153,638937
beyond_formula,readability_composite,dep_bigram__ROOT->cc,dependency bigram,0.0257234305933867,0.02366036617608905,0.02921922829969532,1.0,0.0013133635631429363,0.0006352966654760221,1.0,0.7620639624728153,638937
